Start Time,End Time,Sentence,Corrected Sentence,Translation,Student_Emotion,Pipeline_Emotion,Core_Pipeline_Emotion,Corrected_Emotion
"00:57:44,000","00:57:47,000","Heb je een vriend? Nee, ik heb geen vriend.","Heb je een vriend? Nee, ik heb geen vriend.",Do you have a friend? No I do not have a friend.,neutral,neutral,neutral,neutral
"00:57:47,000","00:57:50,000","Wil je een single? Ja, ik ben al vier jaar single.","Wil je een single? Ja, ik ben al vier jaar single.","Do you want a single? Yes, I've been single for four years.",neutral,neutral,neutral,neutral
"00:57:50,000","00:57:52,000",Oh. Maar vind je dat...,Oh. Maar vind je dat...,Oh. But do you think that...,neutral,curiosity,neutral,neutral
"00:57:52,000","00:57:55,000","Bewust, niet bewust. Ik vind het goed dat het is.","Bewust, niet bewust. Ik vind het goed dat het is.","Consciously, not consciously. I think it's good that it is.",neutral,realization,surprise,neutral
"00:57:55,000","00:57:57,000",Je gaat er ook niet naar opzoeken? Nee.,Je gaat er ook niet naar opzoeken? Nee.,You're not going to look for it either? No.,neutral,neutral,neutral,neutral
"00:57:57,000","00:57:59,000","Er staat wel voor open, maar het is niet.","Er staat wel voor open, maar het is niet.","It is open to it, but it is not.",neutral,confusion,sadness,sadness
"00:57:59,000","00:58:02,000",Misschien is dat een oprecht om elkaar beter te herkennen.,Misschien is dat een oprecht om elkaar beter te herkennen.,Maybe that is a genuine way to recognize each other better.,neutral,optimism,happiness,neutral
"00:58:02,000","00:58:05,000","We gaan straks een quiz krijgen. Ja, oké.","We gaan straks een quiz krijgen. Ja, oké.","We're going to have a quiz later. Yes, okay.",neutral,excitement,happiness,neutral
"00:58:05,000","00:58:07,000",Jij eerst.,Jij eerst.,You go first.,neutral,neutral,neutral,neutral
"00:58:07,000","00:58:09,000","Jij bent Sonja. Sonja, 26 jaar.","Jij bent Sonja. Sonja, 26 jaar.","You are Sonja. Sonja, 26 years old.",neutral,neutral,neutral,neutral
"00:58:09,000","00:58:11,000",Van Antwerpen. Ja.,Van Antwerpen. Ja.,From Antwerp. Yes.,neutral,neutral,neutral,neutral
"00:58:11,000","00:58:14,000","Jij gaat niet naar KDG. Nee, ik ga naar AP.","Jij gaat niet naar KDG. Nee, ik ga naar AP.","You're not going to KDG. No, I'm going to AP.",neutral,neutral,neutral,neutral
"00:58:14,000","00:58:17,000",Ik studeer lager onderwijs. Mijn laatste jaar.,Ik studeer lager onderwijs. Mijn laatste jaar.,I study primary education. My senior year.,neutral,pride,happiness,neutral
"00:58:17,000","00:58:18,000",Laatste jaar? Ja.,Laatste jaar? Ja.,Last year? Yes.,neutral,neutral,neutral,neutral
"00:58:18,000","00:58:20,000","Jij bent mijn bijvrouw. Ja, ja.","Jij bent mijn bijvrouw. Ja, ja.",You are my concubine. Yes Yes.,neutral,amusement,happiness,happiness
"00:58:21,000","00:58:23,000",Ik ben benieuwd.,Ik ben benieuwd.,I'm curious.,neutral,curiosity,neutral,neutral
"00:58:41,000","00:58:43,000",Hij heeft sowieso mijn pin mee.,Hij heeft sowieso mijn pin mee.,He has my pin anyway.,neutral,neutral,neutral,neutral
"00:58:47,000","00:58:50,000","Let's go, let's go, let's go, let's go, let's go.","Let's go, let's go, let's go, let's go, let's go.","Let's go, let's go, let's go, let's go, let's go.",happiness,excitement,happiness,happiness
"00:58:52,000","00:58:53,000",Ja.,Ja.,And.,neutral,neutral,neutral,neutral
"00:58:55,000","00:58:56,000",Niet doen.,Niet doen.,Do not.,fear,disapproval,disgust,disgust
"00:58:57,000","00:58:58,000",Ik ben de soulmate.,Ik ben de soulmate.,I am the soulmate.,neutral,joy,happiness,happiness
"00:59:11,000","00:59:12,000",Bro!,Bro!,Bro!,surprise,joy,happiness,happiness
"00:59:18,000","00:59:20,000",Ik hoop dat je er blij mee bent.,Ik hoop dat je er blij mee bent.,I hope you are happy with it.,happiness,caring,happiness,happiness
"00:59:21,000","00:59:23,000","Dank je, big brother.","Dank je, big brother.","Thank you, big brother.",happiness,gratitude,happiness,happiness
"00:59:27,000","00:59:28,000",Ah!,Ah!,Ah!,surprise,surprise,surprise,surprise
"00:59:28,000","00:59:31,000",Hij voelde het al kut. Hij kwam als enige met koffer.,Hij voelde het al kut. Hij kwam als enige met koffer.,He already felt bad. He was the only one who came with a suitcase.,sadness,sadness,sadness,sadness
"00:59:31,000","00:59:34,000",Dat voelde hij al kut. Nu heeft hij ook nog geen duo.,Dat voelde hij al kut. Nu heeft hij ook nog geen duo.,He already felt bad about that. Now he doesn't have a duo yet either.,sadness,sadness,sadness,sadness
"00:59:36,000","00:59:37,000",Dank je.,Dank je.,Thank you.,happiness,gratitude,happiness,happiness
"00:59:38,000","00:59:39,000",Dat is moet.,Dat is moet.,That's a must.,neutral,approval,happiness,neutral
"00:59:40,000","00:59:41,000",Dat is geen sleutel.,Dat is geen sleutel.,That's not a key.,neutral,disappointment,sadness,neutral
"00:59:47,000","00:59:49,000",Hallo.,Hallo.,Hallo.,neutral,neutral,neutral,neutral
"01:00:00,000","01:00:03,000","Ja, is ook zo. Maar ja, ik ben een mens-mens, dus iedereen is anders.","Ja, is ook zo. Maar ja, ik ben een mens-mens, dus iedereen is anders.","Yes, that is true. But hey, I'm a human being, so everyone is different.",neutral,realization,surprise,neutral
"01:00:03,000","01:00:05,000",Goed. Let's go.,Goed. Let's go.,Good. Let's go.,neutral,excitement,happiness,happiness
"01:00:05,000","01:00:07,000",Let's go. Even stil.,Let's go. Even stil.,Let's go. Even stil.,neutral,excitement,happiness,happiness
"01:00:07,000","01:00:09,000",Kitsune.,Kitsune.,Kitsune.,neutral,neutral,neutral,neutral
"01:00:10,000","01:00:12,000","Hype, hype.","Hype, hype.","Hype, hype.",happiness,excitement,happiness,happiness
"01:00:13,000","01:00:15,000",Slecht.,Slecht.,Bad.,neutral,disapproval,disgust,neutral
"01:00:19,000","01:00:21,000",Ja.,Ja.,And.,neutral,neutral,neutral,neutral
"01:00:23,000","01:00:25,000",Zie ze.,Zie ze.,See them.,neutral,neutral,neutral,neutral
"01:00:25,000","01:00:27,000",Ja.,Ja.,And.,neutral,neutral,neutral,neutral
"01:00:27,000","01:00:29,000",Ja.,Ja.,And.,neutral,neutral,neutral,neutral
"01:00:40,000","01:00:42,000",Die zit hier.,Die zit hier.,It's here.,neutral,realization,surprise,neutral
"01:00:42,000","01:00:44,000","Ja, die krijgt het wel, hè.","Ja, die krijgt het wel, hè.","Yeah, he'll get it, won't he?",neutral,optimism,happiness,happiness
"00:28:04,000","00:28:06,000","Ik had eigenlijk... Ja, ga wat uitdoen, gelijk.","Ik had eigenlijk... Ja, ga wat uitdoen, gelijk.","I actually… Yeah, go take something off, right.",neutral,realization,surprise,surprise
"00:28:06,000","00:28:09,000","Ik had gewoon... Ik denk inderdaad, laat het gewoon lekker uitdoen.","Ik had gewoon... Ik denk inderdaad, laat het gewoon lekker uitdoen.","I just... I think, just let it go.",neutral,acceptance,neutral,neutral
"00:28:09,000","00:28:10,000","Boeien, we zijn thuis.","Boeien, we zijn thuis.","Never mind, we're home.",neutral,relief,happiness,neutral
"00:28:11,000","00:28:13,000",Maar de normen en waarden van ons...,Maar de normen en waarden van ons...,But the norms and values ​​of our...,neutral,neutral,neutral,neutral
"00:28:13,000","00:28:15,000","Ja, dat zijn allemaal bepaalde dingen.","Ja, dat zijn allemaal bepaalde dingen.","Yes, those are all certain things.",neutral,neutral,neutral,neutral
"00:28:15,000","00:28:18,000",Zeg maar kammen in de keuken kan niet.,Zeg maar kammen in de keuken kan niet.,You can't just comb in the kitchen.,neutral,disapproval,disgust,disgust
"00:28:18,000","00:28:19,000",Nee. Dat moet in de badkamer.,Nee. Dat moet in de badkamer.,No. That has to be in the bathroom.,neutral,approval,happiness,neutral
"00:28:19,000","00:28:24,000","Ja. Harenwassen in de keuken kan niet, zeg maar, onder de kraan.","Ja. Harenwassen in de keuken kan niet, zeg maar, onder de kraan.","Yes. You cannot wash your hair in the kitchen, say, under the tap.",neutral,disapproval,disgust,disgust
"00:28:24,000","00:28:26,000",Ja. Dat is niet.,Ja. Dat is niet.,Yes. That is not.,neutral,disapproval,disgust,neutral
"00:28:26,000","00:28:28,000",Dat moet hygiënisch schoon blijven. Ja.,Dat moet hygiënisch schoon blijven. Ja.,This must remain hygienically clean. Yes.,neutral,approval,happiness,neutral
"00:28:28,000","00:28:30,000",Omdat er eten gemaakt wordt. Ja.,Omdat er eten gemaakt wordt. Ja.,Because food is made. Yes.,neutral,neutral,neutral,neutral
"00:28:30,000","00:28:35,000","Maar andersom ook. Als ik, zeg maar, merk dat jij ergens last van hebt...","Maar andersom ook. Als ik, zeg maar, merk dat jij ergens last van hebt...","But also the other way around. If, say, I notice that something is bothering you...",neutral,caring,happiness,happiness
"00:28:35,000","00:28:37,000",dan zou ik de rekeningskap mee houden.,dan zou ik de rekening mee houden.,then I would take that into account.,neutral,caring,happiness,neutral
"00:28:37,000","00:28:39,000",Dat jij niet in die situatie komt. Ja.,Dat jij niet in die situatie komt. Ja.,That you don't end up in that situation. Yes.,neutral,caring,happiness,happiness
"00:28:39,000","00:28:41,000",En ik ook niet in die situatie kom. Ja.,En ik ook niet in die situatie kom. Ja.,And I don't get into that situation either. Yes.,neutral,relief,happiness,happiness
"00:28:41,000","00:28:43,000",Snel naar de volgende bewoner.,Snel naar de volgende bewoner.,Quickly to the next resident.,neutral,excitement,happiness,happiness
"00:28:43,000","00:28:45,000",Ze werkt in de horeca en op een basisschool.,Ze werkt in de horeca en op een basisschool.,She works in the catering industry and at a primary school.,neutral,neutral,neutral,neutral
"00:28:46,000","00:28:50,000",Valt op spierbundels en wordt behoorlijk onvoorspelbaar als ze boos wordt.,Valt op spierbundels en wordt behoorlijk onvoorspelbaar als ze boos wordt.,She has a lot of muscle and becomes quite unpredictable when she gets angry.,neutral,fear,fear,fear
"00:28:50,000","00:28:53,000","Wat dat voor haar medebewoner zal betekenen, dat gaan we zien.","Wat dat voor haar medebewoner zal betekenen, dat gaan we zien.",We'll see what that will mean for her fellow resident.,neutral,curiosity,neutral,neutral
"00:28:53,000","00:28:57,000",Sinds 26 jaar komt uit Antwerpen. Hier is Sonja.,Sinds 26 jaar komt uit Antwerpen. Hier is Sonja.,Comes from Antwerp for 26 years. Here's Sonja.,neutral,neutral,neutral,neutral
"00:28:59,000","00:29:00,000",Hey.,Hey.,Hey.,neutral,neutral,neutral,neutral
"00:29:02,000","00:29:04,000","Sonja, welkom. Hallo.","Sonja, welkom. Hallo.","Sonja, welcome. Hello.",neutral,joy,happiness,happiness
"00:29:04,000","00:29:06,000",Uit Antwerpen? Ja.,Uit Antwerpen? Ja.,From Antwerp? Yes.,neutral,neutral,neutral,neutral
"00:29:06,000","00:29:08,000","Klopt, klopt, klopt. Hoe gaat het?","Klopt, klopt, klopt. Hoe gaat het?","Right, right, right. How are you?",neutral,curiosity,neutral,neutral
"00:29:08,000","00:29:11,000",Goed. Ik ben een beetje zenuwachtig. Waarom?,Goed. Ik ben een beetje zenuwachtig. Waarom?,Good. I'm a little bit nervous. Why?,neutral,nervousness,fear,fear
"00:29:11,000","00:29:14,000",Omdat ik gewoon niet weet wat er gaat komen.,Omdat ik gewoon niet weet wat er gaat komen.,Because I just don't know what's coming.,neutral,fear,fear,fear
"00:29:14,000","00:29:18,000","Ik heb gehoord dat als jij boos wordt, het echt uit de hand kan lopen.","Ik heb gehoord dat als jij boos wordt, het echt uit de hand kan lopen.","I've heard that if you get angry, things can really get out of hand.",neutral,fear,fear,fear
"00:29:18,000","00:29:21,000",Ja. Kan je daar iets meer uitleg over geven?,Ja. Kan je daar iets meer uitleg over geven?,Yes. Can you explain a little more about that?,neutral,curiosity,neutral,neutral
"00:29:21,000","00:29:23,000",Ja. Ik probeer altijd wel rustig te blijven.,Ja. Ik probeer altijd wel rustig te blijven.,Yes. I always try to stay calm.,neutral,neutral,neutral,neutral
"00:29:24,000","00:29:27,000","Maar als het echt teveel wordt, als mijn glas vol wordt...","Maar als het echt teveel wordt, als mijn glas vol wordt...","But when it really gets too much, when my glass gets full...",neutral,anger,anger,anger
"00:29:27,000","00:29:28,000",dan kan ik wel...,dan kan ik wel...,then I can...,neutral,anger,anger,neutral
"00:29:30,000","00:29:32,000",We staan hier bij de familie en vrienden van Sonja.,We staan hier bij de familie en vrienden van Sonja.,We are here with Sonja's family and friends.,neutral,joy,happiness,happiness
"00:29:32,000","00:29:35,000",De mooie karakter-eigenschappen van Sonja?,De mooie karakter-eigenschappen van Sonja?,Sonja's beautiful character traits?,neutral,admiration,happiness,neutral
"00:29:35,000","00:29:37,000",Een heel groot hart. Ja.,Een heel groot hart. Ja.,A very big heart. Yes.,neutral,admiration,happiness,happiness
"00:29:37,000","00:29:43,000","En trouw. Trouw aan haar familie, trouw aan haar principes, trouw aan haar eigen waardes.","En trouw. Trouw aan haar familie, trouw aan haar principes, trouw aan haar eigen waardes.","And faithful. Loyal to her family, loyal to her principles, loyal to her own values.",neutral,admiration,happiness,happiness
"00:29:43,000","00:29:46,000",Ik krijg toch ook net iets heel moois te horen.,Ik krijg toch ook net iets heel moois te horen.,I also just heard something very nice.,neutral,joy,happiness,happiness
"00:29:46,000","00:29:49,000",Dat de band met mama zo groot en zo belangrijk is.,Dat de band met mama zo groot en zo belangrijk is.,That the bond with mom is so great and so important.,neutral,admiration,happiness,happiness
"00:29:49,000","00:29:53,000","Echt. Mijn mama, die zit daar, die is echt mijn nummer één.","Echt. Mijn mama, die zit daar, die is echt mijn nummer één.","Real. My mom, she's sitting there, she's really my number one.",neutral,love,happiness,happiness
"00:29:53,000","00:29:57,000","En ja, die ga ik ook het meeste missen. Echt het meeste.","En ja, die ga ik ook het meeste missen. Echt het meeste.","And yes, I will miss that the most. Really the most.",neutral,sadness,sadness,sadness
"00:29:57,000","00:29:58,000",Maar het komt goed.,Maar het komt goed.,But it will be fine.,neutral,optimism,happiness,happiness
"00:30:00,000","00:30:01,000",dat ze de koffer mee mag nemen?,dat ze de koffer mee mag nemen?,that she can take the suitcase with her?,neutral,curiosity,neutral,neutral
"00:30:01,000","00:30:02,000",Ik denk van niet.,Ik denk van niet.,I do not think so.,neutral,disapproval,disgust,neutral
"00:30:02,000","00:30:03,000","Nee, die vraag zet ik me dus niet zo.","Nee, die vraag zet ik me dus niet zo.","No, I don't ask that question like that.",neutral,annoyance,anger,anger
"00:30:03,000","00:30:04,000",Anders zou ik het niet brengen.,Anders zou ik het niet brengen.,Otherwise I wouldn't bring it.,neutral,neutral,neutral,neutral
"00:27:17,000","00:27:19,000","Rustig, rustig.","Rustig, rustig.",Calm down.,Neutral,neutral,neutral,neutral
"00:27:19,000","00:27:21,000","Rustig, rustig.","Rustig, rustig.",Calm down.,Neutral,neutral,neutral,neutral
"00:27:21,000","00:27:23,000","Rustig, rustig.","Rustig, rustig.",Calm down.,Neutral,neutral,neutral,neutral
"00:27:23,000","00:27:25,000",Wacht even.,Wacht even.,Wait a second.,Neutral,anticipation,happiness,neutral
"00:27:26,000","00:27:28,000",Gaat te snel in één keer.,Gaat te snel in één keer.,It's going too fast at once.,Neutral,nervousness,fear,fear
"00:27:28,000","00:27:31,000",Ik hoop gewoon constant op fouten van de anderen.,Ik hoop gewoon constant op fouten van de anderen.,I just constantly hope for mistakes from the others.,Neutral,anticipation,happiness,neutral
"00:27:31,000","00:27:33,000","Rustig, rustig.","Rustig, rustig.",Calm down.,Neutral,neutral,neutral,neutral
"00:27:33,000","00:27:35,000","Rustig, rustig.","Rustig, rustig.",Calm down.,Neutral,neutral,neutral,neutral
"00:27:35,000","00:27:37,000","Godver, we bewegen niet.","Godver, we bewegen niet.","Damn, we're not moving.",Anger,annoyance,anger,anger
"00:27:37,000","00:27:39,000","We moeten sneller, anders halen we het niet.","We moeten sneller, anders halen we het niet.",We have to go faster or we won't make it.,Neutral,nervousness,fear,fear
"00:27:39,000","00:27:41,000",We moeten echt sneller. Rustig aan.,We moeten echt sneller. Rustig aan.,We really need to go faster. Slow down.,Neutral,confusion,sadness,sadness
"00:27:41,000","00:27:43,000",Rustig. Rustig.,Rustig. Rustig.,Calm down.,Neutral,neutral,neutral,neutral
"00:27:46,000","00:27:48,000","Wacht, wacht, wacht. Je bent er bijna.","Wacht, wacht, wacht. Je bent er bijna.","Wait, wait, wait. You're almost there.",Neutral,anticipation,happiness,happiness
"00:27:48,000","00:27:50,000","Ik ga springen. Ja, doe.","Ik ga springen. Ja, doe.","I'm gonna jump. Yes, I will.",Neutral,determination,neutral,neutral
"00:27:50,000","00:27:52,000",Ja!,Ja!,And!,Happiness,excitement,happiness,happiness
"00:28:01,000","00:28:03,000","Ja, dan sta je voor.","Ja, dan sta je voor.","Yes, then you are ahead.",Neutral,admiration,happiness,neutral
"00:28:03,000","00:28:05,000",Dan hoor je de eerste cracks in het andere team.,Dan hoor je de eerste cracks in het andere team.,Then you hear the first cracks in the other team.,Neutral,satisfaction,happiness,neutral
"00:28:05,000","00:28:08,000",Ik hoorde een beetje geschreeuw daar zelfs.,Ik hoorde een beetje geschreeuw daar zelfs.,I even heard a little screaming there.,Neutral,surprise,surprise,neutral
"00:28:08,000","00:28:10,000","Komaan, Bernard!","Komaan, Bernard!","Come on, Bernard!",Happiness,encouragement,happiness,happiness
"00:28:10,000","00:28:12,000",Ik ben er!,Ik ben er!,I'm here!,Happiness,relief,happiness,happiness
"00:28:12,000","00:28:14,000",Kom.,Kom.,Come on.,Neutral,encouragement,happiness,neutral
"00:28:14,000","00:28:16,000","Dan kijk ik naar die stokjes en denk ik, die hangen hoog.","Dan kijk ik naar die stokjes en denk ik, die hangen hoog.","Then I look at those sticks and I think, they are hanging high.",Neutral,realization,surprise,surprise
"00:28:16,000","00:28:18,000",Dan kom ik daarbij.,Dan kom ik daarbij.,Then I come to that.,Neutral,neutral,neutral,neutral
"00:28:19,000","00:28:22,000","Yes! Lekker in het water komen, is dat.","Yes! Lekker in het water komen, is dat.",Yes! It's nice to get into the water.,Happiness,joy,happiness,happiness
"00:28:32,000","00:28:34,000",Ik wil het gewoon heel goed doen.,Ik wil het gewoon heel goed doen.,I just want to do really well.,Neutral,desire,happiness,neutral
"00:28:34,000","00:28:37,000",Ik wil mezelf nu even bewijzen dat ik dit kan.,Ik wil mezelf nu even bewijzen dat ik dit kan.,Now I just want to prove to myself that I can do this.,Neutral,determination,neutral,neutral
"00:28:37,000","00:28:40,000","Maar goed, ik ben wel een beetje zenuwachtig.","Maar goed, ik ben wel een beetje zenuwachtig.","Anyway, I'm a little nervous.",Fear,nervousness,fear,fear
"00:28:48,000","00:28:50,000",Ja!,Ja!,And!,Happiness,neutral,neutral,happiness
"00:28:50,000","00:28:52,000",Pak hem!,Pak hem!,Pak hem!,Surprise,neutral,neutral,neutral
"00:28:52,000","00:28:54,000",Ik ben eigenlijk op Sebas aan het letten.,Ik ben eigenlijk op Sebas aan het letten.,I'm actually watching Sebas.,Neutral,curiosity,neutral,neutral
"00:28:54,000","00:28:56,000",Eén.,Eén.,A.,Neutral,neutral,neutral,neutral
"00:28:56,000","00:28:58,000",Twee.,Twee.,Two.,Neutral,neutral,neutral,neutral
"00:28:58,000","00:29:00,000","Ik denk, het voelt eigenlijk best wel oké.","Ik denk, het voelt eigenlijk best wel oké.","I think, it actually feels pretty okay.",Neutral,optimism,happiness,happiness
"00:29:00,000","00:29:02,000",Het is best wel veel grip.,Het is best wel veel grip.,It's quite a lot of grip.,Neutral,realization,surprise,surprise
"00:29:02,000","00:29:04,000",Lekker aan het steppen.,Lekker aan het steppen.,Enjoying the scooter ride.,Happiness,joy,happiness,happiness
"00:29:04,000","00:29:06,000",Heel lekker bezig blijven.,Heel lekker bezig blijven.,Keep up the good work.,Happiness,approval,happiness,happiness
"00:29:06,000","00:29:08,000",Lekker bij het zoepen.,Lekker bij het zoepen.,Delicious with a drink.,Happiness,joy,happiness,happiness
"00:29:08,000","00:29:10,000",Hoek eruit.,Hoek eruit.,Cut out the corner.,Neutral,neutral,neutral,neutral
"00:29:10,000","00:29:12,000",Ik heb een klein muziekje in mijn hoofd en dan kunnen we lekker gaan.,Ik heb een klein muziekje in mijn hoofd en dan kunnen we lekker gaan.,I have a little music in my head and then we can go.,Neutral,excitement,happiness,neutral
"00:29:12,000","00:29:14,000",Eén.,Eén.,A.,Neutral,neutral,neutral,neutral
"00:29:14,000","00:29:16,000",Twee.,Twee.,Two.,Neutral,neutral,neutral,neutral
"00:29:16,000","00:29:18,000",En het lijkt een soort aerobics te worden.,En het lijkt een soort aerobics te worden.,And it seems to be becoming some kind of aerobics.,Neutral,realization,surprise,neutral
"00:29:24,000","00:29:26,000",Ik denk dat je er bent.,Ik denk dat je er bent.,I think you're there.,Neutral,neutral,neutral,neutral
"00:29:26,000","00:29:28,000","Ja, stop dan.","Ja, stop dan.","Me, stop day.",Anger,neutral,neutral,neutral
"00:22:07,000","00:22:10,000",Die moet via deze mysterieuze spiegeldeur.,Die moet via deze mysterieuze spiegeldeur.,That must go through this mysterious mirrored door.,neutral,curiosity,neutral,neutral
"00:22:10,000","00:22:13,000","En wat dat inhoudt, je raadt het al, dat weet maar één iemand.","En wat dat inhoudt, je raadt het al, dat weet maar één iemand.","And what that means, you guessed it, only one person knows.",neutral,curiosity,neutral,neutral
"00:22:13,000","00:22:15,000",Big Brother himself.,Big Brother himself.,Big Brother himself.,neutral,neutral,neutral,neutral
"00:22:23,000","00:22:26,000","Welkom terug, je kijkt naar Big Brother.","Welkom terug, je kijkt naar Big Brother.","Welcome back, you're watching Big Brother.",neutral,joy,happiness,neutral
"00:22:26,000","00:22:29,000",Een nieuw seizoen is aangebroken en zojuist heb je kunnen zien...,Een nieuw seizoen is aangebroken en zojuist heb je kunnen zien...,A new season has arrived and you have just seen...,neutral,excitement,happiness,neutral
"00:22:29,000","00:22:31,000",dat er al vijf mensen het huis hebben betreden.,dat er al vijf mensen het huis hebben betreden.,that five people have already entered the house.,neutral,realization,surprise,surprise
"00:22:31,000","00:22:35,000",Eén van die vijf zit opgesloten in het geheime huis.,Eén van die vijf zit opgesloten in het geheime huis.,One of those five is locked in the secret house.,neutral,surprise,surprise,neutral
"00:22:35,000","00:22:38,000","Ja, je merkt het al, heel veel is anders dan anders.","Ja, je merkt het al, heel veel is anders dan anders.","Yes, you already notice, a lot is different than usual.",surprise,realization,surprise,surprise
"00:22:38,000","00:22:40,000",Dat geldt ook voor hoe het spel dit jaar gespeeld moet worden.,Dat geldt ook voor hoe het spel dit jaar gespeeld moet worden.,That also applies to how the game should be played this year.,neutral,neutral,neutral,neutral
"00:22:41,000","00:22:43,000","Vorig jaar stond je er helemaal alleen voor, nu niet.","Vorig jaar stond je er helemaal alleen voor, nu niet.","Last year you were all alone, not now.",neutral,realization,surprise,neutral
"00:22:44,000","00:22:46,000",Big Brother heeft iets totaal anders in gedachten.,Big Brother heeft iets totaal anders in gedachten.,Big Brother has something completely different in mind.,neutral,curiosity,neutral,neutral
"00:22:46,000","00:22:48,000",Je hebt al kunnen zien dat een aantal mensen...,Je hebt al kunnen zien dat een aantal mensen...,You have already seen that a number of people...,neutral,neutral,neutral,neutral
"00:22:48,000","00:22:50,000",hun koffers hier in de studio moesten achterlaten.,hun koffers hier in de studio moesten achterlaten.,had to leave their suitcases here in the studio.,neutral,disappointment,sadness,neutral
"00:22:50,000","00:22:53,000",En één iemand zijn spullen wel mocht meenemen.,En één iemand zijn spullen wel mocht meenemen.,And one person was allowed to take his belongings with him.,neutral,neutral,neutral,neutral
"00:22:53,000","00:22:56,000",Die koffers zijn inmiddels naar een donkere ruimte gebracht.,Die koffers zijn inmiddels naar een donkere ruimte gebracht.,Those suitcases have now been taken to a dark room.,neutral,curiosity,neutral,neutral
"00:22:56,000","00:22:58,000",En dat zal ongetwijfeld een reden hebben.,En dat zal ongetwijfeld een reden hebben.,And there will undoubtedly be a reason for that.,anger,curiosity,neutral,neutral
"00:22:58,000","00:23:00,000","Ja, dat denk ik ook.","Ja, dat denk ik ook.","Yes, I think so too.",neutral,agreement,neutral,neutral
"00:23:00,000","00:23:02,000","Ja, ik wil graag nog heel even zeggen...","Ja, ik wil graag nog heel even zeggen...","Yes, I would just like to say...",neutral,anticipation,happiness,sadness
"00:23:02,000","00:23:05,000","dat je ons dag in, dag uit op onze socials kunt volgen.","dat je ons dag in, dag uit op onze socials kunt volgen.","that you can follow us day in, day out on our social media.",neutral,neutral,neutral,neutral
"00:23:05,000","00:23:09,000",En na deze grande opening natuurlijk ook op de streams.,En na deze grande opening natuurlijk ook op de streams.,"And after this grand opening, of course also on the streams.",neutral,excitement,happiness,neutral
"00:23:09,000","00:23:11,000",Wij gaan hier straks de volgende nieuwe bewoner verwelkomen...,Wij gaan hier straks de volgende nieuwe bewoner verwelkomen...,We will soon welcome the next new resident here...,neutral,anticipation,happiness,neutral
"00:23:11,000","00:23:13,000",maar niet voordat we eerst gekeken hebben...,maar niet voordat we eerst gekeken hebben...,but not before we first look...,surprise,curiosity,neutral,neutral
"00:23:14,000","00:23:17,000",hoe de eerste bewoners zich lekker aan het zettelen zijn.,hoe de eerste bewoners zich lekker aan het zettelen zijn.,how the first residents are settling down comfortably.,neutral,curiosity,neutral,neutral
"00:23:17,000","00:23:20,000","Vertel, wie laat je achter, wat doe je?","Vertel, wie laat je achter, wat doe je?","Tell me, who are you leaving behind, what are you doing?",neutral,curiosity,neutral,neutral
"00:23:20,000","00:23:23,000","Ofwel, wie reprenteer je? Ben je single?","Ofwel, wie reprenteer je? Ben je single?","In other words, who are you reprising? Are you single?",disgust,curiosity,neutral,anger
"00:23:23,000","00:23:25,000",Ik ben single.,Ik ben single.,I'm single.,neutral,neutral,neutral,neutral
"00:23:25,000","00:23:27,000","Ja, wie ik achterlaat, zijn vrienden en familie.","Ja, wie ik achterlaat, zijn vrienden en familie.","Yes, those I leave behind are friends and family.",sadness,sadness,sadness,sadness
"00:23:28,000","00:23:29,000",En daarnaast doe ik modellenwerk.,En daarnaast doe ik modellenwerk.,And I also do modeling.,neutral,neutral,neutral,neutral
"00:23:30,000","00:23:31,000",Modellenwerk?,Modellenwerk?,Modeling?,neutral,curiosity,neutral,neutral
"00:23:31,000","00:23:36,000","O, en wat heb je voor opdrachten al een beetje gehad?","O, en wat heb je voor opdrachten al een beetje gehad?","Oh, and what kind of assignments have you already had?",surprise,curiosity,neutral,surprise
"00:23:36,000","00:23:38,000","Je hebt wel een bekend gezicht, maar ik weet het gewoon niet.","Je hebt wel een bekend gezicht, maar ik weet het gewoon niet.","You have a familiar face, but I just don't know it.",neutral,confusion,sadness,sadness
"00:23:39,000","00:23:41,000",Misschien heb je hem gewoon ergens in een tijdschrift of zo gezien?,Misschien heb je hem gewoon ergens in een tijdschrift of zo gezien?,Maybe you just saw it in a magazine or something?,neutral,curiosity,neutral,neutral
"00:23:41,000","00:23:43,000","Nee, tijdschrift kan niet, maar misschien online.","Nee, tijdschrift kan niet, maar misschien online.","No, magazine is not possible, but maybe online.",anger,confusion,sadness,neutral
"00:23:44,000","00:23:47,000","Ja, hier zit een deel van de familie en vrienden van Lemie...","Ja, hier zit een deel van de familie en vrienden van Lemie...","Yes, some of Lemie's family and friends are here…",neutral,joy,happiness,neutral
"00:23:47,000","00:23:52,000","onze nieuwe bewoner, Brigitte, vrouw van Lemie.","onze nieuwe bewoner, Brigitte, vrouw van Lemie.","our new resident, Brigitte, wife of Lemie.",neutral,neutral,neutral,neutral
"00:23:52,000","00:23:53,000",Lemie wil meedoen aan Big Brother...,Lemie wil meedoen aan Big Brother...,Lemie wants to participate in Big Brother...,neutral,excitement,happiness,neutral
"00:23:54,000","00:23:56,000",maar dat betekent natuurlijk ook dat jij een beetje meedoet aan Big Brother.,maar dat betekent natuurlijk ook dat jij een beetje meedoet aan Big Brother.,but of course that also means that you participate a little in Big Brother.,neutral,realization,surprise,surprise
"00:23:57,000","00:23:58,000","Ja, zeker.","Ja, zeker.",Of course.,neutral,agreement,neutral,neutral
"00:23:58,000","00:23:59,000",Hoe is het voor jou?,Hoe is het voor jou?,How is it for you?,neutral,curiosity,neutral,neutral
"00:23:59,000","00:24:01,000","Ja, superleuk. Spannend.","Ja, superleuk. Spannend.","Yes, super fun. Exciting.",happiness,excitement,happiness,happiness
"00:24:01,000","00:24:03,000",Maar je moet hem natuurlijk ook gaan missen.,Maar je moet hem natuurlijk ook gaan missen.,But of course you will also miss him.,sadness,sadness,sadness,sadness
"00:24:03,000","00:24:06,000","Ja, maar weet je, ik zie hem op het beeld.","Ja, maar weet je, ik zie hem op het beeld.","Yeah, but you know, I see him in the picture.",neutral,relief,happiness,neutral
"00:24:06,000","00:24:08,000","Maar jullie zijn echt altijd samen, hè?","Maar jullie zijn echt altijd samen, hè?","But you guys are always together, aren't you?",surprise,curiosity,neutral,surprise
"00:24:08,000","00:24:09,000",Altijd.,Altijd.,Always.,neutral,neutral,neutral,neutral
"00:49:40,000","00:49:43,000",Hij zit ook gewoon glashard te liggen.,Hij zit ook gewoon glashard te liggen.,He also just sits there as hard as a rock.,neutral,admiration,happiness,happiness
"00:49:43,000","00:49:45,000","Zoekgeschiedenis, safari.","Zoekgeschiedenis, safari.","Search history, safari.",neutral,curiosity,neutral,neutral
"00:49:45,000","00:49:47,000",Gisteren nog gezocht op...,Gisteren nog gezocht op...,Yesterday I searched for...,neutral,neutral,neutral,neutral
"00:49:47,000","00:49:50,000",Waar staan overal camera's langs de snelweg?,Waar staan overal camera's langs de snelweg?,Where are there cameras along the highway?,neutral,curiosity,neutral,neutral
"00:49:50,000","00:49:53,000","Dus weet je wel, die vent zit er keihard in.","Dus weet je wel, die vent zit er keihard in.","So you know, this guy is really into it.",happiness,admiration,happiness,happiness
"00:49:53,000","00:49:55,000","Weet je wel, tot zijn vuist diep.","Weet je wel, tot zijn vuist diep.","You know, up to his fist deep.",neutral,amusement,happiness,neutral
"00:49:56,000","00:49:59,000","Maar goed, laten we maar het idee hebben dat we...","Maar goed, laten we maar het idee hebben dat we...","Anyway, let's just have the idea that we...",neutral,optimism,happiness,neutral
"00:49:59,000","00:50:01,000","Sterk, dat was het doel, hè? Ja.","Sterk, dat was het doel, hè? Ja.","Strong, that was the goal, right? Yes.",happiness,approval,happiness,happiness
"00:50:03,000","00:50:04,000",Daar zijn ze. Daar zijn ze.,Daar zijn ze. Daar zijn ze.,There they are. There they are.,neutral,excitement,happiness,happiness
"00:50:04,000","00:50:08,000",In Breda wordt het wachten van Bishan en Shiva beloond.,In Breda wordt het wachten van Bishan en Shiva beloond.,"In Breda, Bishan and Shiva's wait is rewarded.",neutral,relief,happiness,neutral
"00:50:08,000","00:50:11,000",Het stel dat beloofde terug te komen staat nu voor ze.,Het stel dat beloofde terug te komen staat nu voor ze.,The couple who promised to return now stands before them.,neutral,joy,happiness,happiness
"00:50:11,000","00:50:13,000",Ze hebben inderdaad een slaapplek geregeld.,Ze hebben inderdaad een slaapplek geregeld.,They did indeed arrange a place to sleep.,happiness,gratitude,happiness,happiness
"00:50:13,000","00:50:17,000","En twee studenten, die ze ieder moment opkomen halen.","En twee studenten, die ze ieder moment opkomen halen.","And two students, who will pick them up at any moment.",neutral,anticipation,happiness,happiness
"00:50:17,000","00:50:20,000",Ik sta nu in het park. Weet me wel te vinden.,Ik sta nu in het park. Weet me wel te vinden.,I'm in the park now. You know where to find me.,neutral,neutral,neutral,neutral
"00:50:20,000","00:50:22,000",Begin van die steiger. Top.,Begin van die steiger. Top.,Start of that scaffolding. Great.,happiness,approval,happiness,happiness
"00:50:22,000","00:50:25,000","Super, dank je wel. Dank je wel.","Super, dank je wel. Dank je wel.","Great, thank you. Thank you.",happiness,gratitude,happiness,happiness
"00:50:25,000","00:50:27,000",Echt top.,Echt top.,Really great.,happiness,joy,happiness,happiness
"00:50:27,000","00:50:29,000",Team 1 is inmiddels ook in Breda.,Team 1 is inmiddels ook in Breda.,Team 1 is now also in Breda.,neutral,neutral,neutral,neutral
"00:50:29,000","00:50:33,000",Op het hoofdkwartier weten ze niet beter dan dat Bishan en Shiva...,Op het hoofdkwartier weten ze niet beter dan dat Bishan en Shiva...,"At headquarters, they know nothing better than that Bishan and Shiva...",neutral,confusion,sadness,neutral
"00:50:33,000","00:50:36,000",ruim een uur geleden daar met de trein zijn aangekomen.,ruim een uur geleden daar met de trein zijn aangekomen.,arrived there by train just over an hour ago.,neutral,neutral,neutral,neutral
"00:50:36,000","00:50:39,000",Michael en Bo proberen nu in kaart te brengen...,Michael en Bo proberen nu in kaart te brengen...,Michael and Bo are now trying to map out...,neutral,curiosity,neutral,neutral
"00:50:39,000","00:50:41,000",wat de looproute van de jongens is geweest.,wat de looproute van de jongens is geweest.,what the boys' walking route was.,neutral,curiosity,neutral,neutral
"00:50:41,000","00:50:43,000",We staan hier bij het Stadspark.,We staan hier bij het Stadspark.,We are standing here at the City Park.,neutral,neutral,neutral,neutral
"00:50:43,000","00:50:45,000","Op de kruising Willemstraat, Spoorstraat.","Op de kruising Willemstraat, Spoorstraat.",At the intersection of Willemstraat and Spoorstraat.,neutral,neutral,neutral,neutral
"00:50:45,000","00:50:48,000",Daar heb je ook wifi-sensoren staan.,Daar heb je ook wifi-sensoren staan.,There you also have WiFi sensors.,neutral,neutral,neutral,neutral
"00:50:48,000","00:50:52,000",Dus als daar gebeld is...,Dus als daar gebeld is...,So if there was a call...,neutral,curiosity,neutral,neutral
"00:50:52,000","00:50:55,000",of als wij op de camera's mensen zien met telefoons...,of als wij op de camera's mensen zien met telefoons...,or when we see people with phones on the cameras...,neutral,curiosity,neutral,neutral
"00:50:55,000","00:50:58,000",dan zou het zomaar kunnen zijn dat ze daar via een hotspot...,dan zou het zomaar kunnen zijn dat ze daar via een hotspot...,then it could well be that they got there via a hotspot...,neutral,realization,surprise,surprise
"00:50:58,000","00:51:01,000",of een spot van de wifi zijn opgepakt.,of een spot van de wifi zijn opgepakt.,or a spot of the wifi has been picked up.,neutral,realization,surprise,surprise
"00:51:01,000","00:51:03,000",Ik ga jullie even verder helpen. Top.,Ik ga jullie even verder helpen. Top.,I'll help you out a bit further. Great.,happiness,caring,happiness,happiness
"00:51:03,000","00:51:05,000",Zorg dat je een beetje een route loopt.,Zorg dat je een beetje een route loopt.,Make sure you walk a bit of a route.,neutral,neutral,neutral,neutral
"00:51:05,000","00:51:09,000","Wat we ook kunnen doen, als wij een meter of 30 achter jullie lopen...","Wat we ook kunnen doen, als wij een meter of 30 achter jullie lopen...","Whatever we can do, if we walk about 30 meters behind you...",neutral,caring,happiness,neutral
"00:51:09,000","00:51:11,000",dan bellen we gewoon aan als jullie daar staan.,dan bellen we gewoon aan als jullie daar staan.,then we will simply ring the bell when you are there.,neutral,neutral,neutral,neutral
"00:51:11,000","00:51:13,000",Dan lopen jullie eerst naar binnen.,Dan lopen jullie eerst naar binnen.,Then you first walk inside.,neutral,neutral,neutral,neutral
"00:51:13,000","00:51:16,000",Dan lopen wij 30 meter achter jullie aan.,Dan lopen wij 30 meter achter jullie aan.,Then we will walk 30 meters behind you.,neutral,neutral,neutral,neutral
"00:51:17,000","00:51:19,000",Lopen wij achter jullie aan? Ja.,Lopen wij achter jullie aan? Ja.,Are we following you? Yes.,neutral,curiosity,neutral,neutral
"00:51:19,000","00:51:22,000","Super, bedankt. Loop maar op. We lopen jullie achterna.","Super, bedankt. Loop maar op. We lopen jullie achterna.","Great, thanks. Go ahead. We'll follow you.",happiness,approval,happiness,happiness
"00:51:22,000","00:51:24,000",Dank je wel voor het regelen. Tot snel.,Dank je wel voor het regelen. Tot snel.,Thank you for arranging. See you soon.,happiness,gratitude,happiness,happiness
"00:51:24,000","00:51:27,000","Kruising Willemstraat, Spoorstraat.","Kruising Willemstraat, Spoorstraat.",Intersection of Willemstraat and Spoorstraat.,neutral,neutral,neutral,neutral
"00:51:27,000","00:51:31,000",Drie camera's bij de ingang van het park.,Drie camera's bij de ingang van het park.,Three cameras at the entrance of the park.,neutral,neutral,neutral,neutral
"00:51:31,000","00:51:34,000",Loop maar daarheen. Daar? Ja.,Loop maar daarheen. Daar? Ja.,Just walk over there. Over there? Yes.,neutral,neutral,neutral,neutral
"00:51:34,000","00:51:36,000",Loop maar hier. Beter hier.,Loop maar hier. Beter hier.,Just walk here. Better here.,neutral,approval,happiness,happiness
"00:37:52,000","00:37:54,000","Ja, jij komt vanaf de andere kant hier.","Ja, jij komt vanaf de andere kant hier.","Yes, you come here from the other side.",neutral,confirmation,neutral,neutral
"00:37:54,000","00:37:56,000","Oké, ja. Top.","Oké, ja. Top.","Okay, yes. Top.",happiness,approval,happiness,happiness
"00:37:56,000","00:37:58,000",Waar Bishan en Shiva eindelijk Rotterdam uit zijn...,Waar Bishan en Shiva eindelijk Rotterdam uit zijn...,Where Bishan and Shiva finally leave Rotterdam...,neutral,neutral,neutral,neutral
"00:37:58,000","00:38:01,000",rijdt Linda met helper Mark de stad weer in.,rijdt Linda met helper Mark de stad weer in.,Linda drives back into town with helper Mark.,neutral,neutral,neutral,neutral
"00:38:02,000","00:38:04,000",In de wijk Hoogvliet gaat hij voor haar pinnen.,In de wijk Hoogvliet gaat hij voor haar pinnen.,In the Hoogvliet district he goes to get money from her ATM.,neutral,neutral,neutral,neutral
"00:38:04,000","00:38:07,000",Daarna wordt Linda afgezet op een punt zonder camera's...,Daarna wordt Linda afgezet op een punt zonder camera's...,Then Linda is dropped off at a point without cameras...,neutral,relief,happiness,neutral
"00:38:07,000","00:38:10,000",en daar zal vader Kees haar oppikken.,en daar zal vader Kees haar oppikken.,and father Kees will pick her up there.,neutral,neutral,neutral,neutral
"00:38:26,000","00:38:28,000",Met Denise.,Met Denise.,Met Denise.,neutral,neutral,neutral,neutral
"00:38:29,000","00:38:32,000",Vijftig. Vijftig maar? Wat weinig.,Vijftig. Vijftig maar? Wat weinig.,Fifty. Only fifty? How little.,surprise,disappointment,sadness,surprise
"00:38:32,000","00:38:34,000",Hoogvliet?,Hoogvliet?,Highvliet?,neutral,curiosity,neutral,neutral
"00:38:34,000","00:38:38,000",Middenbaan Noord. Mag ik daar gelijk de camerabeelden van?,Middenbaan Noord. Mag ik daar gelijk de camerabeelden van?,Middenbaan Noord. Can I have the camera footage of that right away?,neutral,desire,happiness,neutral
"00:38:39,000","00:38:41,000",Vijftig euro.,Vijftig euro.,Fifty euro.,neutral,neutral,neutral,neutral
"00:38:43,000","00:38:45,000","Hoi, is-ie er al?","Hoi, is-ie er al?","Also, is-ie er al?",neutral,curiosity,neutral,neutral
"00:38:45,000","00:38:47,000",Ja.,Ja.,And.,neutral,neutral,neutral,neutral
"00:38:47,000","00:38:49,000",Hij moet wel daar gaan staan.,Hij moet wel daar gaan staan.,He has to stand there.,neutral,instruction,neutral,neutral
"00:38:49,000","00:38:51,000","Ja, nou, dan ga ik Kees nu rijden.","Ja, nou, dan ga ik Kees nu rijden.","Yes, well, I'm going to drive Kees now.",neutral,neutral,neutral,neutral
"00:38:51,000","00:38:52,000",Yo.,Yo.,Yo.,neutral,neutral,neutral,neutral
"00:38:53,000","00:38:54,000",Hoi.,Hoi.,Hoi.,neutral,neutral,neutral,neutral
"00:38:54,000","00:38:58,000",Maar het is wel gevaarlijk dat we Mariette van het huis hebben gebeld.,Maar het is wel gevaarlijk dat we Mariette van het huis hebben gebeld.,But it is dangerous that we called Mariette from the house.,neutral,fear,fear,neutral
"00:38:58,000","00:39:02,000",Want stel je voor dat ze jou op het spoor komen...,Want stel je voor dat ze jou op het spoor komen...,Because imagine if they track you down...,fear,fear,fear,fear
"00:39:02,000","00:39:04,000",dan gaan ze misschien naar Mariette toe.,dan gaan ze misschien naar Mariette toe.,then maybe they will go to Mariette.,neutral,fear,fear,neutral
"00:39:04,000","00:39:06,000",Ik denk het niet.,Ik denk het niet.,I do not think so.,neutral,disapproval,disgust,neutral
"00:39:06,000","00:39:09,000","Maar als ze straks in jouw telefoon kijken, wil je dat wissen?","Maar als ze straks in jouw telefoon kijken, wil je dat wissen?","But if they look at your phone later, do you want to delete it?",neutral,nervousness,fear,neutral
"00:39:09,000","00:39:10,000",Ja.,Ja.,And.,neutral,neutral,neutral,neutral
"00:39:11,000","00:39:13,000",Middenbaan Noord. In Hoogvliet.,Middenbaan Noord. In Hoogvliet.,Middle lane North. In Hoogvliet.,neutral,neutral,neutral,neutral
"00:39:14,000","00:39:17,000","Ja, ze zijn gewoon nog steeds in Rotterdam.","Ja, ze zijn gewoon nog steeds in Rotterdam.","Yes, they are still in Rotterdam.",neutral,realization,surprise,neutral
"00:39:17,000","00:39:19,000",Maar waar zit dit ten opzichte van de Euromast?,Waar is dit in verhouding tot de Euromast?,Where is this in relation to the Euromast?,neutral,curiosity,neutral,neutral
"00:39:19,000","00:39:21,000","Ja, even...","Ja, even...","And, even...",neutral,neutral,neutral,neutral
"00:39:22,000","00:39:23,000",Dat is best een eindje.,Dat is best een eindje.,That's quite a distance.,neutral,realization,surprise,surprise
"00:39:24,000","00:39:26,000",Tweeëneenhalf uur lopen.,Tweeëneenhalf uur lopen.,Two and a half hours of walking.,neutral,disapproval,disgust,neutral
"00:39:27,000","00:39:28,000",Dat hebben ze niet gelopen.,Dat hebben ze niet gelopen.,They didn't run that.,neutral,realization,surprise,neutral
"00:39:29,000","00:39:31,000",Dat zijn ze op een andere manier naartoe gekomen.,Dat zijn ze op een andere manier naartoe gekomen.,They got there in a different way.,neutral,realization,surprise,neutral
"00:39:31,000","00:39:33,000",Dus ze hebben iets van een vervoermiddel.,Dus ze hebben iets van een vervoermiddel.,So they have something of a means of transportation.,neutral,realization,surprise,neutral
"00:39:33,000","00:39:36,000","Oké, mochten de Hunters er zijn...","Oké, mochten de Hunters er zijn...","Okay, if the Hunters are there...",neutral,nervousness,fear,fear
"00:39:36,000","00:39:41,000",stuur dan even een berichtje naar Kees of Mariette.,stuur dan even een berichtje naar Kees of Mariette.,then send a message to Kees or Mariette.,neutral,neutral,neutral,neutral
"00:39:41,000","00:39:45,000","Staat het dier al koud, dan weten wij dat we weg moeten.","Staat het dier al koud, dan weten wij dat we weg moeten.","If the animal is already cold, we know that we have to leave.",neutral,fear,fear,neutral
"00:39:45,000","00:39:46,000",Sally.,Sally.,Sally.,neutral,neutral,neutral,neutral
"00:39:46,000","00:39:50,000",Wil jij mij even helpen met zoeken op de bankrekening van Davy en Linda?,Wil jij mij even helpen met zoeken op de bankrekening van Davy en Linda?,Would you like to help me search Davy and Linda's bank account?,neutral,curiosity,neutral,neutral
"00:39:50,000","00:39:52,000",Want het kan zomaar zo zijn dat zij gebruik hebben gemaakt...,Want het kan zomaar zo zijn dat zij gebruik hebben gemaakt...,Because it could very well be that they have taken advantage of...,neutral,curiosity,neutral,neutral
"00:39:52,000","00:39:55,000",van een van die scootertjes in Rotterdam.,van een van die scootertjes in Rotterdam.,from one of those scooters in Rotterdam.,neutral,neutral,neutral,neutral
"00:39:55,000","00:39:56,000",En we moeten nog steeds alle...,En we moeten nog steeds alle...,And we still have to do all...,neutral,neutral,neutral,neutral
"00:39:56,000","00:39:59,000",Wil jij die van 17 mei pakken van Davy?,Wil jij die van 17 mei pakken van Davy?,Would you like to grab the one from Davy on May 17?,neutral,neutral,neutral,neutral
"00:40:00,000","00:40:02,000",We moeten alle beelden eromheen even aanvragen.,We moeten alle beelden eromheen even aanvragen.,We have to request all the surrounding images.,neutral,neutral,neutral,neutral
"00:40:02,000","00:40:04,000",Wil jij dat doen? Ben jij er beter in?,Wil jij dat doen? Ben jij er beter in?,Do you want to do that? Are you better at it?,neutral,curiosity,neutral,neutral
"00:03:32,000","00:03:33,000",Eerst vuur.,Eerst vuur.,First fire.,Neutral ,excitement,happiness,neutral
"00:03:33,000","00:03:37,000","Oké, volgens mij is het beste als we gewoon even een plan maken wat we nog kunnen doen, want het wordt donker.","Oké, volgens mij is het beste als we gewoon even een plan maken wat we nog kunnen doen, want het wordt donker.","Okay, I think it's best if we just make a plan of what else we can do, because it's getting dark.",Neutral ,nervousness,fear,fear
"00:03:37,000","00:03:38,000","Ja, we moeten opschieten.","Ja, we moeten opschieten.","Yes, we have to hurry.",Neutral ,nervousness,fear,fear
"00:03:38,000","00:03:39,000","Ja, dus laten we dat dan doen.","Ja, dus laten we dat dan doen.","Yes, so let's do that then.",neutral,approval,happiness,happiness
"00:03:39,000","00:03:40,000",Slaapplek lijkt me nuttig.,Slaapplek lijkt me nuttig.,A place to sleep seems useful to me.,neutral,realization,surprise,happiness
"00:03:40,000","00:03:41,000",Ja.,Ja.,And.,neutral,neutral,neutral,neutral
"00:03:41,000","00:03:42,000",Vuur.,Vuur.,Firework.,neutral,neutral,neutral,neutral
"00:03:42,000","00:03:43,000",Vuurtje.,Vuurtje.,Fire.,neutral,neutral,neutral,neutral
"00:03:43,000","00:03:44,000",Vuur lijkt me nuttig.,Vuur lijkt me nuttig.,Fire seems useful to me.,neutral,realization,surprise,happiness
"00:03:44,000","00:03:45,000",Zullen we een stukje pot vuur?,Zullen we een stukje pot vuur?,Shall we have a piece of pot fire?,neutral,curiosity,neutral,neutral
"00:03:45,000","00:03:46,000","Ja, doe ik wel mee.","Ja, doe ik wel mee.","Yes, I will participate.",neutral,approval,happiness,happiness
"00:03:49,000","00:03:52,000",Het is vooral belangrijk dat we een beetje een slaapplek hebben.,Het is vooral belangrijk dat we een beetje een slaapplek hebben.,The most important thing is that we have some kind of place to sleep.,neutral,realization,surprise,fear
"00:03:52,000","00:03:56,000","We gaan even een beetje vuur maken, want het begint al een beetje schemerig te worden.","We gaan even een beetje vuur maken, want het begint al een beetje schemerig te worden.","Let's make a little fire, because it's starting to get a bit dark.",neutral,nervousness,fear,fear
"00:03:58,000","00:04:01,000",Iedereen ziet eigenlijk ook wel wat er moet gebeuren.,Iedereen ziet eigenlijk ook wel wat er moet gebeuren.,Everyone actually sees what needs to be done.,neutral,approval,happiness,fear
"00:04:01,000","00:04:05,000",Zonder dat iedereen nou individueel aangestuurd hoeft te worden.,Zonder dat iedereen nou individueel aangestuurd hoeft te worden.,Without everyone having to be managed individually.,neutral,relief,happiness,happiness
"00:04:05,000","00:04:06,000",Iedereen doet wat.,Iedereen doet wat.,Everyone does something.,neutral,approval,happiness,neutral
"00:04:08,000","00:04:12,000","Dan is er maar één doel en dat is zo snel mogelijk vuur maken, want het wordt al donker.","Dan is er maar één doel en dat is zo snel mogelijk vuur maken, want het wordt al donker.","Then there is only one goal and that is to make a fire as quickly as possible, because it is already getting dark.",fear,nervousness,fear,fear
"00:04:15,000","00:04:17,000",We zijn er stil.,We zijn er stil.,We are silent.,neutral,neutral,neutral,neutral
"00:04:17,000","00:04:18,000","Oh, ja.","Oh, ja.","Oh, me.",neutral,surprise,surprise,surprise
"00:04:19,000","00:04:20,000","Kom, kom, kom.","Kom, kom, kom.","Come, come, come.",neutral,excitement,happiness,fear
"00:04:20,000","00:04:22,000","Eerste vuur, jongens.","Eerste vuur, jongens.","First fire, boys.",happiness,excitement,happiness,happiness
"00:04:24,000","00:04:25,000","Ja, vuur.","Ja, vuur.","Yes, fire.",happiness,joy,happiness,happiness
"00:04:25,000","00:04:29,000",De poncho's uitklappen op het strand en welterusten.,"De poncho's uitklappen op het strand, welterusten.","Unfolding the ponchos on the beach, good night.",neutral,relief,happiness,neutral
"00:04:45,000","00:04:46,000",MUZIEK.,MUZIEK.,MUSIC.,happiness,neutral,neutral,neutral
"00:04:56,000","00:05:02,000","De eerste indruk, mooi strandje, maar niet zoveel water in de zee.","De eerste indruk, mooi strandje, maar niet zoveel water in de zee.","The first impression, nice beach, but not much water in the sea.",surprise,disappointment,sadness,sadness
"00:05:02,000","00:05:08,000",En ik krijg gelijk weer een visioen van Kamps-Zuid waar ik ooit zelf ingezeten heb.,En ik krijg gelijk weer een visioen van Kamps-Zuid waar ik ooit zelf ingezeten heb.,"And I immediately get a vision of Kamps-Zuid, where I once lived myself.",neutral,nostalgia,sadness,sadness
"00:05:08,000","00:05:12,000",Is dit weer zo'n eiland waar we ons niet kunnen wassen?,Is dit weer zo'n eiland waar we ons niet kunnen wassen?,Is this another island where we can't wash?,fear,disappointment,sadness,fear
"00:05:13,000","00:05:16,000",Ik krijg weer helemaal de vibes van het eerste seizoen.,Ik krijg weer helemaal de vibes van het eerste seizoen.,I'm getting all the vibes from the first season again.,neutral,nostalgia,sadness,fear
"00:05:16,000","00:05:19,000",En ik denk echt dat we weer thuis zijn.,En ik denk echt dat we weer thuis zijn.,And I really think we're home again.,neutral,joy,happiness,happiness
"00:05:19,000","00:05:20,000",MUZIEK.,MUZIEK.,MUSIC.,neutral,neutral,neutral,neutral
"00:05:25,000","00:05:27,000",Jij gaat de keuken maken?,Jij gaat de keuken maken?,You're going to make the kitchen?,surprise,curiosity,neutral,neutral
"00:05:27,000","00:05:28,000",GELACH.,GELACH.,LAUGHTER.,happiness,amusement,happiness,happiness
"00:05:28,000","00:05:29,000",Ik ga de keuken maken.,Ik ga de keuken maken.,I'm going to make the kitchen.,neutral,determination,neutral,neutral
"00:05:29,000","00:05:31,000",Ik denk dat het een goed idee is.,Ik denk dat het een goed idee is.,I think it's a good idea.,neutral,approval,happiness,happiness
"00:05:31,000","00:05:33,000","Laat het dan daar een beetje, dan ga ik hier wel keuken maken.","Laat het dan daar een beetje, dan ga ik hier wel keuken maken.",Then leave it there for a bit and I'll make a kitchen here.,neutral,determination,neutral,neutral
"00:05:33,000","00:05:39,000",Het is zeer zaak en zeer noodzakelijk dat wij nu een goede keuken gaan bouwen en een goed dak.,Het is zeer zaak en zeer noodzakelijk dat wij nu een goede keuken gaan bouwen en een goed dak.,It is very important and very necessary that we now build a good kitchen and a good roof.,neutral,realization,surprise,neutral
"00:05:39,000","00:05:41,000",Wat is het plan nu?,Wat is het plan nu?,What's the plan now?,neutral,curiosity,neutral,neutral
"00:05:41,000","00:05:45,000",We moeten eerst een frame maken en dan daarna hoe dat bed...,We moeten eerst een frame maken en dan daarna hoe dat bed...,We need to make a frame first and then how that bed...,neutral,realization,surprise,neutral
"00:05:45,000","00:05:47,000",Wat gaan we er overheen leggen?,Wat gaan we er overheen leggen?,What are we going to put on top?,neutral,curiosity,neutral,neutral
"00:05:47,000","00:05:51,000","Er is niet echt veel bamboe hier, dus het zal sowieso niet echt een konfibet worden.","Er is niet echt veel bamboe hier, dus het zal sowieso niet echt een konfibet worden.","There isn't really much bamboo here, so it won't really be a confibet anyway.",neutral,disappointment,sadness,sadness
"00:05:51,000","00:05:53,000",Het is wel fijn als je van de grond af bent.,Het is wel fijn als je van de grond af bent.,It's nice if you're off the ground.,neutral,realization,surprise,neutral
"00:05:53,000","00:05:56,000",Ik heb liever een afdakje dan een heel slecht dak.,Ik heb liever een afdakje dan een heel slecht dak.,I'd rather have a canopy than a really bad roof.,neutral,desire,happiness,disgust
"00:05:56,000","00:05:58,000",Jij wil echt wel van de grond?,Jij wil echt wel van de grond?,You really want to get off the ground?,surprise,curiosity,neutral,neutral
"00:05:58,000","00:06:00,000","Ja, weet je wat het is als het regent en het water gaat?","Ja, weet je wat het is als het regent en het water gaat?","Yeah, you know what it's like when it rains and the water goes?",neutral,realization,surprise,neutral
"00:19:00,000","00:19:02,000","Ik denk dat jij nu ook gezelliger bent dan toen, toch?","Ik denk dat jij nu ook gezelliger bent dan toen, toch?","I think you're more sociable now than you were then, right?",Neutral,approval,happiness,neutral
"00:19:02,000","00:19:04,000","Zeker, zeker.","Zeker, zeker.",Sure sure.,Neutral,approval,happiness,neutral
"00:19:04,000","00:19:06,000",Ik word er gewoon emotieel van jongen.,Ik word er gewoon emotieel van jongen.,"I'm just getting emotional, boy.",Sadness,sadness,sadness,sadness
"00:19:06,000","00:19:09,000",En ik weet niet of het door het rook komt of door jouw verhaal.,En ik weet niet of het door het rook komt of door jouw verhaal.,And I don't know if it's because of the smoke or because of your story.,Neutral,confusion,sadness,sadness
"00:19:09,000","00:19:10,000","Kijk, kijk, kijk.","Kijk, kijk, kijk.","Look, look, look.",Surprise,excitement,happiness,happiness
"00:19:10,000","00:19:11,000","Ja, dat weet ik niet.","Ja, dat weet ik niet.","Yeah, I don't know.",Neutral,confusion,sadness,sadness
"00:19:11,000","00:19:13,000",Kom hier jongen!,Kom hier jongen!,Come here boy!,Happiness,excitement,happiness,happiness
"00:19:13,000","00:19:14,000",APPLAUS.,APPLAUS.,APPLAUSE.,Happiness,joy,happiness,happiness
"00:19:14,000","00:19:15,000",MUZIEK.,MUZIEK.,MUSIC.,Neutral,neutral,neutral,neutral
"00:19:19,000","00:19:20,000",MUZIEK.,MUZIEK.,MUSIC.,Neutral,neutral,neutral,neutral
"00:19:30,000","00:19:33,000",Ik hoorde je al aardig vroeg praten.,Ik hoorde je al aardig vroeg praten.,I heard you talking quite early.,Neutral,curiosity,neutral,neutral
"00:19:33,000","00:19:35,000","Ja, ik was vroeg wakker.","Ja, ik was vroeg wakker.","Yes, I woke up early.",Neutral,neutral,neutral,neutral
"00:19:35,000","00:19:39,000",We staan hier op en we denken dat dit de dag zou kunnen zijn dat we weer een proef moeten doen.,We staan hier op en we denken dat dit de dag zou kunnen zijn dat we weer een proef moeten doen.,We're standing here and we're thinking this might be the day that we have to do another test.,Neutral,nervousness,fear,neutral
"00:19:39,000","00:19:41,000",We hebben nog een beetje pasta.,We hebben nog een beetje pasta.,We still have some pasta left.,Neutral,neutral,neutral,neutral
"00:19:41,000","00:19:44,000","We hebben gewonnen bij proef 1, koolhydraten, snelheid en kracht.","We hebben gewonnen bij proef 1, koolhydraten, snelheid en kracht.","We won in trial 1, carbohydrates, speed and strength.",Happiness,pride,happiness,happiness
"00:19:44,000","00:19:46,000",Dus ik ga wel de pasta inzetten.,Dus ik ga wel de pasta inzetten.,So I'm going to use the pasta.,Neutral,determination,neutral,neutral
"00:19:46,000","00:19:47,000",Manje!,Manje!,Now!,Surprise,excitement,happiness,happiness
"00:19:47,000","00:19:49,000","Zo, ik heb honger ook.","Zo, ik heb honger ook.","Well, I'm hungry too.",Neutral,desire,happiness,happiness
"00:19:50,000","00:19:51,000",Manjarik!,Manjariq!,Manjariq!,Happiness,neutral,neutral,neutral
"00:19:51,000","00:19:52,000",Smakelijk!,Smakelijk!,Tasty!,Happiness,joy,happiness,happiness
"00:19:52,000","00:19:53,000",Smakelijk!,Smakelijk!,Tasty!,Happiness,joy,happiness,happiness
"00:19:53,000","00:19:54,000",Goed zo!,Goed zo!,Well done!,Happiness,admiration,happiness,happiness
"00:19:54,000","00:19:55,000",Dankjewel!,Dankjewel!,Thank you!,Happiness,gratitude,happiness,happiness
"00:19:55,000","00:19:56,000","Op de proef, he!","Op de proef, he!","On trial, hey!",Surprise,excitement,happiness,happiness
"00:19:56,000","00:19:58,000",Zullen we vandaag anders even proberen te winnen?,Zullen we vandaag anders even proberen te winnen?,Should we try to win today?,Neutral,curiosity,neutral,neutral
"00:19:58,000","00:19:59,000",TV GELDERLAND 2021.,TV GELDERLAND 2021.,TV GELDERLAND 2021.,Neutral,neutral,neutral,neutral
"00:20:00,000","00:20:02,000",Nee. Laten we dat eens even doen.,Nee. Laten we dat eens even doen.,No. Let's do that for a moment.,Anger,determination,neutral,neutral
"00:20:02,000","00:20:04,000",Zullen we dit even echt breakfast for champions laten zijn?,Zullen we dit even echt breakfast for champions laten zijn?,Shall we really make this a breakfast for champions?,Happiness,desire,happiness,happiness
"00:20:04,000","00:20:06,000",Daarom hebben we de pasta gedaan nu.,Daarom hebben we de pasta gedaan nu.,That's why we did the pasta now.,Neutral,realization,surprise,neutral
"00:20:06,000","00:20:08,000","Wat denken we, wat voor proef?","Wat denken we, wat voor proef?","What are we thinking, what kind of test?",Neutral,curiosity,neutral,neutral
"00:20:08,000","00:20:10,000","O, dit naast de chef. Ik denk weer zo'n power proef.","O, dit naast de chef. Ik denk weer zo'n power proef.","Oh, this next to the chef. I think another power test.",Neutral,anticipation,happiness,happiness
"00:20:10,000","00:20:12,000","Nee, ik maak me af.","Nee, ik maak me af.","No, I'm finishing myself off.",Sadness,determination,neutral,anger
"00:20:12,000","00:20:14,000",Het eerste was echt een power proef.,Het eerste was echt een power proef.,The first one was really a power test.,Neutral,realization,surprise,surprise
"00:20:14,000","00:20:16,000",Het zou me niks verbazen als het nu een ander soort proef is.,Het zou me niks verbazen als het nu een ander soort proef is.,I wouldn't be surprised if it's a different kind of test now.,Sadness,anticipation,happiness,happiness
"00:20:16,000","00:20:19,000",En we kunnen voordeel pakken.,En we kunnen voordeel pakken.,And we can take advantage.,Happiness,optimism,happiness,happiness
"00:20:19,000","00:20:20,000","Ja, we kunnen voordeel pakken.","Ja, we kunnen voordeel pakken.","Yes, we can take advantage.",Happiness,optimism,happiness,happiness
"00:20:20,000","00:20:22,000",We hebben Tante Frida.,We hebben Tante Frida.,We have Aunt Frida.,Happiness,neutral,neutral,neutral
"00:20:24,000","00:20:27,000",Het zal misschien een kleine voorsprong zijn van 30 seconden of van een minuut.,Het zal misschien een kleine voorsprong zijn van 30 seconden of van een minuut.,It might be a small lead of 30 seconds or a minute.,Neutral,optimism,happiness,neutral
"00:20:27,000","00:20:29,000",Of iets wat lichter is.,Of iets wat lichter is.,Or something lighter.,Neutral,neutral,neutral,neutral
"00:20:29,000","00:20:31,000",Als het gewoon puur rennen is.,Als het gewoon puur rennen is.,If it's just pure running.,Neutral,anticipation,happiness,happiness
"00:20:31,000","00:20:33,000",Heb je daar wielrenner Thomas.,Heb je daar wielrenner Thomas.,Do you have cyclist Thomas there?,Neutral,curiosity,neutral,neutral
"00:20:33,000","00:20:35,000",Heb je hier Doka Edith.,Heb je hier Doka Edith.,Do you have Doka Edith here?,Neutral,curiosity,neutral,neutral
"00:20:35,000","00:20:37,000",Dan komen wij natuurlijk...,Dan komen wij natuurlijk...,Then of course we come...,Anger,anticipation,happiness,neutral
"00:20:40,000","00:20:42,000",Kort en snel.,Kort en snel.,Short and fast.,Neutral,neutral,neutral,neutral
"00:43:53,000","00:43:56,000","Oké, dus kunnen ze misschien nu naar jouw huis lopen?","Oké, dus kunnen ze misschien nu naar jouw huis lopen?","Okay, so maybe they can walk to your house now?",neutral,desire,happiness,neutral
"00:43:56,000","00:43:58,000",Dan kunnen ze nu naar mijn huis.,Dan kunnen ze nu naar mijn huis.,Then they can go to my house now.,neutral,approval,happiness,neutral
"00:43:58,000","00:44:00,000","Ja, doe maar. Dan denken we daar wel verder wat te gaan doen.","Ja, doe maar. Dan denken we daar wel verder wat te gaan doen.",Yes please. Then we think we will do something further there.,neutral,optimism,happiness,neutral
"00:44:00,000","00:44:01,000",Ja.,Ja.,And.,neutral,neutral,neutral,neutral
"00:44:01,000","00:44:05,000","Niels, ik heb het voertuig al aangetroffen op een van de keerplaatsen.","Niels, ik heb het voertuig al aangetroffen op een van de keerplaatsen.","Niels, I have already found the vehicle at one of the turning points.",neutral,excitement,happiness,neutral
"00:44:05,000","00:44:06,000",Lekker.,Lekker.,Tasty.,happiness,joy,happiness,happiness
"00:44:06,000","00:44:09,000",Ik ga jullie ophalen en dan gaan we plakken.,Ik ga jullie ophalen en dan gaan we plakken.,I'll pick you up and then we'll go stick together.,neutral,optimism,happiness,neutral
"00:44:09,000","00:44:10,000","Ja, dat is goed.","Ja, dat is goed.",Yes that is good.,neutral,approval,happiness,neutral
"00:44:10,000","00:44:13,000","Het allerlaatste huis op de konijnlaan, dat is het.","Het allerlaatste huis op de konijnlaan, dat is het.","The very last house on Rabbit Lane, that's it.",neutral,realization,surprise,neutral
"00:44:13,000","00:44:15,000",Bedankt voor het helpen. We gaan even kijken.,Bedankt voor het helpen. We gaan even kijken.,Thanks for helping. We'll take a look.,neutral,gratitude,happiness,happiness
"00:44:15,000","00:44:17,000","Het allerlaatste huis op de konijnlaan, dat is het.","Het allerlaatste huis op de konijnlaan, dat is het.","The very last house on Rabbit Lane, that's it.",neutral,realization,surprise,neutral
"00:44:17,000","00:44:19,000",Bedankt voor het helpen. We gaan even kijken.,Bedankt voor het helpen. We gaan even kijken.,Thanks for helping. We'll take a look.,neutral,gratitude,happiness,neutral
"00:44:30,000","00:44:32,000",Uw baak is actief.,Uw baak is actief.,Your beacon is active.,neutral,neutral,neutral,neutral
"00:44:32,000","00:44:35,000","Hij pingt naar ons toe, dus hij is live.","Hij pingt naar ons toe, dus hij is live.","He's pinging us, so he's live.",neutral,realization,surprise,neutral
"00:44:35,000","00:44:36,000",Hij baakt nu toch?,Hij baakt nu toch?,"He's baking now, isn't he?",neutral,curiosity,neutral,neutral
"00:44:36,000","00:44:37,000",Wij krijgen hem hier binnen.,Wij krijgen hem hier binnen.,We'll get him in here.,neutral,desire,happiness,neutral
"00:44:37,000","00:44:38,000",Werkt perfect.,Werkt perfect.,Functions perfectly.,neutral,approval,happiness,happiness
"00:44:40,000","00:44:42,000",De meiden zijn blij met hun slaapplek.,De meiden zijn blij met hun slaapplek.,The girls are happy with their sleeping place.,happiness,joy,happiness,happiness
"00:44:42,000","00:44:45,000",Maar Kelly twijfelt of ze er wel gebruik van moeten maken.,Maar Kelly twijfelt of ze er wel gebruik van moeten maken.,But Kelly is unsure whether they should use it.,neutral,confusion,sadness,neutral
"00:44:45,000","00:44:51,000",Ik heb het idee dat als je hunter zegt of iets in die richting...,Ik heb het idee dat als je hunter zegt of iets in die richting...,I feel like when you say hunter or something like that...,neutral,confusion,sadness,neutral
"00:44:51,000","00:44:52,000",Dat ze het krijgen?,Dat ze het krijgen?,That they get it?,neutral,curiosity,neutral,neutral
"00:44:52,000","00:44:54,000",Dat ze het te horen krijgen.,Dat ze het te horen krijgen.,That they get to hear it.,neutral,realization,surprise,neutral
"00:44:54,000","00:44:56,000","Misschien niet nu, maar...","Misschien niet nu, maar...","Maybe not now, but...",neutral,anticipation,happiness,neutral
"00:44:58,000","00:45:01,000",Ze zetten 100% in op die woorden.,Ze zetten 100% in op die woorden.,They put 100% into those words.,neutral,admiration,happiness,neutral
"00:45:01,000","00:45:03,000",Dat kan toch niet anders?,Dat kan toch niet anders?,"It can't be any other way, can it?",neutral,realization,surprise,neutral
"00:45:03,000","00:45:04,000",Nee.,Nee.,Nee.,neutral,disapproval,disgust,neutral
"00:45:04,000","00:45:07,000",Het probleem is dat ik het niet 100% zeker weet.,Het probleem is dat ik het niet 100% zeker weet.,The problem is I'm not 100% sure.,neutral,confusion,sadness,neutral
"00:45:08,000","00:45:11,000","Maar toen je het zei, dacht ik meteen...","Maar toen je het zei, dacht ik meteen...","But when you said it, I immediately thought...",neutral,realization,surprise,surprise
"00:45:11,000","00:45:12,000",Error.,Error.,Error.,surprise,disappointment,sadness,surprise
"00:45:20,000","00:45:22,000",Ik weet het echt niet.,Ik weet het echt niet.,I really do not know.,neutral,confusion,sadness,neutral
"00:45:24,000","00:45:27,000",Als het is wat jij zegt...,Als het is wat jij zegt...,If it's what you say...,neutral,curiosity,neutral,neutral
"00:45:27,000","00:45:30,000",Dan zouden we niet eens meer naar dat huis moeten gaan.,Dan zouden we niet eens meer naar dat huis moeten gaan.,Then we wouldn't even have to go to that house anymore.,neutral,relief,happiness,neutral
"00:45:31,000","00:45:34,000",Romy en Kelly zijn nog maar een paar uur op de vlucht...,Romy en Kelly zijn nog maar een paar uur op de vlucht...,Romy and Kelly have only been on the run for a few hours...,neutral,nervousness,fear,neutral
"00:45:34,000","00:45:38,000",Ze zijn nog maar een paar uur op de vlucht en de paranoia slaat nu al toe.,Ze zijn nog maar een paar uur op de vlucht en de paranoia slaat nu al toe.,They've only been on the run for a few hours and already the paranoia is setting in.,neutral,fear,fear,neutral
"00:45:38,000","00:45:40,000",Anderen voor het vluchtigen hebben daar geen last van.,Anderen voor het vluchtigen hebben daar geen last van.,Others who flee are not bothered by this.,neutral,surprise,surprise,neutral
"00:45:40,000","00:45:42,000",Zitten zelfs al ergens binnen.,Zitten zelfs al ergens binnen.,They're even already inside somewhere.,surprise,surprise,surprise,surprise
"00:45:42,000","00:45:45,000","Vrienden Tim en Guus, na de start als eerste Rotterdam uit...","Vrienden Tim en Guus, na de start als eerste Rotterdam uit...","Friends Tim and Guus, the first to leave Rotterdam after the start...",neutral,admiration,happiness,neutral
"00:45:45,000","00:45:50,000",Hebben vrij snel daarna in Bleskensgraaf een geweldige plek voor de eerste nacht bemachtigd.,Hebben vrij snel daarna in Bleskensgraaf een geweldige plek voor de eerste nacht bemachtigd.,We quickly found a great spot for the first night in Bleskensgraaf.,neutral,joy,happiness,neutral
"00:45:50,000","00:45:51,000",Heerlijk.,Heerlijk.,Delicious.,happiness,joy,happiness,happiness
"00:45:51,000","00:45:52,000","Dit is niet kut, hè?","Dit is niet kut, hè?","This doesn't suck, right?",surprise,approval,happiness,happiness
"00:45:52,000","00:45:53,000",Nee.,Nee.,Nee.,neutral,disapproval,disgust,neutral
"00:45:53,000","00:45:54,000",Helemaal tof.,Helemaal tof.,Totally cool.,neutral,joy,happiness,happiness
"00:45:54,000","00:45:55,000",Potje kaarten vanavond.,Potje kaarten vanavond.,Game of cards tonight.,neutral,excitement,happiness,happiness
"00:45:55,000","00:45:57,000","Jij slaapt hier, dan slaap ik daar.","Jij slaapt hier, dan slaap ik daar.","You sleep here, I'll sleep there.",neutral,neutral,neutral,neutral
"00:26:44,000","00:26:46,000","Niet bellen? Nee, niemand bellen.","Niet bellen? Nee, niemand bellen.","Do not call? No, don't call anyone.",neutral,disapproval,disgust,neutral
"00:26:46,000","00:26:49,000","En als ik wel gebeld word, mag ik toch wel opnemen?","En als ik wel gebeld word, mag ik toch wel opnemen?","And if I do receive a call, am I allowed to answer it?",neutral,confusion,sadness,neutral
"00:26:49,000","00:26:51,000",Nee. Ook niet.,Nee. Ook niet.,No. Also not.,neutral,disapproval,disgust,neutral
"00:26:51,000","00:26:54,000","Oh, hij had zijn telefoon in de winkel moeten laten ook.","Oh, hij had zijn telefoon in de winkel moeten laten ook.","Oh, he should have left his phone in the store too.",neutral,realization,surprise,neutral
"00:26:54,000","00:26:57,000",Doet elkaar anders.,Doet elkaar anders.,Do each other differently.,neutral,neutral,neutral,neutral
"00:26:57,000","00:27:00,000","Hey, jullie zitten nog steeds in Rotterdam, of niet?","Hey, jullie zitten nog steeds in Rotterdam, of niet?","Hey, you're still in Rotterdam, aren't you?",neutral,curiosity,neutral,neutral
"00:27:00,000","00:27:02,000",Krimpen. Bijna in Krimpen.,Krimpen. Bijna in Krimpen.,Shrink. Almost in Krimpen.,neutral,neutral,neutral,neutral
"00:27:02,000","00:27:05,000","We zitten nu in Krimpen. Ja, bijna in Krimpen.","We zitten nu in Krimpen. Ja, bijna in Krimpen.","We are now in Krimpen. Yes, almost in Krimpen.",neutral,neutral,neutral,neutral
"00:27:05,000","00:27:09,000",Wij hebben een ANPR-hit gehad op de auto van de vader...,Wij hebben een ANPR-hit gehad op de auto van de vader...,We had an ANPR hit on the father's car...,neutral,realization,surprise,neutral
"00:27:09,000","00:27:11,000",van een van onze voortvluchtigen.,van een van onze voortvluchtigen.,of one of our fugitives.,neutral,disappointment,sadness,neutral
"00:27:11,000","00:27:13,000",Dus die zaak krijgt nu wel prioriteit.,Dus die zaak krijgt nu wel prioriteit.,So that matter is now a priority.,neutral,realization,surprise,neutral
"00:27:13,000","00:27:15,000",Dat is Rajiv. Ja.,Dat is Rajiv. Ja.,That's Rajiv. Yes.,neutral,neutral,neutral,neutral
"00:27:15,000","00:27:17,000",En Aygun.,En Aygun.,En Aygun.,neutral,neutral,neutral,neutral
"00:27:17,000","00:27:20,000",En de vader...,En de vader...,And the father...,neutral,curiosity,neutral,neutral
"00:27:20,000","00:27:22,000",Stand-by.,Stand-by.,Stand-by.,neutral,neutral,neutral,neutral
"00:27:25,000","00:27:28,000",Op dit moment is het opsporen van de voortvluchtigen...,Op dit moment is het opsporen van de voortvluchtigen...,"At this point, tracking down the fugitives...",neutral,determination,neutral,neutral
"00:27:28,000","00:27:30,000",belangrijker dan de container.,belangrijker dan de container.,more important than the container.,neutral,realization,surprise,neutral
"00:27:30,000","00:27:33,000",Bovendien lijkt de mysterieuze vrachtwagencombinatie...,Bovendien lijkt de mysterieuze vrachtwagencombinatie...,"Moreover, the mysterious truck combination seems...",neutral,curiosity,neutral,neutral
"00:27:33,000","00:27:35,000",inmiddels camera's te omzeilen.,inmiddels camera's te omzeilen.,can now bypass cameras.,neutral,realization,surprise,neutral
"00:27:35,000","00:27:38,000",Want er zijn al een tijdje geen nieuwe ANPR-meldingen...,Want er zijn al een tijdje geen nieuwe ANPR-meldingen...,Because there have been no new ANPR reports for a while...,neutral,disappointment,sadness,neutral
"00:27:38,000","00:27:41,000",of andere aanknopingspunten binnengekomen.,of andere aanknopingspunten binnengekomen.,or other leads have been received.,neutral,disappointment,sadness,neutral
"00:27:41,000","00:27:44,000",Daarom wordt deze zoektocht voorlopig gestaakt.,Daarom wordt deze zoektocht voorlopig gestaakt.,That is why this search is stopped for the time being.,neutral,disappointment,sadness,neutral
"00:27:45,000","00:27:47,000",Zijn we er?,Zijn we er?,Are we there?,neutral,curiosity,neutral,neutral
"00:27:52,000","00:27:54,000","Daar is het park. Ja, ja, ja.","Daar is het park. Ja, ja, ja.","There's the park. Yeah, yeah, yeah.",surprise,neutral,neutral,neutral
"00:27:54,000","00:27:56,000",Allee.,Allee.,Allee.,neutral,neutral,neutral,neutral
"00:27:56,000","00:27:58,000",Tot over drie weken.,Tot over drie weken.,See you in three weeks.,neutral,neutral,neutral,neutral
"00:27:58,000","00:28:00,000",Haha.,Haha.,Haha.,happiness,amusement,happiness,happiness
"00:28:00,000","00:28:02,000",Doei.,Doei.,Bye.,neutral,neutral,neutral,neutral
"00:28:02,000","00:28:04,000","O, jee.","O, jee.","O, hee.",neutral,surprise,surprise,neutral
"00:28:04,000","00:28:06,000","Nou, daar gaan we weer.","Nou, daar gaan we weer.","Well, here we go again.",neutral,resignation,sadness,neutral
"00:28:10,000","00:28:13,000","Ah, er is waarschijnlijk ergens vandaan gebeld.","Ah, er is waarschijnlijk ergens vandaan gebeld.","Ah, there's probably been a call from somewhere.",neutral,realization,surprise,neutral
"00:28:13,000","00:28:15,000","Naar die vader, of ze ze op kunnen halen.","Naar die vader, of ze ze op kunnen halen.","To that father, if they can pick them up.",neutral,curiosity,neutral,neutral
"00:28:15,000","00:28:17,000",Is een scenario.,Is een scenario.,Is a scenario.,neutral,neutral,neutral,neutral
"00:28:17,000","00:28:20,000",Maar dat is in ieder geval in de omgeving wat wij nu aangeven.,Maar dat is in ieder geval in de omgeving wat wij nu aangeven.,But that is certainly what we are indicating in the area.,neutral,realization,surprise,neutral
"00:28:20,000","00:28:22,000",All right.,All right.,All right.,neutral,approval,happiness,neutral
"00:28:24,000","00:28:26,000",Kan die telefoon worden uitgepeild.,Kan die telefoon worden uitgepeild.,Can that phone be tracked?,neutral,curiosity,neutral,neutral
"00:28:26,000","00:28:29,000","En de kans dat hij ergens is, is aannemelijk.","En de kans dat hij ergens is, is aannemelijk.",And there's a reasonable chance he's out there somewhere.,neutral,optimism,happiness,neutral
"00:28:30,000","00:28:33,000","Dat zij in die auto zitten, is ook aannemelijk.","Dat zij in die auto zitten, is ook aannemelijk.",It is also plausible that they are in that car.,neutral,realization,surprise,neutral
"00:28:33,000","00:28:36,000","Dus we moeten in die omgeving, wat nu wordt aangewezen op de celmarkt...","Dus we moeten in die omgeving, wat nu wordt aangewezen op de celmarkt...","So we have to work in that environment, which is now being referred to as the cell market...",neutral,determination,neutral,neutral
"00:28:36,000","00:28:38,000",gaan we een zoekslag maken op de auto.,gaan we een zoekslag maken op de auto.,we're going to search the car.,neutral,curiosity,neutral,neutral
"00:28:38,000","00:28:40,000",Dus jij krijgt de gegevens van het voertuig.,Dus jij krijgt de gegevens van het voertuig.,So you get the vehicle details.,neutral,neutral,neutral,neutral
"00:28:40,000","00:28:42,000","Om een zoekslag te maken, dan wachten wij...","Om een zoekslag te maken, dan wachten wij...","To make a search, we will wait...",neutral,anticipation,happiness,neutral
"00:28:42,000","00:28:45,000",op de info die we terugkrijgen van de officier.,op de info die we terugkrijgen van de officier.,on the information we receive back from the officer.,neutral,curiosity,neutral,neutral
"00:28:45,000","00:28:47,000",Yes. En dan gaan we erachteraan.,Yes. En dan gaan we erachteraan.,Yes. And then we go after it.,neutral,determination,neutral,neutral
"00:08:44,000","00:08:48,000","De bouwbouw, de bouwbouw is volgens mij een heilige bouw hier in de...","De bouwbouw, de bouwbouw is volgens mij een heilige bouw hier in de...","The construction, the construction is in my opinion a sacred construction here in the...",Neutral,admiration,happiness,neutral
"00:08:48,000","00:08:50,000",Dit is eigenlijk wel waarvoor ik ben teruggekomen.,Dit is eigenlijk wel waarvoor ik ben teruggekomen.,This is actually what I came back for.,Netural,realization,surprise,neutral
"00:08:50,000","00:08:52,000",Om de natuur op deze manier weer te ervaren.,Om de natuur op deze manier weer te ervaren.,To experience nature again in this way.,Neutral,joy,happiness,neutral
"00:08:52,000","00:08:54,000","Hier, deze bouwbouw zit niet erg in.","Hier, deze bouwbouw zit niet erg in.","Here, this construction is not very good.",Neutral,disapproval,disgust,neutral
"00:08:54,000","00:08:57,000","De grote bouwbouw, dat is zo'n mooi ding.","De grote bouwbouw, dat is zo'n mooi ding.","The big construction site, that is such a beautiful thing.",Happiness,admiration,happiness,happiness
"00:08:57,000","00:08:59,000",Helemaal.,Helemaal.,Absolutely.,Netural,approval,happiness,neutral
"00:08:59,000","00:09:01,000",En die boom dan.,En die boom dan.,And then that tree.,Neutral,neutral,neutral,neutral
"00:09:03,000","00:09:06,000","Zit eruit? Komt eruit? Ja, ik doe het zelf even.","Zit eruit? Komt eruit? Ja, ik doe het zelf even.","Is it out? Is it coming out? Yeah, I'll do it myself.",Neutral,determination,neutral,neutral
"00:09:06,000","00:09:08,000",Dat moet je voor jezelf doen.,Dat moet je voor jezelf doen.,You have to do that for yourself.,Disgust,neutral,neutral,neutral
"00:09:08,000","00:09:10,000","Jij kan misschien niet zo slim zijn, maar ik wil gewoon niet glijden.","Jij kan misschien niet zo slim zijn, maar ik wil gewoon niet glijden.","You may not be that smart, but I just don't want to slide.",Neutral,determination,neutral,neutral
"00:09:10,000","00:09:13,000",We zijn vandaag Erich het eiland aan het ontdekken.,We zijn vandaag Erich het eiland aan het ontdekken.,Today we are exploring the island with Erich.,Neutral,excitement,happiness,neutral
"00:09:13,000","00:09:16,000",En daar zijn we nu eigenlijk met z'n allen heel goed mee bezig.,En daar zijn we nu eigenlijk met z'n allen heel goed mee bezig.,And we are actually all doing very well with that now.,Neutral,optimism,happiness,happiness
"00:09:19,000","00:09:21,000","Sebas, je klimt die boom in.","Sebas, je klimt die boom in.","Sebas, you climb the tree.",Neutral,neutral,neutral,neutral
"00:09:25,000","00:09:27,000","Dominique zegt nog, pas op, pas op.","Dominique zegt nog, pas op, pas op.","Dominique also says, be careful, be careful.",Fear,fear,fear,fear
"00:09:28,000","00:09:31,000","Hij glijdt uit en ik dacht, dit is einde oefening voor Sebas.","Hij glijdt uit en ik dacht, dit is einde oefening voor Sebas.","He slips and I thought, this is the end of the exercise for Sebas.",Fear,fear,fear,fear
"00:09:31,000","00:09:33,000",Die zien we niet meer terug. Als eerste geëlimineerd.,Die zien we niet meer terug. Als eerste geëlimineerd.,We won't see them again. Eliminated first.,Neutral,disappointment,sadness,neutral
"00:09:33,000","00:09:35,000",Hadden we bijna met zes man die proef moeten doen.,Hadden we bijna met zes man die proef moeten doen.,We almost had to do that test with six people.,Anger,relief,happiness,happiness
"00:09:35,000","00:09:37,000","Dat ging goed, gelukkig.","Dat ging goed, gelukkig.","That went well, fortunately.",Happiness,relief,happiness,happiness
"00:09:37,000","00:09:39,000",De nauwe nood.,De nauwe nood.,The close need.,Neutral,neutral,neutral,neutral
"00:09:39,000","00:09:41,000","Oké, let's go back.","Oké, let's go back.","Oké, let's go back.",Neutral,neutral,neutral,neutral
"00:09:49,000","00:09:51,000",Dit eiland is prachtig.,Dit eiland is prachtig.,This island is beautiful.,Happiness,admiration,happiness,happiness
"00:09:51,000","00:09:53,000",Er zijn alleen twee nadelen.,Er zijn alleen twee nadelen.,There are only two drawbacks.,Neutral,disappointment,sadness,sadness
"00:09:53,000","00:09:55,000",Ep en vloed.,Ep en vloed.,Ebb and flow.,Neutral,neutral,neutral,neutral
"00:09:55,000","00:09:57,000",En regen.,En regen.,And rain.,Saddness,disappointment,sadness,neutral
"00:10:00,000","00:10:01,000",MUZIEK.,MUZIEK.,MUSIC.,Happiness,neutral,neutral,neutral
"00:10:10,000","00:10:13,000",Hoe gaan we het schapen jongens?,Hoe gaan we het schapen jongens?,How are we going to sheep boys?,Neutral,confusion,sadness,neutral
"00:10:13,000","00:10:19,000",Het liefst gewoon natuurlijk dat het doorloopt en dan die vevelen er bovenop.,Het liefst gewoon natuurlijk dat het doorloopt en dan die vevelen er bovenop.,I would prefer it to just continue naturally and then have those bores on top of it.,Neutral,annoyance,anger,neutral
"00:10:19,000","00:10:24,000","Het regent best wel veel en dat heb ik nog niet eerder meegemaakt met mijn expeditie-Rommerson,","Het regent best wel veel en dat heb ik nog niet eerder meegemaakt met mijn expeditie-Rommerson,","It rains quite a lot and I have never experienced that before with my expedition Rommerson,",Fear,disappointment,sadness,fear
"00:10:24,000","00:10:28,000",dat ik met ponchos loop en dat het echt met bakken uit de hemel valt.,dat ik met ponchos loop en dat het echt met bakken uit de hemel valt.,that I'm walking around with ponchos and that it's really pouring rain.,Anger,disappointment,sadness,anger
"00:10:28,000","00:10:31,000",Wat is het idee van het dak? Ik heb me daar niet mee bezig gehouden.,Wat is het idee van het dak? Ik heb me daar niet mee bezig gehouden.,What is the idea of ​​the roof? I have not been concerned with that.,Neutral,confusion,sadness,neutral
"00:10:32,000","00:10:35,000",Het plan van vlechten is afgeschoten.,Het plan van vlechten is afgeschoten.,The braiding plan has been scrapped.,Neutral,disappointment,sadness,neutral
"00:10:35,000","00:10:37,000",Dat hoor ik.,Dat hoor ik.,I hear that.,Neutral,neutral,neutral,neutral
"00:10:37,000","00:10:41,000",We kunnen dat stoel er nog tussen leggen en zij heeft een idee hoe dat moet.,We kunnen dat stoel er nog tussen leggen en zij heeft een idee hoe dat moet.,We can still put that chair in between and she has an idea how to do that.,Neutral,curiosity,neutral,neutral
"00:10:41,000","00:10:45,000",En misschien zowel in de lengte als in de breedte?,En misschien zowel in de lengte als in de breedte?,And maybe both in length and width?,Neutral,curiosity,neutral,neutral
"00:10:45,000","00:10:50,000","Ja, dan gaan we hier een strandje maken en dan kunnen we lekker op het strandzand liggen.","Ja, dan gaan we hier een strandje maken en dan kunnen we lekker op het strandzand liggen.","Yes, then we'll make a little beach here and we can lie down on the beach sand.",Neutral,optimism,happiness,happiness
"00:10:50,000","00:10:52,000","Oei, daar komt zand al aan.","Oei, daar komt zand al aan.","Oops, there's sand coming already.",Neutral,surprise,surprise,surprise
"00:10:52,000","00:10:55,000",Wat een beetje wordt dit hoor!,Wat een beetje wordt dit hoor!,How nice this is becoming!,Happiness,joy,happiness,happiness
"00:10:55,000","00:10:56,000",MUZIEK.,MUZIEK.,MUSIC.,Happiness,neutral,neutral,neutral
"00:10:59,000","00:11:00,000",MUZIEK.,MUZIEK.,MUSIC.,Happiness,neutral,neutral,neutral
"00:11:05,000","00:11:07,000",Kun je even blazen Niels?,Kun je even blazen Niels?,"Can you blow for a moment, Niels?",Neutral,neutral,neutral,neutral
"00:11:07,000","00:11:08,000",MUZIEK.,MUZIEK.,MUSIC.,Happiness,neutral,neutral,neutral
"00:11:10,000","00:11:13,000",Voel je je longen uit? Die zitten er nog lekker in.,Voel je je longen uit? Die zitten er nog lekker in.,Do you feel your lungs out? They are still there.,Neutral,amusement,happiness,neutral
"00:11:13,000","00:11:15,000",Waar rook is? Is het vuur?,Waar rook is? Is het vuur?,Where's smoke? Is it fire?,Fear,curiosity,neutral,neutral
"00:11:15,000","00:11:17,000",Is soms vuur.,Is soms vuur.,Is sometimes fire.,Neutral,realization,surprise,neutral
"00:33:36,000","00:33:38,000","Ja, dat is gewoon...","Ja, dat is gewoon...","Yeah, that's just...",neutral,neutral,neutral,neutral
"00:33:38,000","00:33:41,000",De Moonwalk van Niels kan je op vele manieren uitleggen.,De Moonwalk van Niels kan je op vele manieren uitleggen.,Niels' Moonwalk can be explained in many ways.,neutral,amusement,happiness,neutral
"00:33:41,000","00:33:44,000","Ja, weet je, ik zal heel eerlijk zijn.","Ja, weet je, ik zal heel eerlijk zijn.","Yeah, you know, I'll be very honest.",neutral,neutral,neutral,neutral
"00:33:45,000","00:33:47,000",Ik vond het echt wel rete irritant.,Ik vond het echt wel rete irritant.,I found it really annoying.,disgust,annoyance,anger,anger
"00:33:47,000","00:33:49,000",In mijn hoofd zit echt...,In mijn hoofd zit echt...,In my head there is really...,neutral,confusion,sadness,neutral
"00:33:49,000","00:33:53,000","Niels, als ik jou ooit nog tegenkom bij de samensmelting,","Niels, als ik jou ooit nog tegenkom bij de samensmelting,","Niels, if I ever meet you again at the merger,",anger,neutral,neutral,neutral
"00:33:53,000","00:33:57,000",dan maak ik je helemaal kapot!,dan maak ik je helemaal kapot!,then I will destroy you completely!,anger,anger,anger,anger
"00:33:57,000","00:33:58,000",MUZIEK.,MUZIEK.,MUSIC.,neutral,neutral,neutral,neutral
"00:33:59,000","00:34:02,000",Ik kon echt wel janken. Ik stond echt zo van...,Ik kon echt wel janken. Ik stond echt zo van...,I could really cry. I was like...,sadness,sadness,sadness,sadness
"00:34:02,000","00:34:05,000","Jezus, ja, gewoon kut!","Jezus, ja, gewoon kut!","Jesus, yeah, just shit!",anger,disgust,disgust,disgust
"00:34:05,000","00:34:09,000","Ja, er moet gewoon iemand naar huis.","Ja, er moet gewoon iemand naar huis.","Yeah, someone just has to go home.",neutral,disappointment,sadness,neutral
"00:34:09,000","00:34:13,000",Het is de nederlaag nummer twee en die komt hard binnen.,Het is de nederlaag nummer twee en die komt hard binnen.,It is defeat number two and it hits hard.,sadness,disappointment,sadness,sadness
"00:34:13,000","00:34:18,000",En het besef daalt onmiddellijk in dat we naar de eiland moeten.,En het besef daalt onmiddellijk in dat we naar de eiland moeten.,And the realization immediately dawns that we have to go to the island.,neutral,realization,surprise,neutral
"00:34:18,000","00:34:21,000","We hebben geen tijd om even bij te komen, helemaal niks.","We hebben geen tijd om even bij te komen, helemaal niks.","We don't have time to recover, nothing at all.",neutral,stress,sadness,neutral
"00:34:22,000","00:34:25,000",Het is gewoon stemmen met je donder.,Het is gewoon stemmen met je donder.,It's just voting with your thunder.,neutral,neutral,neutral,neutral
"00:34:29,000","00:34:33,000","Ja, we gaan denk ik allemaal kijken wat het sterkste team is.","Ja, we gaan denk ik allemaal kijken wat het sterkste team is.","Yeah, I think we're all going to see which is the strongest team.",neutral,curiosity,neutral,neutral
"00:34:33,000","00:34:35,000",We willen ook gewoon op mij stemmen.,We willen ook gewoon op mij stemmen.,We just want to vote for me.,neutral,disappointment,sadness,neutral
"00:34:35,000","00:34:37,000","Ja, het is echt een grafstemming.","Ja, het is echt een grafstemming.","Yes, it really is a grave atmosphere.",fear,sadness,sadness,fear
"00:34:37,000","00:34:40,000",Ik heb de kans dat ik straks naar huis moet.,Ik heb de kans dat ik straks naar huis moet.,There is a chance that I will have to go home soon.,neutral,fear,fear,neutral
"00:34:40,000","00:34:41,000",MUZIEK.,MUZIEK.,MUSIC.,neutral,neutral,neutral,neutral
"00:34:43,000","00:34:44,000",GEJUICH.,GEJUICH.,CHEERS.,happiness,joy,happiness,happiness
"00:34:45,000","00:34:49,000","Geen eilandraad, wij zijn veilig en dat betekent een heerlijke sfeer in het kamp.","Geen eilandraad, wij zijn veilig en dat betekent een heerlijke sfeer in het kamp.","No island council, we are safe and that means a wonderful atmosphere in the camp.",happiness,relief,happiness,happiness
"00:34:49,000","00:34:50,000",GEJUICH.,GEJUICH.,CHEERING.,happiness,joy,happiness,happiness
"00:34:51,000","00:34:53,000",Dus die failliet was eigenlijk helemaal niet nodig?,Dus die failliet was eigenlijk helemaal niet nodig?,So the bankruptcy was actually not necessary at all?,surprise,realization,surprise,surprise
"00:34:53,000","00:34:55,000","Nee, schat.","Nee, schat.",No honey.,neutral,neutral,neutral,neutral
"00:34:55,000","00:34:56,000",Dat weet je nooit zeker?,Dat weet je nooit zeker?,You never know for sure?,surprise,confusion,sadness,neutral
"00:34:56,000","00:34:57,000",Ik wil de boek niet doen.,Ik wil de boek niet doen.,I don't want to do the book.,disgust,disapproval,disgust,disgust
"00:34:57,000","00:35:00,000",Maar we zijn er maar kwijt en dan hebben we dat gezeik niet meer.,Maar we zijn er maar kwijt en dan hebben we dat gezeik niet meer.,But we only get rid of them and then we don't have that hassle anymore.,disgust,relief,happiness,disgust
"00:35:00,000","00:35:02,000","Dat weet je ook nooit zeker, nee.","Dat weet je ook nooit zeker, nee.","You never know for sure, no.",neutral,confusion,sadness,neutral
"00:35:02,000","00:35:03,000",GELACH.,GELACH.,LAUGHTER.,happiness,amusement,happiness,happiness
"00:35:03,000","00:35:06,000","Geen eilandraad, het scheelt zoveel stress.","Geen eilandraad, het scheelt zoveel stress.","No island council, it saves so much stress.",happiness,relief,happiness,happiness
"00:35:06,000","00:35:08,000","Nee, het is heerlijk man.","Nee, het is heerlijk man.","No, it's wonderful man.",happiness,joy,happiness,happiness
"00:35:08,000","00:35:12,000",Laat dit team gewoon intact blijven tot een mogelijke samensmelting.,Laat dit team gewoon intact blijven tot een mogelijke samensmelting.,Just let this team remain intact until a possible merge.,neutral,hope,happiness,neutral
"00:35:12,000","00:35:14,000","Het is niet mogelijk, daar gaan we gewoon voor.","Het is niet mogelijk, daar gaan we gewoon voor.","It's not possible, we're just going for it.",anger,determination,neutral,anger
"00:35:14,000","00:35:17,000","Fuck ja, jeetje jongens, we hoeven niks te doen.","Fuck ja, jeetje jongens, we hoeven niks te doen.","Fuck yeah, gee guys, we don't have to do anything.",happiness,relief,happiness,happiness
"00:35:17,000","00:35:21,000",Ik weet nog in mijn expeditie moest ik iedere proef achter elkaar naar de eilandraad.,Ik weet nog in mijn expeditie moest ik iedere proef achter elkaar naar de eilandraad.,I remember during my expedition I had to go to the island council for every test one after the other.,disgust,disappointment,sadness,sadness
"00:35:21,000","00:35:23,000",Ik heb toen nog nooit geen eilandraad gezien.,Ik heb toen nog nooit geen eilandraad gezien.,I had never seen an island council before.,surprise,neutral,neutral,neutral
"00:35:23,000","00:35:26,000","En nu dacht ik, ik ben er even van af.","En nu dacht ik, ik ben er even van af.","And now I thought, I'm done with it for a while.",disgust,relief,happiness,happiness
"00:35:26,000","00:35:28,000",En dat is eigenlijk een heel lekker gevoel.,En dat is eigenlijk een heel lekker gevoel.,And that's actually a really nice feeling.,happiness,joy,happiness,happiness
"00:35:28,000","00:35:30,000",Wie denk je dat eruit gaat?,Wie denk je dat eruit gaat?,Who do you think will get out?,neutral,curiosity,neutral,neutral
"00:35:30,000","00:35:33,000",Ik denk Thomas of Christel.,Ik denk Thomas of Christel.,I think Thomas or Christel.,neutral,confusion,sadness,neutral
"00:35:33,000","00:35:38,000","Ik weet niet waarom, maar ik heb het gevoel dat het andere groepje heel erg hecht is.","Ik weet niet waarom, maar ik heb het gevoel dat het andere groepje heel erg hecht is.","I don't know why, but I feel like the other group is really close.",neutral,nervousness,fear,fear
"00:35:38,000","00:35:41,000",Maar ik denk wel dat ze vandaag echt heel erg balen.,Maar ik denk wel dat ze vandaag echt heel erg balen.,But I do think they are really disappointed today.,neutral,realization,surprise,neutral
"00:35:41,000","00:35:42,000","Nee man, maar je bent ziek.","Nee man, maar je bent ziek.","No man, but you're sick.",happiness,disapproval,disgust,disgust
"00:46:59,000","00:47:01,000","Ja, ergens rond die boom. Maxiem, bedankt.","Ja, ergens rond die boom. Maxiem, bedankt.","Yes, somewhere around that tree. Maxim, thank you.",neutral,gratitude,happiness,neutral
"00:47:01,000","00:47:03,000",Tot straks. Dank je wel.,Tot straks. Dank je wel.,See you later. Thank you.,neutral,gratitude,happiness,neutral
"00:47:03,000","00:47:05,000",We moeten even uit het park.,We moeten even uit het park.,We need to get out of the park for a while.,fear,nervousness,fear,fear
"00:47:05,000","00:47:07,000",Ik wil niet in een park opgepakt worden.,Ik wil niet in een park opgepakt worden.,I don't want to get picked up in a park.,fear,fear,fear,fear
"00:47:07,000","00:47:10,000",Terwijl Hunterteam 1 met spoed naar Breda rijdt...,Terwijl Hunterteam 1 met spoed naar Breda rijdt...,While Hunter Team 1 rushes to Breda...,neutral,excitement,happiness,neutral
"00:47:10,000","00:47:14,000",is Team 2 voor een snelle sweep aangekomen bij de camping...,is Team 2 voor een snelle sweep aangekomen bij de camping...,Team 2 has arrived at the campsite for a quick sweep...,neutral,neutral,neutral,neutral
"00:47:14,000","00:47:18,000",die naar voren is gekomen als mogelijke schuilplaats van Aygun en Rajiv.,die naar voren is gekomen als mogelijke schuilplaats van Aygun en Rajiv.,which has emerged as a possible hideout of Aygun and Rajiv.,neutral,curiosity,neutral,neutral
"00:47:18,000","00:47:20,000",De receptie is gesloten.,De receptie is gesloten.,The reception is closed.,neutral,disappointment,sadness,neutral
"00:47:20,000","00:47:24,000","Hallo, mevrouw. Wij zijn op zoek naar een paar voortsvluchtigen.","Hallo, mevrouw. Wij zijn op zoek naar een paar voortsvluchtigen.",Hello Miss. We're looking for some fugitives.,neutral,neutral,neutral,neutral
"00:47:24,000","00:47:26,000","O, jeetje.","O, jeetje.","Oh, dear.",surprise,surprise,surprise,surprise
"00:47:26,000","00:47:28,000",En deze mensen zien er zo uit.,En deze mensen zien er zo uit.,And these people look like this.,neutral,neutral,neutral,neutral
"00:47:28,000","00:47:30,000",Zijn ze op dit moment hoogblond?,Zijn ze op dit moment hoogblond?,Are they currently blonde?,neutral,curiosity,neutral,neutral
"00:47:32,000","00:47:34,000","Nee, absoluut niet.","Nee, absoluut niet.",No absolutely not.,neutral,disapproval,disgust,disgust
"00:47:34,000","00:47:37,000",Ik ben hier ook niet de hele dag geweest.,Ik ben hier ook niet de hele dag geweest.,I haven't been here all day either.,neutral,neutral,neutral,neutral
"00:47:37,000","00:47:41,000","En dit is heel rustig, dus je ziet iedereen langskomen.","En dit is heel rustig, dus je ziet iedereen langskomen.","And this is very quiet, so you see everyone passing by.",neutral,neutral,neutral,neutral
"00:47:41,000","00:47:43,000","Nee, ik weet het niet.","Nee, ik weet het niet.",No I do not know.,neutral,confusion,sadness,neutral
"00:47:43,000","00:47:45,000","Nou, zoeken we verder. Dank je wel.","Nou, zoeken we verder. Dank je wel.","Well, let's keep looking. Thank you.",neutral,determination,neutral,neutral
"00:47:45,000","00:47:48,000",Kijken we even verder. Bedankt voor je tijd.,Kijken we even verder. Bedankt voor je tijd.,Let's look further. Thank you for your time.,neutral,gratitude,happiness,neutral
"00:47:48,000","00:47:52,000","AQ, Team 2, camping is negatief.","AQ, Team 2, camping is negatief.","AQ, Team 2, campsite is negative.",neutral,disappointment,sadness,neutral
"00:47:52,000","00:47:56,000",We hebben hier en daar mensen bevraagd die wel aanwezig zijn...,We hebben hier en daar mensen bevraagd die wel aanwezig zijn...,We have asked people here and there who are present...,neutral,neutral,neutral,neutral
"00:47:56,000","00:48:00,000",maar geen signalen dat hier de twee zich hebben opgehouden.,maar geen signalen dat hier de twee zich hebben opgehouden.,but no signals that the two have been there.,neutral,disappointment,sadness,sadness
"00:48:00,000","00:48:03,000",Hoewel de hunters akelig dichtbij waren...,Hoewel de hunters akelig dichtbij waren...,Even though the hunters were awfully close...,fear,nervousness,fear,fear
"00:48:03,000","00:48:07,000",is het Aygun en Rajiv gelukt om ongezien Rotterdam uit te komen.,is het Aygun en Rajiv gelukt om ongezien Rotterdam uit te komen.,Aygun and Rajiv managed to get out of Rotterdam unnoticed.,happiness,relief,happiness,happiness
"00:48:07,000","00:48:10,000","En ze zijn nu in Amersfoort, bij kennissen.","En ze zijn nu in Amersfoort, bij kennissen.","And they are now in Amersfoort, with acquaintances.",neutral,neutral,neutral,neutral
"00:48:10,000","00:48:14,000",Jij wilt niet weten wat voor stress we vandaag hebben meegemaakt.,Jij wilt niet weten wat voor stress we vandaag hebben meegemaakt.,You don't want to know what kind of stress we went through today.,anger,stress,sadness,anger
"00:48:14,000","00:48:17,000","Hier? O, toppie. Nou.","Hier? O, toppie. Nou.",Here? Oh great. Well.,surprise,surprise,surprise,surprise
"00:48:17,000","00:48:19,000",Hallo. Hello.,Hallo. Hello.,Hello Hello.,neutral,neutral,neutral,neutral
"00:48:19,000","00:48:21,000",Dank je wel. Thanks.,Dank je wel. Thanks.,Thank you. Thanks.,neutral,gratitude,happiness,happiness
"00:48:21,000","00:48:23,000",Hoi. Toch.,Hoi. Toch.,Hi. Still.,neutral,neutral,neutral,neutral
"00:48:23,000","00:48:25,000","We zijn er, schat.","We zijn er, schat.","We're here, baby.",happiness,relief,happiness,happiness
"00:48:26,000","00:48:30,000",Op het hoofdkwartier willen ze nu zo snel mogelijk naar Rajivs vader.,Op het hoofdkwartier willen ze nu zo snel mogelijk naar Rajivs vader.,At headquarters they now want to get to Rajiv's father as quickly as possible.,neutral,urgency,fear,fear
"00:48:30,000","00:48:33,000",Het kan niet anders dan dat hij het duo een lift heeft gegeven...,Het kan niet anders dan dat hij het duo een lift heeft gegeven...,It can only be that he gave the duo a lift...,neutral,realization,surprise,surprise
"00:48:33,000","00:48:37,000",en ze sluiten niet uit dat hij ze nog een keer te hulp zal schieten.,en ze sluiten niet uit dat hij ze nog een keer te hulp zal schieten.,and they do not rule out that he will come to their aid again.,neutral,anticipation,happiness,neutral
"00:48:37,000","00:48:39,000","Als dat zo is, willen de hunters daarbij zijn.","Als dat zo is, willen de hunters daarbij zijn.","If so, the hunters want to be there.",neutral,determination,neutral,neutral
"00:48:39,000","00:48:42,000",Die vader heeft die gasten waarschijnlijk gebracht...,Die vader heeft die gasten waarschijnlijk gebracht...,That dad probably brought those guys...,neutral,realization,surprise,neutral
"00:48:42,000","00:48:45,000","maar er mag geen woord over gezegd worden, helemaal niks.","maar er mag geen woord over gezegd worden, helemaal niks.","but not a word can be said about it, nothing at all.",fear,frustration,anger,anger
"00:48:45,000","00:48:48,000",Met de achterliggende reden dat we er later nog op willen investeren?,Met de achterliggende reden dat we er later nog op willen investeren?,With the underlying reason that we want to invest in it later?,neutral,curiosity,neutral,neutral
"00:48:48,000","00:48:52,000",Ik ben er bijna van overtuigd dat die vader een spil gaat worden in dat verhaal.,Ik ben er bijna van overtuigd dat die vader een spil gaat worden in dat verhaal.,I'm almost convinced that father will become a pivotal figure in that story.,neutral,realization,surprise,neutral
"00:48:52,000","00:48:54,000",Ze gaan een bakel onder die auto doen.,Ze gaan een bakel onder die auto doen.,They're going to put a hammer under that car.,fear,anticipation,happiness,fear
"00:48:54,000","00:48:56,000",Maar het is heel logisch dat je daar...,Maar het is heel logisch dat je daar...,But it makes perfect sense that you...,neutral,realization,surprise,surprise
"00:48:56,000","00:48:58,000","Team 2, haak u over.","Team 2, haak u over.","Team 2, move over.",neutral,neutral,neutral,neutral
"00:48:58,000","00:49:00,000",Zouden jullie willen gaan richting Leiden?,Zouden jullie willen gaan richting Leiden?,Would you like to go to Leiden?,neutral,curiosity,neutral,neutral
"00:49:00,000","00:49:03,000","Een verhoor van die vader, alsof we van niks weten?","Een verhoor van die vader, alsof we van niks weten?","An interrogation of that father, as if we don't know anything?",anger,confusion,sadness,anger
"00:49:03,000","00:49:06,000",De spullen van Rajiv mogen ook in beslag genomen worden.,De spullen van Rajiv mogen ook in beslag genomen worden.,Rajiv's belongings may also be confiscated.,fear,disapproval,disgust,fear
"00:12:27,000","00:12:30,000",Dan verdelen we de zaken en kan de jacht los.,Dan verdelen we de zaken en kan de jacht los.,Then we divide the cases and the hunt can begin.,neutral,excitement,happiness,happiness
"00:12:33,000","00:12:35,000",Ik moet echt weg.,Ik moet echt weg.,I really have to go.,neutral,nervousness,fear,neutral
"00:12:35,000","00:12:37,000",Fuck.,Fuck.,Fuck.,anger,anger,anger,anger
"00:12:37,000","00:12:40,000",Dat hoofdkantoor zit hier in Rotterdam.,Dat hoofdkantoor zit hier in Rotterdam.,That head office is located here in Rotterdam.,neutral,neutral,neutral,neutral
"00:12:40,000","00:12:42,000",We zijn hier binnen twee minuten.,We zijn hier binnen twee minuten.,We'll be here in two minutes.,neutral,anticipation,happiness,neutral
"00:12:42,000","00:12:44,000",Bijna iedereen is weg van de startlocatie.,Bijna iedereen is weg van de startlocatie.,Almost everyone is away from the starting location.,neutral,realization,surprise,surprise
"00:12:44,000","00:12:46,000",Op twee koppels na.,Op twee koppels na.,Except for two couples.,neutral,surprise,surprise,neutral
"00:12:46,000","00:12:49,000",Een van die twee is het voortvluchtige duo Bishan en Shiva.,Een van die twee is het voortvluchtige duo Bishan en Shiva.,One of those two is the fugitive duo Bishan and Shiva.,neutral,curiosity,neutral,neutral
"00:12:49,000","00:12:52,000",Twee trotse Venlo'ers en boezemvrienden.,Twee trotse Venlo'ers en boezemvrienden.,Two proud Venlo residents and best friends.,happiness,admiration,happiness,happiness
"00:12:52,000","00:12:54,000",Die wel van spanning houden.,Die wel van spanning houden.,Who like tension.,neutral,curiosity,neutral,neutral
"00:12:54,000","00:12:56,000",Wat wil je nou gaan doen? We moeten weg.,Wat wil je nou gaan doen? We moeten weg.,What do you want to do now? We have to leave.,neutral,nervousness,fear,fear
"00:12:56,000","00:12:58,000",Welke kant op? Die kant op.,Welke kant op? Die kant op.,Which way? That way.,neutral,confusion,sadness,sadness
"00:12:58,000","00:13:00,000",Ik zag daar allemaal dingen.,Ik zag daar allemaal dingen.,I saw all kinds of things there.,neutral,curiosity,neutral,neutral
"00:13:00,000","00:13:02,000",In stress doen wij samen het heel goed.,In stress doen wij samen het heel goed.,We do very well together under stress.,happiness,approval,happiness,happiness
"00:13:02,000","00:13:04,000",We kunnen elkaar goed scherp houden.,We kunnen elkaar goed scherp houden.,We can keep each other sharp.,happiness,approval,happiness,happiness
"00:13:04,000","00:13:08,000","Als de een afzwakt, weet de ander elkaar weer scherp te krijgen.","Als de een afzwakt, weet de ander elkaar weer scherp te krijgen.","If one weakens, the other manages to bring each other back into focus.",happiness,admiration,happiness,happiness
"00:13:08,000","00:13:11,000","Ze zeggen van kom op, even focus, en dan weer door.","Ze zeggen van kom op, even focus, en dan weer door.","They say come on, focus for a moment, and then move on.",neutral,approval,happiness,neutral
"00:13:11,000","00:13:14,000","Luister, wat gaan we nou doen?","Luister, wat gaan we nou doen?","Listen, what are we going to do now?",neutral,confusion,sadness,sadness
"00:13:14,000","00:13:16,000",Echt stress hebben wij nooit.,Echt stress hebben wij nooit.,We never really have stress.,neutral,pride,happiness,happiness
"00:13:16,000","00:13:19,000","Op straat een busje aanhouden, rijden, dat werkt niet.","Op straat een busje aanhouden, rijden, dat werkt niet.","Hailing a van on the street, driving, that doesn't work.",neutral,disappointment,sadness,sadness
"00:13:19,000","00:13:21,000",Niet dat we daaraan onderdoor gaan.,Niet dat we daaraan onderdoor gaan.,Not that we will lose out on that.,neutral,optimism,happiness,neutral
"00:13:21,000","00:13:23,000",Dat we dan stil komen te vallen.,Dat we dan stil komen te vallen.,That we will then come to a standstill.,neutral,fear,fear,fear
"00:13:23,000","00:13:26,000",Of dat we niet meer weten wat we moeten doen.,Of dat we niet meer weten wat we moeten doen.,Or that we no longer know what to do.,neutral,fear,fear,fear
"00:13:26,000","00:13:28,000",Ik weet het niet.,Ik weet het niet.,Don't know.,neutral,confusion,sadness,sadness
"00:13:28,000","00:13:31,000",Concrete plannen hebben we niet gemaakt.,Concrete plannen hebben we niet gemaakt.,We have not made any concrete plans.,neutral,realization,surprise,surprise
"00:13:31,000","00:13:33,000",Dat past niet bij ons.,Dat past niet bij ons.,That doesn't suit us.,neutral,disapproval,disgust,disgust
"00:13:33,000","00:13:35,000",We willen op dat moment kijken wat het beste is.,We willen op dat moment kijken wat het beste is.,We want to see what is best at that moment.,neutral,desire,happiness,neutral
"00:13:35,000","00:13:37,000",En op basis daarvan beslissingen nemen.,En op basis daarvan beslissingen nemen.,And make decisions based on that.,neutral,desire,happiness,neutral
"00:13:37,000","00:13:40,000",We gaan naar het station kijken of we onderweg iets kunnen fixen.,We gaan naar het station kijken of we onderweg iets kunnen fixen.,We're going to the station to see if we can fix anything along the way.,neutral,optimism,happiness,neutral
"00:13:40,000","00:13:42,000",Daar gewoon pinnen en wegwezen.,Daar gewoon pinnen en wegwezen.,Just pin there and go.,neutral,desire,happiness,neutral
"00:13:42,000","00:13:44,000",De plan is altijd spelbaar.,De plan is altijd spelbaar.,The plan is always playable.,neutral,optimism,happiness,happiness
"00:13:44,000","00:13:47,000","En als we zelf niet weten wat we gaan doen, weten de onderzoekers het ook niet.","En als we zelf niet weten wat we gaan doen, weten de onderzoekers het ook niet.","And if we don't know what we're going to do ourselves, the researchers don't know either.",neutral,optimism,happiness,sadness
"00:13:48,000","00:13:50,000",Station dan.,Station dan.,Stations and.,neutral,neutral,neutral,neutral
"00:13:50,000","00:13:52,000",En dan richting Eindhoven.,En dan richting Eindhoven.,And then towards Eindhoven.,neutral,desire,happiness,neutral
"00:13:53,000","00:13:55,000",In Eindhoven heb je sowieso poortjes.,In Eindhoven heb je sowieso poortjes.,In Eindhoven you have gates anyway.,neutral,realization,surprise,neutral
"00:13:55,000","00:13:57,000",Dan weten ze dat we daaruit stappen.,Dan weten ze dat we daaruit stappen.,Then they know that we are leaving.,neutral,realization,surprise,surprise
"00:13:57,000","00:13:59,000","Maar als we dat niet uitchecken, weten ze ook dat we dat niet...","Maar als we dat niet uitchecken, weten ze ook dat we dat niet...","But if we don't check that out, they also know that we don't...",neutral,realization,surprise,surprise
"00:13:59,000","00:14:01,000",Weet je wat we doen?,Weet je wat we doen?,Do you know what we do?,neutral,curiosity,neutral,neutral
"00:14:01,000","00:14:03,000",We geven die af in Eindhoven.,We geven die af in Eindhoven.,We deliver them in Eindhoven.,neutral,surprise,surprise,neutral
"00:14:03,000","00:14:05,000",We stappen in station 1 of 2 voor eerder uit.,We stappen in station 1 of 2 voor eerder uit.,We get off at station 1 or 2 for an earlier exit.,neutral,optimism,happiness,neutral
"00:14:05,000","00:14:08,000",We geven die aan andere mensen in de trein die wel in Eindhoven uitstappen.,We geven die aan andere mensen in de trein die wel in Eindhoven uitstappen.,We give them to other people on the train who get off in Eindhoven.,neutral,surprise,surprise,neutral
"00:14:08,000","00:14:10,000","Als we helemaal gaan, moeten we gewoon gaan.","Als we helemaal gaan, moeten we gewoon gaan.","If we're going all the way, we just have to go.",neutral,determination,neutral,neutral
"00:14:10,000","00:14:12,000",En dan zien we waar het heen ligt.,En dan zien we waar het heen ligt.,And then we'll see where it goes.,neutral,curiosity,neutral,neutral
"00:14:12,000","00:14:14,000",Dan denken ze dat wij daar zijn uitgestapt.,Dan denken ze dat wij daar zijn uitgestapt.,Then they think we got off there.,neutral,optimism,happiness,neutral
"00:02:10,000","00:02:13,000",De hunters halen alles uit de kast om dit te voorkomen.,De hunters halen alles uit de kast om dit te voorkomen.,The hunters do everything they can to prevent this.,Neutral,determination,neutral,neutral
"00:02:13,000","00:02:16,000",Zoeken op 1. Op 1. Machtiging vragen.,Zoeken op 1. Op 1. Machtiging vragen.,Search on 1. On 1. Request authorization.,Neutral,desire,happiness,neutral
"00:02:16,000","00:02:17,000",Machtiging vragen op 1.,Machtiging vragen op 1.,Request authorization on 1.,Neutral,desire,happiness,neutral
"00:02:17,000","00:02:20,000","Team 2, team 3, houtrakkerweg nummer 1.","Team 2, team 3, houtrakkerweg nummer 1.","Team 2, team 3, logging road number 1.",Neutral,neutral,neutral,neutral
"00:02:20,000","00:02:23,000",Vanuit het hoofdkwartier maken zij jacht op de wortvluchtigen.,Vanuit het hoofdkwartier maken zij jacht op de wortvluchtigen.,From headquarters they hunt for the wort fugitives.,Neutral,determination,neutral,neutral
"00:02:24,000","00:02:25,000",Waar wachten we op?,Waar wachten we op?,What are we waiting for?,surprise,impatience,neutral,neutral
"00:02:25,000","00:02:27,000",Aan het hoofd van het team staat zoals altijd...,Aan het hoofd van het team staat zoals altijd...,"As always, at the head of the team is...",Neutral,neutral,neutral,neutral
"00:02:27,000","00:02:29,000",oud-politiecommissaris Sander Schaapman.,oud-politiecommissaris Sander Schaapman.,former police commissioner Sander Schaapman.,Neutral,admiration,happiness,neutral
"00:02:29,000","00:02:32,000",500 euro als het leidt tot de aanhouding.,500 euro als het leidt tot de aanhouding.,500 euros if it leads to the arrest.,Neutral,desire,happiness,neutral
"00:02:32,000","00:02:35,000",De operationeel leider is Marcel van der Ven.,De operationeel leider is Marcel van der Ven.,The operational leader is Marcel van der Ven.,Neutral,admiration,happiness,neutral
"00:02:35,000","00:02:38,000",Hij maakt er jarenlang deel uit van een specialistische eenheid...,Hij maakt er jarenlang deel uit van een specialistische eenheid...,He has been part of a specialist unit there for many years...,Neutral,admiration,happiness,neutral
"00:02:38,000","00:02:41,000",die georganiseerde misdaad en terrorisme bestrijdt.,die georganiseerde misdaad en terrorisme bestrijdt.,that fights organized crime and terrorism.,Neutral,admiration,happiness,neutral
"00:02:41,000","00:02:44,000",En hij weet hoe moeilijk het voor een wortvluchtige is...,En hij weet hoe moeilijk het voor een wortvluchtige is…,And he knows how hard it is for a wort fugitive...,Sadness,realization,surprise,sadness
"00:02:44,000","00:02:45,000",om onder de radar te blijven.,om onder de radar te blijven.,to stay under the radar.,Neutral,fear,fear,neutral
"00:02:45,000","00:02:47,000",Het moeilijkste van op de vlucht zijn...,Het moeilijkste van op de vlucht zijn...,The hardest part about being on the run...,Sadness,fear,fear,fear
"00:02:47,000","00:02:50,000",is dat je je niet laat leiden door je stress.,is dat je je niet laat leiden door je stress.,is that you don't let your stress guide you.,anger,nervousness,fear,fear
"00:02:50,000","00:02:53,000",Dat niet te veel mensen van je vlucht afweten.,Dat niet te veel mensen van je vlucht afweten.,That not too many people know about your flight.,Neutral,fear,fear,fear
"00:02:53,000","00:02:54,000",Dus wat je van plan bent.,Dus wat je van plan bent.,So what are you up to.,Neutral,curiosity,neutral,neutral
"00:02:54,000","00:02:57,000","Want je verrader, die slaapt nooit.","Want je verrader, die slaapt nooit.","Because your traitor, he never sleeps.",Anger,fear,fear,fear
"00:02:57,000","00:03:00,000",Hij stuurt een team aan van tactisch rechercheurs.,Hij stuurt een team aan van tactisch rechercheurs.,He directs a team of tactical investigators.,Neutral,admiration,happiness,neutral
"00:03:00,000","00:03:03,000",Op Rotterdam Centraal zijn wortvluchtigen herkend.,Op Rotterdam Centraal zijn wortvluchtigen herkend.,Wort fugitives have been recognized at Rotterdam Central Station.,Neutral,surprise,surprise,neutral
"00:03:03,000","00:03:09,000","Analysten, digitale rechercheurs en drie mobiele hunterteams.","Analysten, digitale rechercheurs en drie mobiele hunterteams.","Analysts, digital detectives and three mobile hunter teams.",Neutral,admiration,happiness,neutral
"00:03:09,000","00:03:13,000",De wortvluchtigen worden gezien als AAA-criminelen.,De wortvluchtigen worden gezien als AAA-criminelen.,The wort volatiles are considered AAA criminals.,Neutral,disapproval,disgust,neutral
"00:03:13,000","00:03:15,000",En daarom zijn de bevoegdheden van dit team groot.,En daarom zijn de bevoegdheden van dit team groot.,And that is why the powers of this team are great.,Happiness,admiration,happiness,happiness
"00:03:15,000","00:03:19,000",Van telefoontabs tot cartracking en het inzetten van hackbevoegdheden.,Van telefoontabs tot cartracking en het inzetten van hackbevoegdheden.,From telephone tabs to car tracking and the use of hacking powers.,Surprise,admiration,happiness,neutral
"00:03:19,000","00:03:23,000",Alle middelen staan tot hun beschikking om de wortvluchtige te pakken.,Alle middelen staan tot hun beschikking om de wortvluchtige te pakken.,All means are at their disposal to catch the wort volatile.,Neutral,determination,neutral,neutral
"00:03:23,000","00:03:26,000",We hebben een onwijs goed team die gretig is...,We hebben een onwijs goed team die gretig is...,We have an incredibly good team that is eager...,Happiness,pride,happiness,happiness
"00:03:26,000","00:03:29,000",en zich absoluut niet meer van de wijs laat nemen.,en zich absoluut niet meer van de wijs laat nemen.,and will absolutely not be fooled anymore.,Anger,determination,neutral,anger
"00:03:29,000","00:03:34,000",Het zal me eer te na zijn dat er ook nog maar eentje overblijft dit jaar.,Het zal me eer te na zijn dat er ook nog maar eentje overblijft dit jaar.,I will be honored if only one remains this year.,Surprise,optimism,happiness,surprise
"00:03:34,000","00:03:38,000",Wie lukt het uit handen te blijven van de hunters?,Wie lukt het uit handen te blijven van de hunters?,Who will manage to stay out of the hands of the hunters?,Fear,curiosity,neutral,fear
"00:03:42,000","00:03:45,000",De twaalf personen zijn thuis opgehaald...,De twaalf personen zijn thuis opgehaald...,The twelve people were picked up at home...,Neutral,surprise,surprise,neutral
"00:03:45,000","00:03:48,000",en geblinddoekt vervoerd naar een voor hen onbekende locatie.,en geblinddoekt vervoerd naar een voor hen onbekende locatie.,and transported blindfolded to a location unknown to them.,Neutral,fear,fear,neutral
"00:03:48,000","00:03:50,000",Ergens in Nederland.,Ergens in Nederland.,Somewhere in the Netherlands.,Neutral,neutral,neutral,neutral
"00:03:50,000","00:03:54,000",Vanuit hier zullen ze over een paar minuten op de vlucht slaan.,Vanuit hier zullen ze over een paar minuten op de vlucht slaan.,From here they will flee in a few minutes.,Neutral,fear,fear,neutral
"00:03:54,000","00:03:57,000",Tot jullie spreekt de winnaar van Hunted Fips.,Tot jullie spreekt de winnaar van Hunted Fips.,The winner of Hunted Fips speaks to you.,Neutral,admiration,happiness,neutral
"00:03:57,000","00:04:02,000",Ik was de nummer twee. Luister goed naar wat wij te zeggen hebben.,Ik was de nummer twee. Luister goed naar wat wij te zeggen hebben.,I was number two. Listen carefully to what we have to say.,Neutral,curiosity,neutral,neutral
"00:04:02,000","00:04:05,000",Jullie zijn de nieuwe wortvluchtigen van Hunted.,Jullie zijn de nieuwe wortvluchtigen van Hunted.,You're Hunted's new wort fugitives.,Neutral,surprise,surprise,neutral
"00:04:05,000","00:04:07,000",Voor jullie ligt een kaartje.,Voor jullie ligt een kaartje.,There is a card in front of you.,Neutral,neutral,neutral,neutral
"00:04:07,000","00:04:12,000",Schrijf daar de naam op van iemand die je 100% vertrouwt.,Schrijf daar de naam op van iemand die je 100% vertrouwt.,Write down the name of someone you trust 100%.,Neutral,curiosity,neutral,neutral
"00:04:13,000","00:04:15,000",Wie is dat?,Wie is dat?,Who is that?,Surprise,curiosity,neutral,surprise
"00:04:15,000","00:04:17,000",We halen heel veel camera's.,We halen heel veel camera's.,We get a lot of cameras.,Neutral,neutral,neutral,neutral
"00:04:17,000","00:04:19,000",Is ze slim genoeg om ons te helpen?,Is ze slim genoeg om ons te helpen?,Is she smart enough to help us?,Disgust,curiosity,neutral,neutral
"00:04:19,000","00:04:21,000",Ze heeft alles gezien.,Ze heeft alles gezien.,She's seen everything.,Neutral,realization,surprise,neutral
"00:04:21,000","00:04:24,000",Die persoon krijgt precies na zeven dagen...,Die persoon krijgt precies na zeven dagen...,That person gets exactly after seven days...,Neutral,neutral,neutral,neutral
"00:31:00,000","00:31:03,000",Maar waar staat de pinautomaat? Is dat in het station?,Maar waar staat de pinautomaat? Is dat in het station?,But where is the ATM? Is that in the station?,neutral,confusion,sadness,neutral
"00:31:03,000","00:31:05,000","Ja, ik denk het wel.","Ja, ik denk het wel.","Yes, I think so.",neutral,approval,happiness,neutral
"00:31:05,000","00:31:07,000","Het is niet goed voor je bloeddruk, dit.","Het is niet goed voor je bloeddruk, dit.","It's not good for your blood pressure, this.",neutral,disapproval,disgust,disgust
"00:31:07,000","00:31:11,000","Ik denk dat gedisciplineerd te werk gaan, dat is gewoon de key.","Ik denk dat gedisciplineerd te werk gaan, dat is gewoon de key.",I think being disciplined is just the key.,neutral,realization,surprise,neutral
"00:31:11,000","00:31:14,000",Want je wilt gewoon niet dat ze de stappen kunnen traceren.,Want je wilt gewoon niet dat ze de stappen kunnen traceren.,Because you just don't want them to be able to trace the steps.,neutral,fear,fear,fear
"00:31:14,000","00:31:18,000",Je kan dus hier ook metro en bus pakken. En tram. Eigenlijk is prachtig.,Je kan dus hier ook metro en bus pakken. En tram. Eigenlijk is prachtig.,So you can also take the metro and bus here. And tram. Actually it's beautiful.,happiness,admiration,happiness,happiness
"00:31:18,000","00:31:20,000",Ik ga juist beneden even alles bekijken.,Ik ga juist beneden even alles bekijken.,I'm just going downstairs to take a look at everything.,neutral,curiosity,neutral,neutral
"00:31:20,000","00:31:23,000","En als je nog een busje kan regelen, is het nog beter misschien.","En als je nog een busje kan regelen, is het nog beter misschien.","And if you can arrange a van, it might be even better.",neutral,desire,happiness,neutral
"00:31:23,000","00:31:26,000","We zijn er niet voor niks met z'n tweeën, dus daar moeten we ook echt gebruik van maken.","We zijn er niet voor niks met z'n tweeën, dus daar moeten we ook echt gebruik van maken.","It's not without reason that there are two of us, so we really have to take advantage of that.",neutral,realization,surprise,surprise
"00:31:26,000","00:31:30,000","Het zal wel pittig worden, maar we houden gewoon elke keer voor ons zelf in gedachten...","Het zal wel pittig worden, maar we houden gewoon elke keer voor ons zelf in gedachten...","It will be tough, but we just keep ourselves in mind every time...",neutral,nervousness,fear,fear
"00:31:30,000","00:31:33,000",dat we willen winnen. En we doen gewoon alles wat daarvoor nodig is.,dat we willen winnen. En we doen gewoon alles wat daarvoor nodig is.,that we want to win. And we just do whatever it takes.,neutral,determination,neutral,neutral
"00:31:33,000","00:31:38,000","Meneer, meneer. Zouden wij vijf minuutjes met u mee mogen rijden?","Meneer, meneer. Zouden wij vijf minuutjes met u mee mogen rijden?","Sir, sir. Could we ride with you for five minutes?",neutral,desire,happiness,neutral
"00:31:38,000","00:31:39,000",Met u mee mogen rijden?,Met u mee mogen rijden?,Would you like to ride with you?,neutral,confusion,sadness,neutral
"00:31:39,000","00:31:42,000",Wij moeten zo snel mogelijk hier weg. We zijn op de vlucht. Ik heb mijn...,Wij moeten zo snel mogelijk hier weg. We zijn op de vlucht. Ik heb mijn...,We have to get out of here as quickly as possible. We are on the run. I have my...,fear,fear,fear,fear
"00:31:42,000","00:31:43,000",We gaan naar Den Haag.,We gaan naar Den Haag.,We are going to The Hague.,neutral,determination,neutral,neutral
"00:31:43,000","00:31:46,000","Ja? Oké, ik ben over één minuut terug.","Ja? Oké, ik ben over één minuut terug.","Yes? Okay, I'll be back in one minute.",neutral,approval,happiness,neutral
"00:31:46,000","00:31:50,000","We hebben echt al zoveel samen meegemaakt. We leven samen, dus dit kunnen we ook aan.","We hebben echt al zoveel samen meegemaakt. We leven samen, dus dit kunnen we ook aan.","We have really been through so much together. We live together, so we can handle this too.",neutral,optimism,happiness,happiness
"00:31:50,000","00:31:53,000","En zolang we elkaar scherp houden, dan zijn we het echt perfecte duo.","En zolang we elkaar scherp houden, dan zijn we het echt perfecte duo.","And as long as we keep each other on our toes, then we really are the perfect duo.",neutral,pride,happiness,happiness
"00:31:53,000","00:31:55,000","Kelly, go, go, go.","Kelly, go, go, go.","Kelly, go, go, go.",neutral,excitement,happiness,happiness
"00:31:55,000","00:31:59,000",We willen gewoon eens het tegendeel bewijzen en het eerste vrouwelijke duo worden...,We willen gewoon eens het tegendeel bewijzen en het eerste vrouwelijke duo worden...,We just want to prove the opposite and become the first female duo...,happiness,determination,neutral,happiness
"00:31:59,000","00:32:01,000",wat samen de finishline gaat behalen.,wat samen de finishline gaat behalen.,which will reach the finish line together.,happiness,optimism,happiness,happiness
"00:32:01,000","00:32:02,000","O, jullie zijn helden.","O, jullie zijn helden.","Oh, you guys are heroes.",happiness,admiration,happiness,happiness
"00:32:04,000","00:32:06,000",Dank je wel. Doei.,Dank je wel. Doei.,Thank you. Bye.,neutral,gratitude,happiness,neutral
"00:32:06,000","00:32:07,000",Hopen.,Hopen.,To hope.,fear,optimism,happiness,happiness
"00:32:07,000","00:32:10,000","O, god. Dan liggen we straks binnen twee dagen uit.","O, god. Dan liggen we straks binnen twee dagen uit.",Oh God. Then we'll be out in two days.,fear,fear,fear,fear
"00:32:13,000","00:32:16,000",Terwijl Romy en Kelly een beetje op adem komen...,Terwijl Romy en Kelly een beetje op adem komen...,While Romy and Kelly catch their breath...,neutral,relief,happiness,neutral
"00:32:16,000","00:32:21,000","is Hunter Team 3 in IJsselstein bij Milanne, een hele goede vriendin van Kelly.","is Hunter Team 3 in IJsselstein bij Milanne, een hele goede vriendin van Kelly.","Hunter Team 3 is in IJsselstein with Milanne, a very good friend of Kelly.",neutral,neutral,neutral,neutral
"00:32:21,000","00:32:24,000","Een logisch startpunt, omdat ze vaak contact hebben met elkaar...","Een logisch startpunt, omdat ze vaak contact hebben met elkaar...","A logical starting point, because they often have contact with each other...",neutral,realization,surprise,neutral
"00:32:24,000","00:32:26,000",en Milanne mogelijk meer weet.,en Milanne mogelijk meer weet.,and Milanne may know more.,neutral,curiosity,neutral,neutral
"00:32:26,000","00:32:30,000",Maar de hunters zijn zo kort na de start vooral geïnteresseerd in digitale sporen...,Maar de hunters zijn zo kort na de start vooral geïnteresseerd in digitale sporen...,"But so soon after the start, the hunters are mainly interested in digital traces...",neutral,curiosity,neutral,neutral
"00:32:30,000","00:32:32,000",die mogelijk nog niet zijn gewist.,die mogelijk nog niet zijn gewist.,that may not have been cleared yet.,neutral,realization,surprise,surprise
"00:32:32,000","00:32:36,000","Hoi, wij zijn hier om jou aan het spreken te gaan.","Hoi, wij zijn hier om jou aan het spreken te gaan.","Hi, we are here to speak to you.",neutral,neutral,neutral,neutral
"00:32:36,000","00:32:39,000","Lilianne, zou ik van jou jouw telefoon even mogen hebben?","Lilianne, zou ik van jou jouw telefoon even mogen hebben?","Lilianne, could I have your phone for a moment?",neutral,desire,happiness,neutral
"00:32:39,000","00:32:41,000",Zou je die van mij willen ontgrendelen? Heb je een iPhone?,Zou je die van mij willen ontgrendelen? Heb je een iPhone?,Would you like to unlock mine? Do you have an iPhone?,neutral,curiosity,neutral,neutral
"00:32:41,000","00:32:42,000",Ja.,Ja.,And.,neutral,neutral,neutral,neutral
"00:32:43,000","00:32:44,000","Mooi, perfect.","Mooi, perfect.","Beautiful, perfect.",happiness,approval,happiness,happiness
"00:32:49,000","00:32:53,000","Kun je wat vertellen over het leven van Kelly, wat zij zoal doet?","Kun je wat vertellen over het leven van Kelly, wat zij zoal doet?","Can you tell us a little about Kelly's life, what she does?",neutral,curiosity,neutral,neutral
"00:32:53,000","00:32:54,000",Dagelijks leven?,Dagelijks leven?,Daily life?,neutral,curiosity,neutral,neutral
"00:32:54,000","00:32:58,000",Ze werkt bij een sportmarkt in Braille.,Ze werkt bij een sportmarkt in Braille.,She works at a sports market in Braille.,neutral,neutral,neutral,neutral
"00:32:58,000","00:33:02,000","Ja? Kijk, die willen we allemaal hebben.","Ja? Kijk, die willen we allemaal hebben.","Yes? Look, we all want that.",surprise,desire,happiness,surprise
"00:33:02,000","00:33:06,000",Op het hoofdkwartier zit digitaal-rechercheur Martijn inmiddels in de telefoon van Milanne...,Op het hoofdkwartier zit digitaal-rechercheur Martijn inmiddels in de telefoon van Milanne...,"At headquarters, digital detective Martijn is now in Milanne's phone...",neutral,curiosity,neutral,neutral
"00:33:07,000","00:33:10,000",en daar stuit hij op een verdachte chatsessie.,en daar stuit hij op een verdachte chatsessie.,and there he comes across a suspicious chat session.,surprise,surprise,surprise,surprise
"00:33:10,000","00:33:12,000",Niets gedeeld met jullie?,Niets gedeeld met jullie?,Nothing shared with you?,neutral,curiosity,neutral,neutral
"00:33:12,000","00:33:15,000","Nee, we hebben niks gedeeld. We weten echt niks.","Nee, we hebben niks gedeeld. We weten echt niks.","No, we didn't share anything. We really don't know anything.",neutral,confusion,sadness,fear
"00:39:26,000","00:39:28,000",Jullie openden het kistje.,Jullie openden het kistje.,You opened the box.,neutral,surprise,surprise,neutral
"00:39:28,000","00:39:32,000",En jullie slugen de spiegel het snelst stuk.,En jullie sloegen de spiegel het snelst stuk.,And you guys are the quickest to break the mirror.,neutral,surprise,surprise,neutral
"00:39:32,000","00:39:34,000",Jullie namen dit risico.,Jullie namen dit risico.,You took this risk.,neutral,approval,happiness,neutral
"00:39:34,000","00:39:37,000",En daarom zitten jullie in deze geheime ruimte.,En daarom zitten jullie in deze geheime ruimte.,And that's why you're in this secret room.,neutral,neutral,neutral,neutral
"00:39:37,000","00:39:41,000",Jullie krijgen later bijzondere opdrachten.,Jullie krijgen later bijzondere opdrachten.,You will receive special assignments later.,neutral,neutral,neutral,neutral
"00:39:41,000","00:39:47,000",En jullie kunnen ook via de geheime gang meekijken in het huis.,En jullie kunnen ook via de geheime gang meekijken in het huis.,And you can also look into the house through the secret passage.,neutral,neutral,neutral,neutral
"00:39:47,000","00:39:49,000",Oké.,Oké.,Okay.,neutral,neutral,neutral,neutral
"00:39:49,000","00:39:52,000",Doe dit steeds in volledige stilte.,Doe dit steeds in volledige stilte.,Always do this in complete silence.,neutral,neutral,neutral,neutral
"00:39:52,000","00:39:57,000",Het meekijken is belangrijk om jullie opdrachten te laten slagen.,Het meekijken is belangrijk om jullie opdrachten te laten slagen.,Monitoring is important to ensure your assignments are successful.,neutral,neutral,neutral,neutral
"00:39:57,000","00:39:59,000",Ik stel voor...,Ik stel voor...,I suggest...,neutral,neutral,neutral,neutral
"00:40:00,000","00:40:02,000",Ik wil dat jullie al eens gaan meekijken.,Ik wil dat jullie al eens gaan meekijken.,I want you to take a look.,neutral,curiosity,neutral,neutral
"00:40:03,000","00:40:06,000","Als het licht groen is, kunnen jullie gaan.","Als het licht groen is, kunnen jullie gaan.","When the light is green, you can go.",neutral,neutral,neutral,neutral
"00:40:06,000","00:40:10,000",En bij een rood licht mogen jullie de geheime gang niet in.,En bij een rood licht mogen jullie de geheime gang niet in.,And you are not allowed to enter the secret passage at a red light.,neutral,neutral,neutral,neutral
"00:40:10,000","00:40:15,000","Belangrijk nog, jullie moeten volledig in het zwart gekleed zijn...","Belangrijk nog, jullie moeten volledig in het zwart gekleed zijn...","Most importantly, you must be dressed completely in black...",neutral,neutral,neutral,neutral
"00:40:15,000","00:40:18,000",als jullie de gang ingaan.,als jullie de gang ingaan.,when you enter the hallway.,neutral,neutral,neutral,neutral
"00:40:18,000","00:40:21,000",Veel succes en wees stil.,Veel succes en wees stil.,Good luck and be quiet.,neutral,neutral,neutral,neutral
"00:40:22,000","00:40:24,000","Ik ga mijn hakken dan wel uit doen, als we zorgen.","Ik ga mijn hakken dan wel uit doen, als we zorgen.",I'll take off my heels if we take care of it.,neutral,optimism,happiness,neutral
"00:40:25,000","00:40:27,000",Want dat hoort geheim.,Want dat hoort geheim.,Because that should be a secret.,neutral,neutral,neutral,neutral
"00:40:27,000","00:40:30,000",Dit was de laatste bewoner die via de studio het huis in wordt gestuurd.,Dit was de laatste bewoner die via de studio het huis in wordt gestuurd.,This was the last resident to be sent into the house via the studio.,neutral,neutral,neutral,neutral
"00:40:30,000","00:40:33,000",Maar Dylano is absoluut niet de laatste.,Maar Dylano is absoluut niet de laatste.,But Dylano is definitely not the last.,neutral,neutral,neutral,neutral
"00:40:33,000","00:40:36,000",Tijdens deze uitzendingen zag je wat vage beelden van de koffers...,Tijdens deze uitzendingen zag je wat vage beelden van de koffers...,During these broadcasts you saw some vague images of the suitcases...,neutral,neutral,neutral,neutral
"00:40:36,000","00:40:39,000","die Ashley, Alice, Tyron, Laylee en Sonja moesten achterlaten.","die Ashley, Alice, Tyron, Laylee en Sonja moesten achterlaten.","that Ashley, Alice, Tyron, Laylee and Sonja had to leave behind.",sadness,sadness,sadness,sadness
"00:40:39,000","00:40:42,000",Die koffers zijn in een aparte ruimte gezet...,Die koffers zijn in een aparte ruimte gezet...,Those suitcases are placed in a separate room...,neutral,neutral,neutral,neutral
"00:40:42,000","00:40:45,000",want vijf nieuwbewoners worden voor een spannende keuze gesteld.,want vijf nieuwbewoners worden voor een spannende keuze gesteld.,because five new residents are faced with an exciting choice.,suprise,excitement,happiness,happiness
"00:40:46,000","00:40:50,000",Wie die vijf nieuwbewoners zijn en welke belangrijke keuze zij moeten maken...,Wie die vijf nieuwbewoners zijn en welke belangrijke keuze zij moeten maken...,Who are those five new residents and what important choice they have to make...,neutral,curiosity,neutral,neutral
"00:40:50,000","00:40:52,000",dat horen ze nu van Big Brother zelf.,dat horen ze nu van Big Brother zelf.,They now hear this from Big Brother himself.,neutral,neutral,neutral,neutral
"00:40:57,000","00:41:01,000",Ik heb mentaal de noden gerustgenomen om me er zo goed mogelijk op te voorbereiden.,Ik heb mentaal de noden gerustgenomen om me er zo goed mogelijk op te voorbereiden.,I mentally calmed down to prepare for it as best I could.,neutral,nervousness,fear,fear
"00:41:01,000","00:41:03,000",Ik denk dat ik er helemaal klaar voor ben.,Ik denk dat ik er helemaal klaar voor ben.,I think I'm ready for it.,happiness,optimism,happiness,happiness
"00:41:05,000","00:41:08,000",Ik heb me niet echt voorbereid. Ik ga het gewoon op me laten afkomen.,Ik heb me niet echt voorbereid. Ik ga het gewoon op me laten afkomen.,I didn't really prepare myself. I'm just going to let it happen to me.,neutral,nervousness,fear,neutral
"00:41:11,000","00:41:14,000","Ik ben nieuwsgierig, dus...","Ik ben nieuwsgierig, dus...","I'm curious, so...",happiness,curiosity,neutral,neutral
"00:41:14,000","00:41:16,000",laat de wedstrijd beginnen.,laat de wedstrijd beginnen.,let the match begin.,happiness,excitement,happiness,happiness
"00:41:16,000","00:41:19,000","Je had het misschien niet voorspeld, maar mijn naam is Dylano.","Je had het misschien niet voorspeld, maar mijn naam is Dilano.","You might not have predicted it, but my name is Dilano.",neutral,neutral,neutral,neutral
"00:41:19,000","00:41:23,000","Ik ben een nieuwsgierig, dus ik ga het gewoon op me laten afkomen.","Ik ben een nieuwsgierig, dus ik ga het gewoon op me laten afkomen.","I'm a curious person, so I'm just going to let it happen.",happiness,curiosity,neutral,neutral
"00:41:24,000","00:41:29,000","Je had het misschien niet voorspeld, maar mijn spel begint nu.","Je had het misschien niet voorspeld, maar mijn spel begint nu.","You might not have predicted it, but my game starts now.",happiness,excitement,happiness,happiness
"00:41:29,000","00:41:30,000","Zo, nu al.","Zo, nu al.","There, already.",surprise,neutral,neutral,neutral
"00:41:30,000","00:41:33,000",Ja.,Ja.,And.,neutral,neutral,neutral,neutral
"00:41:33,000","00:41:35,000",Top. Ik ben er klaar voor.,Top. Ik ben er klaar voor.,Top. I am ready.,happiness,excitement,happiness,happiness
"00:41:35,000","00:41:39,000",Jij gebruikt soms kaarten om in de toekomst te kijken.,Jij gebruikt soms kaarten om in de toekomst te kijken.,You sometimes use maps to see into the future.,neutral,curiosity,neutral,neutral
"00:41:39,000","00:41:43,000",Wat hebben de kaarten je verteld over dit avontuur?,Wat hebben de kaarten je verteld over dit avontuur?,What did the cards tell you about this adventure?,neutral,curiosity,neutral,neutral
"00:41:43,000","00:41:48,000","Wat de kaarten mij hebben laten zien, is dat er een overwinning aankomt.","Wat de kaarten mij hebben laten zien, is dat er een overwinning aankomt.",What the cards have shown me is that victory is coming.,happiness,optimism,happiness,happiness
"00:41:48,000","00:41:57,000",Maar dat kan je eigenlijk op meerdere manieren interpreteren.,Maar dat kan je eigenlijk op meerdere manieren interpreteren.,But you can actually interpret that in several ways.,neutral,confusion,sadness,neutral
"00:41:57,000","00:42:01,000",Dus eigenlijk is het al een overwinning dat ik het huis in mag.,Dus eigenlijk is het al een overwinning dat ik het huis in mag.,So actually it's already a victory that I can enter the house.,happiness,joy,happiness,happiness
"00:42:01,000","00:42:05,000",Je hebt al afscheid moeten nemen van je GSM. Deed dat pijn?,Je hebt al afscheid moeten nemen van je GSM. Deed dat pijn?,You've already had to say goodbye to your cell phone. Did that hurt?,sadness,curiosity,neutral,sadness
"01:05:29,000","01:05:30,000",It's oké.,It's oké.,It's okay.,neutral,relief,happiness,neutral
"01:05:30,000","01:05:32,000",Je mag de koffer terugzetten.,Je mag de koffer terugzetten.,You may put the suitcase back.,neutral,disappointment,sadness,neutral
"01:05:32,000","01:05:35,000",Oh my fuck.,Oh my fuck.,Oh my fuck.,anger,disappointment,sadness,anger
"01:05:36,000","01:05:41,000","Basiri, kom naar de dagboekkamer en neem je kistje mee.","Basiri, kom naar de dagboekkamer en neem je kistje mee.","Basiri, come to the diary room and take your box with you.",neutral,neutral,neutral,neutral
"01:05:51,000","01:05:52,000",Easy.,Easy.,Easy.,neutral,relief,happiness,neutral
"01:05:52,000","01:05:55,000","Randy, ben je er helemaal klaar voor?","Randy, ben je er helemaal klaar voor?","Randy, are you ready?",neutral,curiosity,neutral,neutral
"01:05:55,000","01:05:56,000",Ik ben helemaal ready.,Ik ben helemaal ready.,I'm completely ready.,neutral,confidence,happiness,neutral
"01:05:56,000","01:05:58,000",Dan wens ik je veel succes.,Dan wens ik je veel succes.,Then I wish you the best of luck.,neutral,optimism,happiness,neutral
"01:05:58,000","01:05:59,000",Dank je wel.,Dank je wel.,Thank you.,neutral,gratitude,happiness,neutral
"01:06:02,000","01:06:03,000",Zo.,Zo.,Like this.,neutral,neutral,neutral,neutral
"01:06:06,000","01:06:08,000",Ik voel enorm veel druk.,Ik voel enorm veel druk.,I feel a lot of pressure.,fear,nervousness,fear,fear
"01:06:08,000","01:06:10,000",Omdat ik mijn eigen koffer heb gekozen.,Omdat ik mijn eigen koffer heb gekozen.,Because I chose my own suitcase.,neutral,nervousness,fear,neutral
"01:06:10,000","01:06:12,000",Dus daar wil ik alles op alles voor zetten...,Dus daar wil ik alles op alles voor zetten...,So I want to do everything I can for that...,neutral,determination,neutral,neutral
"01:06:12,000","01:06:15,000",om voor Lennie zijn koffer binnen te slepen.,om voor Lennie zijn koffer binnen te slepen.,to drag his suitcase in for Lennie.,neutral,determination,neutral,neutral
"01:06:17,000","01:06:20,000","Randy, dan wil ik nu graag van jou horen...","Randy, dan wil ik nu graag van jou horen...","Randy, now I'd like to hear from you...",neutral,curiosity,neutral,neutral
"01:06:20,000","01:06:25,000",welk oog jij denkt dat het oog van Lennie jouw duopartner is.,welk oog jij denkt dat het oog van Lennie jouw duopartner is.,which eye do you think Lennie's eye is your duo partner.,neutral,curiosity,neutral,neutral
"01:06:27,000","01:06:29,000",Dan ga ik voor...,Dan ga ik voor...,Then I go for...,neutral,anticipation,happiness,neutral
"01:06:29,000","01:06:30,000",14.,14.,14.,neutral,neutral,neutral,neutral
"01:06:35,000","01:06:37,000",Helaas.,Helaas.,Unfortunately.,sadness,disappointment,sadness,sadness
"01:06:37,000","01:06:41,000",Het oog dat jij gekozen hebt is niet het oog van Lennie.,Het oog dat jij gekozen hebt is niet het oog van Lennie.,The eye you chose is not Lennie's eye.,neutral,disappointment,sadness,neutral
"01:06:41,000","01:06:42,000",Jeetje.,Jeetje.,Oh dear.,sadness,disappointment,sadness,sadness
"01:06:42,000","01:06:45,000","Ja, dat is pittig, man.","Ja, dat is pittig, man.","Yeah, that's tough, man.",sadness,sympathy,neutral,neutral
"01:06:45,000","01:06:48,000",Ik voel een teleurstelling.,Ik voel een teleurstelling.,I feel disappointed.,sadness,disappointment,sadness,sadness
"01:06:48,000","01:06:51,000",Een stukje vertrouwen wat ik hem wil geven...,Een stukje vertrouwen wat ik hem wil geven...,A piece of trust I want to give him...,neutral,regret,sadness,sadness
"01:06:52,000","01:06:54,000",kon ik hem op dat moment niet geven.,kon ik hem op dat moment niet geven.,I couldn't give it to him at that moment.,sadness,regret,sadness,sadness
"01:06:54,000","01:06:55,000","Sorry, man.","Sorry, man.","Sorry, man.",sadness,remorse,sadness,sadness
"01:06:57,000","01:06:58,000",Fuck.,Fuck.,Fuck.,anger,anger,anger,anger
"01:06:58,000","01:06:59,000",Is niet erg.,Is niet erg.,Does not matter.,neutral,acceptance,neutral,neutral
"01:07:06,000","01:07:08,000","Oh, damn.","Oh, damn.","Oh, damn.",sadness,disappointment,sadness,sadness
"01:07:09,000","01:07:10,000",Oh my God.,Oh my God.,Oh my God.,surprise,surprise,surprise,surprise
"01:07:11,000","01:07:12,000",Oh my God. Oh my God. Oh my God.,Oh my God. Oh my God. Oh my God.,Oh my God. Oh my God. Oh my God.,surprise,surprise,surprise,surprise
"01:07:13,000","01:07:14,000",Oh my God. Oh my God. Oh my God.,Oh my God. Oh my God. Oh my God.,Oh my God. Oh my God. Oh my God.,surprise,surprise,surprise,surprise
"01:07:17,000","01:07:19,000",Daar is hij. Hij is geslapen.,Daar is hij. Hij is geslapen.,There he is. He's been asleep.,neutral,surprise,surprise,surprise
"01:07:20,000","01:07:22,000","Heb je al een idee, Sonja?","Heb je al een idee, Sonja?","Do you have an idea yet, Sonja?",neutral,curiosity,neutral,neutral
"01:07:24,000","01:07:26,000","Ja, ik weet het, denk ik.","Ja, ik weet het, denk ik.","Yeah, I know, I think.",neutral,confidence,happiness,neutral
"01:07:26,000","01:07:28,000","Vertel, Sonja. Welk oog...","Vertel, Sonja. Welk oog...","Tell me, Sonja. Which eye...",neutral,curiosity,neutral,neutral
"01:07:28,000","01:07:30,000",Ik denk 27.,Ik denk 27.,I think 27.,neutral,neutral,neutral,neutral
"01:07:30,000","01:07:33,000",Is dat je definitieve keuze?,Is dat je definitieve keuze?,Is that your final choice?,neutral,curiosity,neutral,neutral
"01:07:33,000","01:07:34,000",Ja.,Ja.,And.,neutral,anticipation,happiness,neutral
"01:07:37,000","01:07:39,000",En dat is het oog van Lennie?,En dat is het oog van Lennie?,And that's Lennie's eye?,surprise,curiosity,neutral,neutral
"01:07:39,000","01:07:41,000",Dat is het oog van Lennie.,Dat is het oog van Lennie.,That's Lennie's eye.,neutral,realization,surprise,neutral
"01:07:41,000","01:07:43,000",Dat is het oog van Lennie.,Dat is het oog van Lennie.,That's Lennie's eye.,neutral,realization,surprise,neutral
"01:07:43,000","01:07:45,000",Dat is het oog van Lennie.,Dat is het oog van Lennie.,That's Lennie's eye.,neutral,realization,surprise,neutral
"00:16:22,000","00:16:24,000",Dat is wat ik bij de euro was.,Dat is wat ik bij de euro was.,That's what I was with the euro.,neutral,realization,surprise,neutral
"00:16:24,000","00:16:26,000","Als je hier bent, drie keer toeteren.","Als je hier bent, drie keer toeteren.","If you're here, honk three times.",neutral,anticipation,happiness,neutral
"00:16:26,000","00:16:29,000","Als je drie keer toetert, weten we dat je er bent.","Als je drie keer toetert, weten we dat je er bent.","If you honk three times, we'll know you're there.",neutral,anticipation,happiness,neutral
"00:16:29,000","00:16:31,000",Dank je wel.,Dank je wel.,Thank you.,happiness,gratitude,happiness,happiness
"00:16:31,000","00:16:33,000","Kan je het nummer wisselen, alsjeblieft?","Kan je het nummer wisselen, alsjeblieft?","Can you change the number, please?",neutral,neutral,neutral,neutral
"00:16:33,000","00:16:35,000",We moeten verschuilen ergens.,We moeten verschuilen ergens.,We have to hide somewhere.,fear,fear,fear,fear
"00:16:35,000","00:16:37,000",Even denken. We moeten ergens...,Even denken. We moeten ergens...,Let me think. We have to go somewhere...,fear,confusion,sadness,sadness
"00:16:37,000","00:16:40,000","Meneer, hoe kom ik hier beneden? Of kan dat niet?","Meneer, hoe kom ik hier beneden? Of kan dat niet?","Sir, how do I get down here? Or is that not possible?",neutral,confusion,sadness,sadness
"00:16:40,000","00:16:42,000",Daar is een hek.,Daar is een hek.,There's a fence there.,neutral,neutral,neutral,neutral
"00:16:42,000","00:16:44,000","O, shoot.","O, shoot.","O, shoot.",surprise,disappointment,sadness,surprise
"00:16:44,000","00:16:46,000","Even schuilen, tien minuten.","Even schuilen, tien minuten.",Take shelter for ten minutes.,neutral,fear,fear,neutral
"00:16:46,000","00:16:48,000","Ja, mag dat?","Ja, mag dat?","Yes, is that allowed?",surprise,confusion,sadness,neutral
"00:16:48,000","00:16:51,000","Ik zou dit maar met één persoon willen doen, en dat is met eigen.","Ik zou dit maar met één persoon willen doen, en dat is met eigen.","I would only do this with one person, and that is my own.",neutral,trust,neutral,neutral
"00:16:51,000","00:16:55,000","Ja, en ik denk dat er niemand anders is die mij zo goed kent.","Ja, en ik denk dat er niemand anders is die mij zo goed kent.","Yes, and I don't think anyone else knows me that well.",neutral,sadness,sadness,neutral
"00:16:55,000","00:16:59,000",Dief is wel de enige persoon met wie ik dit zou aandoen.,Dief is wel de enige persoon met wie ik dit zou aandoen.,Thief is the only person I would do this to.,anger,trust,neutral,neutral
"00:16:59,000","00:17:03,000","Als ik dit met mijn moeder zou doen, dan liggen we er met een uur.","Als ik dit met mijn moeder zou doen, dan liggen we er met een uur.","If I did this with my mother, we would be there in an hour.",disgust,amusement,happiness,neutral
"00:17:03,000","00:17:05,000",Daar geef ik mezelf aan met een uur.,Daar geef ik mezelf aan met een uur.,I give myself to that for an hour.,disgust,neutral,neutral,neutral
"00:17:05,000","00:17:07,000",Oké. Top.,Oké. Top.,Okay. Top.,neutral,approval,happiness,happiness
"00:17:07,000","00:17:09,000",Er wordt zo drie keer getoeterd. Au.,Er wordt zo drie keer getoeterd. Au.,The horn is honked three times. Ouch.,surprise,annoyance,anger,anger
"00:17:13,000","00:17:15,000",Meer rustie.,Meer rustie.,More rustic.,neutral,neutral,neutral,neutral
"00:17:15,000","00:17:19,000","Jongens, we hebben beelden van het wegrijden van een vrachtwagen.","Jongens, we hebben beelden van het wegrijden van een vrachtwagen.","Guys, we have footage of a truck driving away.",surprise,excitement,happiness,surprise
"00:17:19,000","00:17:21,000",Er komen beelden van die vrachtwagen.,Er komen beelden van die vrachtwagen.,There will be images of that truck.,neutral,curiosity,neutral,neutral
"00:17:21,000","00:17:24,000",Waarschijnlijk kunnen die zeecontainer identificeren.,Waarschijnlijk kunnen die zeecontainer identificeren.,We can probably identify that shipping container.,happiness,optimism,happiness,happiness
"00:17:24,000","00:17:26,000",Ja.,Ja.,And.,disgust,neutral,neutral,neutral
"00:17:30,000","00:17:34,000","Kenteken is 44, Whiskey, November, Juliet, Golf.","Kenteken is 44, Whiskey, November, Juliet, Golf.","License plate is 44, Whiskey, November, Juliet, Golf.",neutral,neutral,neutral,neutral
"00:17:34,000","00:17:37,000","44, Whiskey, November, Juliet, Golf.","44, Whiskey, November, Juliet, Golf.","44, Whiskey, November, Juliet, Golf.",neutral,neutral,neutral,neutral
"00:17:37,000","00:17:39,000",AMPR.,AMPR.,AMPR.,neutral,neutral,neutral,neutral
"00:17:39,000","00:17:41,000","Whiskey, November, Juliet, Golf. 44.","Whiskey, November, Juliet, Golf. 44.","Whiskey, November, Juliet, Golf. 44.",neutral,neutral,neutral,neutral
"00:17:41,000","00:17:44,000","Alle teams voor HQ, we hebben een kenteken van de oplegger.","Alle teams voor HQ, we hebben een kenteken van de oplegger.","All teams for HQ, we have a trailer license plate.",neutral,excitement,happiness,neutral
"00:17:44,000","00:17:48,000","Dat is 44, Whiskey, November, Juliet, Golf.","Dat is 44, Whiskey, November, Juliet, Golf.","That's 44, Whiskey, November, Juliet, Golf.",surprise,neutral,neutral,neutral
"00:17:48,000","00:17:53,000","Ik herhaal 44, Whiskey, November, Juliet, Golf.","Ik herhaal 44, Whiskey, November, Juliet, Golf.","I repeat 44, Whiskey, November, Juliet, Golf.",neutral,neutral,neutral,neutral
"00:17:53,000","00:17:56,000","Hier is het druk, maat. Rechtdoor.","Hier is het druk, maat. Rechtdoor.","It's busy here, buddy. Straight ahead.",neutral,neutral,neutral,neutral
"00:17:56,000","00:17:59,000",We pinnen gewoon. Max Scheldt had kunnen pinnen.,We pinnen gewoon. Max Scheldt had kunnen pinnen.,We just pay by card. Max Scheldt could have pinned.,neutral,neutral,neutral,neutral
"00:17:59,000","00:18:02,000",We moeten naar het station. Het kan niet anders.,We moeten naar het station. Het kan niet anders.,We have to go to the station. There is no other way.,neutral,realization,surprise,surprise
"00:18:02,000","00:18:05,000",Het lukt de fanloze vrienden Bichan en Shiva niet...,Het lukt de fanloze vrienden Bichan en Shiva niet...,The fanless friends Bichan and Shiva cannot...,surprise,sadness,sadness,sadness
"00:18:05,000","00:18:07,000",het gevreesde Rotterdam uit te komen.,het gevreesde Rotterdam uit te komen.,to get out of the dreaded Rotterdam.,disgust,fear,fear,fear
"00:18:07,000","00:18:09,000",Dus gaan ze inderdaad een trein pakken.,Dus gaan ze inderdaad een trein pakken.,So they are indeed going to catch a train.,surprise,realization,surprise,surprise
"00:18:09,000","00:18:11,000",En dat is op het centraal station...,En dat is op het centraal station...,And that's at the central station...,happiness,neutral,neutral,neutral
"00:18:11,000","00:18:13,000",dat volhangt met beveiligingscamera's.,dat volhangt met beveiligingscamera's.,that is covered with security cameras.,neutral,fear,fear,neutral
"00:18:13,000","00:18:15,000",Niet zonder risico.,Niet zonder risico.,Not without risk.,neutral,fear,fear,fear
"00:18:15,000","00:18:18,000",Ik kan niet met helden nadenken. Wie ken je hier in de buurt?,Ik kan niet met helden nadenken. Wie ken je hier in de buurt?,I can't think of heroes. Who do you know around here?,neutral,confusion,sadness,neutral
"00:18:18,000","00:18:21,000","Wacht even, wacht even. Blijf je hier staan.","Wacht even, wacht even. Blijf je hier staan.","Wait a minute, wait a minute. You stay here.",anger,nervousness,fear,fear
"00:18:21,000","00:18:23,000",Daar is ook een camera.,Daar is ook een camera.,There is also a camera there.,surprise,fear,fear,neutral
"00:18:23,000","00:18:25,000",Kijk hoe ik best...,Kijk hoe ik best...,See how I best...,happiness,confusion,sadness,neutral
"00:26:05,000","00:26:07,000",Alles is zo veranderd,Alles is zo veranderd,Everything has changed so much,surprise,realization,surprise,surprise
"00:26:07,000","00:26:10,000",Alles gaat niet zo vlug,Alles gaat niet zo vlug,Everything doesn't go that fast,neutral,realization,surprise,neutral
"00:26:11,000","00:26:12,000",Mooi.,Mooi.,Nice.,neutral,approval,happiness,neutral
"00:26:12,000","00:26:16,000","Nee, die indertussen vrouw, hè. Ik voelde het echt.","Nee, die indertussen vrouw, hè. Ik voelde het echt.","No, that now woman, eh. I really felt it.",neutral,realization,surprise,neutral
"00:26:16,000","00:26:19,000","Wauw. Dat wordt heel plezant in het huis, denk ik.","Wauw. Dat wordt heel plezant in het huis, denk ik.","Wow. That will be very nice in the house, I think.",surprise,optimism,happiness,surprise
"00:26:20,000","00:26:22,000","Die koffer, die blijft hier.","Die koffer, die blijft hier.","That suitcase, it stays here.",anger,neutral,neutral,anger
"00:26:22,000","00:26:24,000",Ja? Oké. Die mag je niet meenemen.,Ja? Oké. Die mag je niet meenemen.,Yes? Okay. You are not allowed to take that with you.,surprise,disapproval,disgust,surprise
"00:26:24,000","00:26:29,000","Wat ik wel voor jou heb, zijn vijf coins.","Wat ik wel voor jou heb, zijn vijf coins.",What I do have for you are five coins.,neutral,neutral,neutral,neutral
"00:26:29,000","00:26:31,000",Alsjeblieft. Dank je wel.,Alsjeblieft. Dank je wel.,Please. Thank you.,neutral,gratitude,happiness,neutral
"00:26:31,000","00:26:33,000",Jij kan van ons ook een hint kopen.,Jij kan van ons ook een hint kopen.,You can also buy a hint from us.,neutral,neutral,neutral,neutral
"00:26:33,000","00:26:36,000",En dan moet jij twee coins teruggeven.,En dan moet jij twee coins teruggeven.,And then you have to give back two coins.,neutral,neutral,neutral,neutral
"00:26:36,000","00:26:40,000",Met die hint kom jij iets te weten dat jou een voordeel kan opleveren.,Met die hint kom jij iets te weten dat jou een voordeel kan opleveren.,With that hint you will learn something that can give you an advantage.,neutral,curiosity,neutral,neutral
"00:26:40,000","00:26:43,000",Je kan ook het huis in met vijf coins zonder hint.,Je kan ook het huis in met vijf coins zonder hint.,You can also enter the house with five coins without a hint.,neutral,neutral,neutral,neutral
"00:26:44,000","00:26:46,000","Nee, ik ga zo. Ik hou er coins.","Nee, ik ga zo. Ik hou er coins.","No, I'll go soon. I keep coins there.",neutral,neutral,neutral,neutral
"00:26:46,000","00:26:49,000",Het gaat beginnen. Nog één keer een applaus voor Lady.,Het gaat beginnen. Nog één keer een applaus voor Lady.,It will start. One more round of applause for Lady.,neutral,excitement,happiness,happiness
"00:26:49,000","00:26:53,000",Lady. Lady.,Lady. Lady.,Lady. Lady.,neutral,neutral,neutral,neutral
"00:27:02,000","00:27:03,000",Hai.,Hai.,Two.,neutral,neutral,neutral,neutral
"00:27:03,000","00:27:05,000","Staat er iemand aan de grond? O, mijn God.","Staat er iemand aan de grond? O, mijn God.",Is someone on the ground? Oh my God.,surprise,surprise,surprise,surprise
"00:27:06,000","00:27:07,000",Hoi.,Hoi.,Hoi.,neutral,neutral,neutral,neutral
"00:27:09,000","00:27:11,000",Hallo. Hallo.,Hallo. Hallo.,Hello Hello.,neutral,neutral,neutral,neutral
"00:27:11,000","00:27:13,000","Hai, Lady. Aangenaam. Ellis.","Hai, Lady. Aangenaam. Ellis.","Hi, Lady. Nice to meet you. Ellis.",neutral,joy,happiness,happiness
"00:27:13,000","00:27:15,000",Lady. Leiden. Aangenaam.,Lady. Leiden. Aangenaam.,Lady. To lead. Nice to meet you.,neutral,joy,happiness,happiness
"00:27:15,000","00:27:16,000",Basini. Lady.,Basini. Lady.,Basi. Lady.,neutral,neutral,neutral,neutral
"00:27:16,000","00:27:18,000","Hoi, Lady. Eslie. Hoi, Lady.","Hoi, Lady. Eslie. Hoi, Lady.","Come back, Lady. Eslie. Come back, Lady.",neutral,neutral,neutral,neutral
"00:27:18,000","00:27:21,000","Gezellig, of niet? Ja, leuk, hè?","Gezellig, of niet? Ja, leuk, hè?","Cozy, isn't it? Yeah, nice, huh?",happiness,joy,happiness,happiness
"00:27:23,000","00:27:24,000","Mooi. Ja, mooi, hè?","Mooi. Ja, mooi, hè?",Nice. Yes nice huh?,neutral,joy,happiness,neutral
"00:27:24,000","00:27:27,000",Heb je er wat aan? Wil je wat delen?,Heb je er wat aan? Wil je wat delen?,Does it help you? Would you like to share something?,neutral,curiosity,neutral,neutral
"00:27:27,000","00:27:29,000",Ik ben Sjongen van Broek. Echt?,Ik ben Steven van Broek. Echt?,My name is Steven van Broek. Real?,surprise,surprise,surprise,surprise
"00:27:29,000","00:27:31,000",Maar je hebt er zang en muziek aan.,Maar je hebt er zang en muziek aan.,But it involves singing and music.,neutral,joy,happiness,neutral
"00:27:31,000","00:27:33,000",Nederlandstalig en ik zing over mijn cultuur ook.,Nederlandstalig en ik zing over mijn cultuur ook.,Dutch-speaking and I also sing about my culture.,neutral,pride,happiness,neutral
"00:27:33,000","00:27:35,000","Woonwagenbewoner ben ik. O, wat leuk.","Woonwagenbewoner ben ik. O, wat leuk.","I am a caravan dweller. Oh, how nice.",happiness,surprise,surprise,happiness
"00:27:36,000","00:27:37,000",Daarom heb ik ook meegedaan.,Daarom heb ik ook meegedaan.,That's why I participated.,neutral,excitement,happiness,neutral
"00:27:38,000","00:27:40,000",Ik heb nog nooit een woonwagenbewoner gezien in dit huis.,Ik heb nog nooit een woonwagenbewoner gezien in dit huis.,I've never seen a trailer resident in this house.,surprise,surprise,surprise,surprise
"00:27:40,000","00:27:42,000","Nee, inderdaad, ja.","Nee, inderdaad, ja.","No, indeed, yes.",neutral,realization,surprise,neutral
"00:27:42,000","00:27:44,000",Ik wil eigenlijk een beetje norm en waarde.,Ik wil eigenlijk een beetje norm en waarde.,I actually want some standard and value.,neutral,desire,happiness,neutral
"00:27:44,000","00:27:46,000","Kijk, ik loop hier met schoenen binnen.","Kijk, ik loop hier met schoenen binnen.","Look, I walk in here wearing shoes.",neutral,neutral,neutral,neutral
"00:27:46,000","00:27:48,000",Dat is heel raar voor jou. Dat past bij mij niet.,Dat is heel raar voor jou. Dat past bij mij niet.,That's very strange for you. That doesn't suit me.,neutral,disapproval,disgust,anger
"00:27:48,000","00:27:49,000","Ah, je bent zo free, man.","Ah, je bent zo free, man.","Ah, you're so free, man.",neutral,admiration,happiness,neutral
"00:27:49,000","00:27:52,000","Iedereen loopt met schoenen binnen, maar dat wil ik eigenlijk...","Iedereen loopt met schoenen binnen, maar dat wil ik eigenlijk...","Everyone walks in with shoes, but I actually want that...",neutral,desire,happiness,neutral
"00:27:52,000","00:27:54,000",Moet je eens kijken. Het is allemaal nieuw en het blijft mooi.,Moet je eens kijken. Het is allemaal nieuw en het blijft mooi.,Take a look. It's all new and it remains beautiful.,neutral,admiration,happiness,happiness
"00:27:54,000","00:27:56,000","Ik mag het thuis ook niet, hoor. Het gaat niet stinken.","Ik mag het thuis ook niet, hoor. Het gaat niet stinken.",I'm not allowed to do it at home either. It won't stink.,neutral,disapproval,disgust,neutral
"00:27:56,000","00:27:59,000",En ik woon gewoon op een normaal huisje zonder wielen.,En ik woon gewoon op een normaal huisje zonder wielen.,And I just live in a normal house without wheels.,neutral,neutral,neutral,neutral
"00:27:59,000","00:28:02,000",En ik mag thuis ook niet met mijn schoenen lopen.,En ik mag thuis ook niet met mijn schoenen lopen.,And I'm not allowed to wear my shoes at home either.,neutral,disapproval,disgust,neutral
"00:28:02,000","00:28:04,000","Ja, ik moet eigenlijk ook... Toen heb je gelijk.","Ja, ik moet eigenlijk ook... Toen heb je gelijk.","Yes, I actually should too... Then you're right.",neutral,realization,surprise,neutral
"00:06:25,000","00:06:27,000",Alle teams richting Rotterdam.,Alle teams richting Rotterdam.,All teams heading to Rotterdam.,neutral,neutral,neutral,neutral
"00:06:27,000","00:06:29,000",Euromast Rotterdam.,Euromast Rotterdam.,Euromast Rotterdam.,neutral,neutral,neutral,neutral
"00:06:30,000","00:06:34,000",Het hoofdkwartier wordt ondersteund door drie mobiele hunterteams.,Het hoofdkwartier wordt ondersteund door drie mobiele hunterteams.,The headquarters is supported by three mobile hunter teams.,neutral,neutral,neutral,neutral
"00:06:34,000","00:06:38,000",Zij wachten strategisch over het land verspreid op instructies.,Zij wachten strategisch over het land verspreid op instructies.,They are strategically spread across the country waiting for instructions.,neutral,neutral,neutral,neutral
"00:06:38,000","00:06:41,000","Team 3, we hebben één uur reistijd.","Team 3, we hebben één uur reistijd.","Team 3, we have one hour of travel time.",neutral,neutral,neutral,neutral
"00:06:41,000","00:06:43,000","Team 2, 44 minuten Rotterdam.","Team 2, 44 minuten Rotterdam.","Team 2, 44 minutes Rotterdam.",neutral,neutral,neutral,neutral
"00:06:43,000","00:06:46,000","HQ, team 1 hier. 26 minuten.","HQ, team 1 hier. 26 minuten.","HQ, team 1 here. 26 minutes.",neutral,neutral,neutral,neutral
"00:06:46,000","00:06:48,000","ITE Rotterdam, Euromast.","ITE Rotterdam, Euromast.","ITE Rotterdam, Euromast.",neutral,neutral,neutral,neutral
"00:06:48,000","00:06:51,000","Als wij nu niet wegkomen, zijn we meteen in schaak.","Als wij nu niet wegkomen, zijn we meteen in schaak.","If we don't get away now, we'll be in check immediately.",fear,fear,fear,fear
"00:06:51,000","00:06:55,000",Snap je? Ik heb die telefoon nog niet in mijn handen.,Snap je? Ik heb die telefoon nog niet in mijn handen.,Do you understand? I don't have that phone in my hands yet.,neutral,nervousness,fear,neutral
"00:06:56,000","00:06:59,000","Jongens, we gaan eerst kijken wie zijn en dan gaan we verder.","Jongens, we gaan eerst kijken wie zijn en dan gaan we verder.","Guys, let's see who they are first and then we'll move on.",neutral,curiosity,neutral,neutral
"00:06:59,000","00:07:02,000",Een politieeenheid stormt niet zomaar ergens op af.,Een politieeenheid stormt niet zomaar ergens op af.,A police unit does not just rush into something.,neutral,neutral,neutral,neutral
"00:07:02,000","00:07:06,000",Het is belangrijk om eerst zorgvuldig uit te zoeken met wie je te maken hebt.,Het is belangrijk om eerst zorgvuldig uit te zoeken met wie je te maken hebt.,It is important to first carefully find out who you are dealing with.,happiness,neutral,neutral,neutral
"00:07:06,000","00:07:08,000",Bovendien gaan de hunters ervan uit,Bovendien gaan de hunters ervan uit,"Moreover, the hunters assume",neutral,neutral,neutral,neutral
"00:07:08,000","00:07:11,000",dat de voortvluchtigen zich meteen verspreiden over de stad.,dat de voortvluchtigen zich meteen verspreiden over de stad.,that the fugitives immediately disperse across the city.,neutral,neutral,neutral,neutral
"00:07:11,000","00:07:14,000",Iemand die ons wil helpen? Klein stukje?,Iemand die ons wil helpen? Klein stukje?,Someone who wants to help us? Small piece?,neutral,hope,happiness,neutral
"00:07:14,000","00:07:16,000",Hebben jullie toevallig een auto mee?,Hebben jullie toevallig een auto mee?,Do you happen to have a car with you?,neutral,hope,happiness,neutral
"00:07:16,000","00:07:18,000","Nee? Kut, sorry.","Nee? Kut, sorry.","No? Shit, sorry.",sadness,disappointment,sadness,sadness
"00:07:18,000","00:07:20,000",Gaan we hier wat komen? Nee.,Gaan we hier wat komen? Nee.,Are we going to get anywhere here? No.,neutral,disappointment,sadness,sadness
"00:07:20,000","00:07:22,000",Is dat een waterbusje?,Is dat een waterbusje?,Is that a water van?,suprise,curiosity,neutral,surprise
"00:07:22,000","00:07:24,000",Gaan we hier wat komen? Nee.,Gaan we hier wat komen? Nee.,Are we going to get something here? No.,neutral,disappointment,sadness,sadness
"00:07:24,000","00:07:26,000",Is dat een watertaxi? Ja.,Is dat een watertaxi? Ja.,Is that a water taxi? Yes.,suprise,surprise,surprise,surprise
"00:07:26,000","00:07:28,000",Ik ga de CCTV opvragen.,Ik ga de CCTV opvragen.,I'm going to request the CCTV.,neutral,determination,neutral,neutral
"00:07:28,000","00:07:30,000",Cameras opvragen in die omgeving.,Cameras opvragen in die omgeving.,Request cameras in that area.,neutral,curiosity,neutral,neutral
"00:07:30,000","00:07:32,000",We kennen hier de hele weg ook niet.,We kennen hier de hele weg ook niet.,We don't know the whole road here either.,fear,confusion,sadness,fear
"00:07:32,000","00:07:35,000",Daar gaan we nu toe. Steek het woord over.,Daar gaan we nu toe. Steek het woord over.,That's what we're going for now. Cross the word.,neutral,determination,neutral,neutral
"00:07:35,000","00:07:37,000",Iemand beschikking tot een auto of busje?,Iemand beschikking tot een auto of busje?,Does anyone have access to a car or van?,neutral,curiosity,neutral,neutral
"00:07:37,000","00:07:39,000",Nee? Dit is echt kut.,Nee? Dit is echt kut.,No? This really sucks.,sadness,disappointment,sadness,sadness
"00:07:39,000","00:07:41,000",Kom op scherp. Meteen de patiënten bovenop.,Kom op scherp. Meteen de patiënten bovenop.,Come on sharp. Immediately get the patients on top.,anger,urgency,fear,anger
"00:07:41,000","00:07:43,000","Als er een inval komt, verwerken we die op.","Als er een inval komt, verwerken we die op.","If there is a raid, we will deal with it.",happiness,confidence,happiness,happiness
"00:07:43,000","00:07:46,000",Nu komen ze van die weg af. Laten we naar het park gaan.,Nu komen ze van die weg af. Laten we naar het park gaan.,Now they're getting off that road. Let's go to the park.,neutral,excitement,happiness,neutral
"00:07:46,000","00:07:49,000",En dan de andere kant van het park. We zien wel waar we uitkomen.,En dan de andere kant van het park. We zien wel waar we uitkomen.,And then the other side of the park. We'll see where we end up.,happiness,curiosity,neutral,neutral
"00:07:49,000","00:07:51,000","Foto's, walen.","Foto's, walen.","Photos, Walloons.",neutral,neutral,neutral,neutral
"00:07:51,000","00:07:53,000",Inventariseren en aanleggen van die foto's.,Inventariseren en aanleggen van die foto's.,Inventory and create those photos.,neutral,neutral,neutral,neutral
"00:07:53,000","00:07:55,000","Selmar, ik wil snel mogelijk weten wie dit zijn.","Selmar, ik wil snel mogelijk weten wie dit zijn.","Selmar, I want to know who these are as soon as possible.",neutral,curiosity,neutral,neutral
"00:07:55,000","00:07:58,000","Ik wil alles van ze weten. Telefoons, bankrekeningen.","Ik wil alles van ze weten. Telefoons, bankrekeningen.","I want to know everything about them. Phones, bank accounts.",neutral,curiosity,neutral,neutral
"00:07:58,000","00:08:01,000",Alles wil ik weten. Wanneer zouden deze schepen gaan?,Alles wil ik weten. Wanneer zouden deze schepen gaan?,I want to know everything. When would these ships leave?,neutral,curiosity,neutral,neutral
"00:08:01,000","00:08:03,000",Kunnen we ook vragen.,Kunnen we ook vragen.,We can also ask.,neutral,neutral,neutral,neutral
"00:08:03,000","00:08:05,000",Vragen of we mee mogen.,Vragen of we mee mogen.,Ask if we can come along.,neutral,desire,happiness,neutral
"00:08:05,000","00:08:08,000","Oh my god, ik weet waar we zijn.","Oh my god, ik weet waar we zijn.","Oh my god, I know where we are.",suprise,realization,surprise,surprise
"00:08:08,000","00:08:10,000",Erasmus.,Erasmus.,Erasmus.,neutral,neutral,neutral,neutral
"00:08:10,000","00:08:13,000","Selmar, heb jij de paalgegevens opgevraagd? Ja.","Selmar, heb jij de paalgegevens opgevraagd? Ja.","Selmar, have you requested the pole data? Yes.",neutral,curiosity,neutral,neutral
"00:08:13,000","00:08:15,000","Marcel, het ligt vlakbij het water.","Marcel, het ligt vlakbij het water.","Marcel, it is close to the water.",neutral,neutral,neutral,neutral
"00:08:15,000","00:08:18,000","Misschien kunnen die veerboten, speedos, et cetera, het dichtzetten.","Misschien kunnen die veerboten, speedos, et cetera, het dichtzetten.","Maybe those ferries, speedos, et cetera, can shut it down.",neutral,curiosity,neutral,neutral
"00:53:41,000","00:53:44,000","Hé, boys, tot straks. Boys?","Hé, boys, tot straks. Boys?","Hey boys, tot straks. Boys?",surprise,neutral,neutral,surprise
"00:53:44,000","00:53:46,000","Hé, boys, tot straks.","Hé, boys, tot straks.","Hey guys, see you later.",neutral,neutral,neutral,neutral
"00:53:51,000","00:53:54,000",We weten nu zeker dat de volgende waarschijnlijk van mij zou zijn.,We weten nu zeker dat de volgende waarschijnlijk van mij zou zijn.,We now know for sure that the next one would probably be mine.,neutral,anticipation,happiness,neutral
"00:53:54,000","00:53:56,000","Ja, en ik ben solo. Ik ben zo benieuwd.","Ja, en ik ben solo. Ik ben zo benieuwd.","Yes, and I'm solo. I'm so curious.",neutral,curiosity,neutral,neutral
"00:53:56,000","00:53:59,000",Ik denk dat het een vrouw is op leeftijd.,Ik denk dat het een vrouw is op leeftijd.,I think it's an elderly woman.,neutral,curiosity,neutral,neutral
"00:54:02,000","00:54:04,000",Hoe oud ben je? 26.,Hoe oud ben je? 26.,How old are you? 26.,neutral,curiosity,neutral,neutral
"00:54:04,000","00:54:06,000","Jij? Ik ga de oudste zijn, denk ik.","Jij? Ik ga de oudste zijn, denk ik.","You? I'm going to be the oldest, I think.",neutral,realization,surprise,surprise
"00:54:06,000","00:54:09,000","Nee, denk ik niet. Hoe oud ben je? 53.","Nee, denk ik niet. Hoe oud ben je? 53.","No, I don’t think so. How old are you? 53.",neutral,surprise,surprise,neutral
"00:54:09,000","00:54:12,000","Ja, want er is nog iemand die is 52. Nee!","Ja, want er is nog iemand die is 52. Nee!","Yes, because there is someone else who is 52. No!",surprise,surprise,surprise,surprise
"00:54:14,000","00:54:21,000",MUZIEK,MUZIEK,MUSIC,happiness,neutral,neutral,happiness
"00:54:21,000","00:54:23,000","Oma, ik schrok van jou.","Oma, ik schrok van jou.","Grandma, I was shocked by you.",surprise,surprise,surprise,surprise
"00:54:23,000","00:54:25,000",Deze is sowieso van mij. Deze is voor jou.,Deze is sowieso van mij. Deze is voor jou.,This one is mine anyway. This is for you.,neutral,joy,happiness,neutral
"00:54:25,000","00:54:28,000","Deze, denk ik, is voor mij. Of van jou.","Deze, denk ik, is voor mij. Of van jou.","This one, I think, is for me. Or yours.",neutral,curiosity,neutral,neutral
"00:54:28,000","00:54:30,000",Ik denk van niet.,Ik denk van niet.,I do not think so.,neutral,disapproval,disgust,neutral
"00:54:33,000","00:54:35,000",Hallo!,Hallo!,Hallo!,happiness,neutral,neutral,happiness
"00:54:35,000","00:54:38,000","Alice, voor jou heb ik Karen uitgekozen.","Alice, voor jou heb ik Karen uitgekozen.","Alice, I chose Karen for you.",neutral,neutral,neutral,neutral
"00:54:38,000","00:54:40,000",Wat gezellig.,Wat gezellig.,How cosy.,happiness,joy,happiness,happiness
"00:54:40,000","00:54:42,000",In mijn koffer. In jouw koffer?,In mijn koffer. In jouw koffer?,In my suitcase. In your suitcase?,neutral,confusion,sadness,neutral
"00:54:42,000","00:54:44,000",Oh my God.,Oh my God.,Oh my God.,surprise,surprise,surprise,surprise
"00:54:44,000","00:54:46,000","Dat is dus voor jou, hè?","Dat is dus voor jou, hè?","So that's for you, huh?",surprise,realization,surprise,surprise
"00:54:46,000","00:54:48,000","O, dan heb jij je koffer dus niet.","O, dan heb jij je koffer dus niet.","Oh, then you don't have your suitcase.",surprise,disappointment,sadness,surprise
"00:54:48,000","00:54:50,000","Nee, ik heb gevoel dat er iemand anders komt.","Nee, ik heb gevoel dat er iemand anders komt.","No, I have a feeling someone else is coming.",neutral,anticipation,happiness,neutral
"00:54:50,000","00:54:53,000",Je kunt lekker met mij delen. Dat komt helemaal goed.,Je kunt lekker met mij delen. Dat komt helemaal goed.,You can share with me. That's all right.,neutral,caring,happiness,neutral
"00:54:53,000","00:54:57,000","Alice en Karen, ik denk dat jullie een goed en sterk duo vormen.","Alice en Karen, ik denk dat jullie een goed en sterk duo vormen.","Alice and Karen, I think you make a good and strong duo.",neutral,approval,happiness,neutral
"00:54:57,000","00:54:59,000",Dat denk ik ook wel. Dat komt helemaal goed.,Dat denk ik ook wel. Dat komt helemaal goed.,I think so too. That's all right.,neutral,approval,happiness,neutral
"00:54:59,000","00:55:02,000",Ga naar de badkamer om daar elkaar beter te leren kennen.,Ga naar de badkamer om daar elkaar beter te leren kennen.,Go to the bathroom to get to know each other better.,neutral,neutral,neutral,neutral
"00:55:02,000","00:55:05,000","Oké, we mogen naar de badkamer. Ga gelijk met mij mee.","Oké, we mogen naar de badkamer. Ga gelijk met mij mee.","Okay, we can go to the bathroom. Come with me right away.",neutral,acceptance,neutral,neutral
"00:55:05,000","00:55:08,000","Salut. Doeg, Basie.","Salut. Doeg, Basie.","Hello Do, Basie.",neutral,neutral,neutral,neutral
"00:55:08,000","00:55:10,000",Hier zit ik dan.,Hier zit ik dan.,Here I am.,neutral,neutral,neutral,neutral
"00:55:10,000","00:55:13,000",Waar gaan we zitten? Laten we lekker hierop zitten.,Waar gaan we zitten? Laten we lekker hierop zitten.,Where are we going to sit? Let's just sit here.,neutral,neutral,neutral,neutral
"00:55:13,000","00:55:14,000",Oké. Hoe voel je je?,Oké. Hoe voel je je?,Okay. How are you feeling?,neutral,caring,happiness,neutral
"00:55:14,000","00:55:17,000","Amai, hoe mooi is dat hier? Ja, dat is mooi, hè?","Amai, hoe mooi is dat hier? Ja, dat is mooi, hè?","Wow, how beautiful is it here? Yeah, that's nice, isn't it?",happiness,joy,happiness,happiness
"00:55:17,000","00:55:20,000",Heb je stress? Ik niet meer. Jij?,Heb je stress? Ik niet meer. Jij?,Are you stressed? I no longer. You?,neutral,curiosity,neutral,neutral
"00:55:20,000","00:55:23,000",Want je bent dus de laatste. Dus ik heb iedereen gezien?,Want je bent dus de laatste. Dus ik heb iedereen gezien?,Because you are the last. So I've seen everyone?,neutral,realization,surprise,neutral
"00:55:23,000","00:55:26,000",Je gaat straks iedereen zien. Dus wij zijn nu een team.,Je gaat straks iedereen zien. Dus wij zijn nu een team.,You're going to see everyone soon. So we are a team now.,neutral,excitement,happiness,happiness
"00:55:26,000","00:55:28,000","Echt? Ja, ik zweer het.","Echt? Ja, ik zweer het.","Real? Yes, I swear.",surprise,approval,happiness,surprise
"00:55:28,000","00:55:31,000",Maar ik ben echt blij dat ik jou heb.,Maar ik ben echt blij dat ik jou heb.,But I'm really glad I have you.,happiness,joy,happiness,happiness
"00:55:31,000","00:55:33,000",Ik ben echt blij dat ik jou heb.,Ik ben echt blij dat ik jou heb.,I'm really glad I have you.,happiness,joy,happiness,happiness
"00:55:33,000","00:55:36,000",Dat is echt superleuk. Het komt helemaal goed.,Dat is echt superleuk. Het komt helemaal goed.,That's really great. It's going to be just fine.,happiness,optimism,happiness,happiness
"00:55:36,000","00:55:37,000",Alice.,Alice.,Alice.,neutral,neutral,neutral,neutral
"00:55:37,000","00:55:38,000",Wat doe je van beroep?,Wat doe je van beroep?,What is your profession?,neutral,curiosity,neutral,neutral
"00:55:38,000","00:55:41,000",Ik werk bij een staalbedrijf. In Amuiden is dat.,Ik werk bij een staalbedrijf. In Amuiden is dat.,I work at a steel company. That is in Amuiden.,neutral,neutral,neutral,neutral
"00:55:41,000","00:55:43,000",Daarnaast doe ik modellenwerk.,Daarnaast doe ik modellenwerk.,I also do modeling.,neutral,pride,happiness,neutral
"00:41:33,000","00:41:35,000","Zet hem op, hè.","Zet hem op, hè.","Go for it, eh.",Happiness ,encouragement,happiness,happiness
"00:41:45,000","00:41:47,000",Christel.,Christel.,Christel.,Neutral ,neutral,neutral,happiness
"00:41:48,000","00:41:50,000",Ja.,Ja.,And.,Neutral ,neutral,neutral,neutral
"00:41:51,000","00:41:53,000",Wat doet dat met je?,Wat doet dat met je?,What does that do to you?,Anger ,curiosity,neutral,neutral
"00:41:54,000","00:41:56,000","Ja, het is gewoon kloten. Het is natuurlijk gewoon niet leuk.","Ja, het is gewoon kloten. Het is natuurlijk gewoon niet leuk.","Yeah, it just sucks. It's just not fun, of course.",Anger ,disappointment,sadness,anger
"00:41:57,000","00:42:00,000",De vorige expeditie is mijn naam nooit op een briefje gekomen.,De vorige expeditie is mijn naam nooit op een briefje gekomen.,My name never appeared on a piece of paper on the previous expedition.,Neutral ,disappointment,sadness,neutral
"00:42:01,000","00:42:03,000","Ja, het is misschien ook het idee dat mensen van...","Ja, het is misschien ook het idee dat mensen van...","Yes, it might also be the idea that people of...",Neutral ,confusion,sadness,neutral
"00:42:04,000","00:42:06,000",klein en is misschien niet zo sterk. I don't know.,klein en is misschien niet zo sterk. I don't know.,small and maybe not so strong. I don't know.,Neutral ,confusion,sadness,neutral
"00:42:07,000","00:42:09,000","Christel, het was heel fijn dat je erbij was.","Christel, het was heel fijn dat je erbij was.","Christel, it was great having you there.",Happiness ,admiration,happiness,happiness
"00:42:10,000","00:42:12,000","Maar het is echt voorbij. I know, ja.","Maar het is echt voorbij. I know, ja.","But it's really over. I know, yeah.",Sadness,sadness,sadness,sadness
"00:42:13,000","00:42:15,000","Je mag gaan. Ja, dank je wel.","Je mag gaan. Ja, dank je wel.",You can go. Yes thank you.,Neutral ,neutral,neutral,neutral
"00:42:15,000","00:42:17,000",Volgende keer.,Volgende keer.,Next time.,Neutral ,optimism,happiness,neutral
"00:42:18,000","00:42:20,000",Ik zie het al. Jij kloopt hier achteraf.,Ik zie het al. Jij kloopt hier achteraf.,I can already see it. You're knocking here afterwards.,Surprise,amusement,happiness,surprise
"00:42:21,000","00:42:23,000",We gaan zo'n beetje komendare komen.,We gaan zo'n beetje commanderen komen.,"We're going to come and give orders, sort of.",Anger ,amusement,happiness,happiness
"00:42:24,000","00:42:26,000",Waarom doe ik mezelf dit aan? Het is een soort tropische gevangenis.,Waarom doe ik mezelf dit aan? Het is een soort tropische gevangenis.,Why am I doing this to myself? It's a kind of tropical prison.,Disgust,confusion,sadness,sadness
"00:42:27,000","00:42:29,000",We komen aanlopen en het is gewoon gigagroot.,We komen aanlopen en het is gewoon gigagroot.,We walk up and it's just huge.,Surprise,surprise,surprise,surprise
"00:42:30,000","00:42:32,000",Ook wel all-star-waardig.,Ook wel all-star-waardig.,Also all-star worthy.,Happyness,approval,happiness,happiness
"00:42:33,000","00:42:35,000",Je beneert nog eentje. Je beneert nog eentje.,Je beneert nog eentje. Je beneert nog eentje.,You're gonna hurt another one. You're gonna hurt another one.,Fear,fear,fear,fear
"00:42:36,000","00:42:38,000",Dat duurt nog lang. Blaas op dat touw. Blaas op dat touw.,Dat duurt nog lang. Blaas op dat touw. Blaas op dat touw.,That's going to take a long time. Blow on that rope. Blow on that rope.,Fear,annoyance,anger,anger
"00:42:39,000","00:42:41,000","Ah, fuck, fuck, fuck, fuck.","Ah, fuck, fuck, fuck, fuck.","Ah, fuck, fuck, fuck, fuck.",Anger ,anger,anger,anger
"00:42:42,000","00:42:44,000",Hoe kan dit zoveel pijn doen?,Hoe kan dit zoveel pijn doen?,How can this hurt so much?,Surprise,sadness,sadness,sadness
"00:42:45,000","00:42:47,000","Ah, ah, ah.","Ah, ah, ah.","Ah, ah, ah.",Happiness ,pain,sadness,sadness
"00:42:52,000","00:42:57,000",Omdat haar vader prominent deel uitmaakt van een appgroep waarin de vlucht besproken wordt...,Omdat haar vader prominent deel uitmaakt van een appgroep waarin de vlucht besproken wordt...,Because her father is a prominent member of an app group where the flight is discussed...,Neutral ,neutral,neutral,neutral
"00:42:57,000","00:43:00,000",bestaat het vermoeden dat hij haar in de toekomst gaat helpen.,bestaat het vermoeden dat hij haar in de toekomst gaat helpen.,there is a suspicion that he will help her in the future.,Surprise,curiosity,neutral,neutral
"00:43:00,000","00:43:04,000",Daarom willen de hunters een baken plaatsen onder de auto van de familie...,Daarom willen de hunters een baken plaatsen onder de auto van de familie...,That's why the hunters want to place a beacon under the family's car...,Neutral ,neutral,neutral,neutral
"00:43:04,000","00:43:07,000",zodat elke verdachte beweging kan worden gemonitord.,zodat elke verdachte beweging kan worden gemonitord.,so that any suspicious movement can be monitored.,Neutral ,neutral,neutral,neutral
"00:43:07,000","00:43:09,000","Hoi, mag ik u wat vragen?","Hoi, mag ik u wat vragen?","Hi, can I ask you something?",Neutral ,curiosity,neutral,neutral
"00:43:09,000","00:43:13,000","Hoi, wij zijn Romy en Kelly en wij staan bij jouw vriendinnetje voor de deur.","Hoi, wij zijn Romy en Kelly en wij staan bij jouw vriendinnetje voor de deur.","Hi, we are Romy and Kelly and we are at your girlfriend's door.",Neutral ,neutral,neutral,neutral
"00:43:13,000","00:43:15,000",En wij zijn eigenlijk op de vlucht voor hunters.,En wij zijn eigenlijk op de vlucht voor hunters.,And we are actually running from hunters.,Fear ,fear,fear,fear
"00:43:15,000","00:43:18,000",En wij hoorden dat jullie hier in de buurt wonen.,En wij hoorden dat jullie hier in de buurt wonen.,And we heard that you live around here.,Neutral ,curiosity,neutral,neutral
"00:43:18,000","00:43:21,000",Zouden wij misschien bij jullie ouders kunnen slapen?,Zouden wij misschien bij jullie ouders kunnen slapen?,Could we perhaps sleep at your parents' house?,Neutral ,desire,happiness,neutral
"00:43:21,000","00:43:24,000",Of ergens bij jullie in de buurt in de tuin?,Of ergens bij jullie in de buurt in de tuin?,Or somewhere near you in the garden?,Neutral ,desire,happiness,neutral
"00:43:24,000","00:43:25,000",Ja?,Ja?,And?,Fear ,curiosity,neutral,neutral
"00:43:25,000","00:43:26,000",Maar...,Maar...,But...,Neutral ,confusion,sadness,neutral
"00:43:26,000","00:43:28,000","Lily, Lily. Wel mijn vader.","Lily, Lily. Wel mijn vader.","Lily, Lily. Well, my father.",Neutral ,neutral,neutral,neutral
"00:43:28,000","00:43:30,000",Wel mijn vader. Die doet het 100 procent.,Wel mijn vader. Die doet het 100 procent.,"Well, my father. He does it 100 percent.",Neutral ,approval,happiness,neutral
"00:43:30,000","00:43:32,000",Dank je wel. Dank je wel.,Dank je wel. Dank je wel.,Thank you. Thank you.,Happiness ,gratitude,happiness,happiness
"00:43:32,000","00:43:35,000","Wel mijn vader. Ja, ga doen. Doei.","Wel mijn vader. Ja, ga doen. Doei.","Well my father. Yes, go do it. Bye.",Neutral ,approval,happiness,neutral
"00:43:35,000","00:43:37,000","Nou, jullie hebben hulp?","Nou, jullie hebben hulp?","Well, you have help?",Surprise,curiosity,neutral,neutral
"00:43:37,000","00:43:40,000",Er is alleen huntersgezegd in het gesprek.,Er is alleen huntersgezegd in het gesprek.,Only hunters were mentioned in the conversation.,Neutral ,neutral,neutral,neutral
"00:43:40,000","00:43:42,000",Wat...,Wat...,What...,Surprise,confusion,sadness,surprise
"00:43:42,000","00:43:44,000",Wat dan?,Wat dan?,What then?,Fear ,confusion,sadness,fear
"00:43:49,000","00:43:51,000",Mijn papa vindt het goed.,Mijn papa vindt het goed.,My daddy approves.,Happiness ,joy,happiness,happiness
"00:43:51,000","00:43:53,000",Ja? Ja.,Ja? Ja.,And? And.,Neutral ,curiosity,neutral,neutral
"00:07:35,000","00:07:38,000",Dat kun je via de QR-code die nu in beeld verschijnt.,Dat kun je via de QR-code die nu in beeld verschijnt.,You can do this via the QR code that now appears on the screen.,neutral,neutral,neutral,neutral
"00:07:38,000","00:07:42,000","Links is voor een Nederlands account, rechts is als je in Vlaanderen woont.","Links is voor een Nederlands account, rechts is als je in Vlaanderen woont.","Left is for a Dutch account, right is if you live in Flanders.",neutral,neutral,neutral,neutral
"00:07:42,000","00:07:46,000",Het is tijd om de allereerste bewoner in de studio uit te nodigen.,Het is tijd om de allereerste bewoner in de studio uit te nodigen.,It's time to invite the very first resident to the studio.,neutral,excitement,happiness,happiness
"00:07:46,000","00:07:49,000","Ze is 33 jaar, komt uit Schagen, Nederland...","Ze is 33 jaar, komt uit Schagen, Nederland...","She is 33 years old, comes from Schagen, the Netherlands...",neutral,neutral,neutral,neutral
"00:07:49,000","00:07:52,000","is moeder van twee kinderen, Jack en James...","is moeder van twee kinderen, Jack en James...","is mother of two children, Jack and James...",neutral,neutral,neutral,neutral
"00:07:52,000","00:07:56,000","en heeft een heel duidelijk doel voor ogen, en dat is de winst.","en heeft een heel duidelijk doel voor ogen, en dat is de winst.","and has a very clear goal in mind, and that is profit.",neutral,determination,neutral,neutral
"00:07:56,000","00:07:59,000",Een groot applaus voor Ashley.,Een groot applaus voor Ashley.,A big round of applause for Ashley.,happiness,joy,happiness,happiness
"00:08:01,000","00:08:03,000",Hallo.,Hallo.,Hallo.,neutral,neutral,neutral,neutral
"00:08:03,000","00:08:06,000","Ashley, welkom. Ja, dank je wel.","Ashley, welkom. Ja, dank je wel.","Ashley, welcome. Yes thank you.",neutral,gratitude,happiness,happiness
"00:08:06,000","00:08:10,000","Hoe gaat het? Ja, ik ben wel een beetje gespannen, moet ik zeggen.","Hoe gaat het? Ja, ik ben wel een beetje gespannen, moet ik zeggen.","How are you? Yes, I am a bit tense, I must say.",fear,nervousness,fear,fear
"00:08:10,000","00:08:13,000",Je bent ook mama? Ja. Jack en James. Hoe oud zijn de kindjes?,Je bent ook mama? Ja. Jack en James. Hoe oud zijn de kindjes?,You're a mom too? Yes. Jack and James. How old are the children?,neutral,curiosity,neutral,neutral
"00:08:13,000","00:08:16,000","Die zijn 14 en 7. Oké, die laat je achter.","Die zijn 14 en 7. Oké, die laat je achter.","Those are 14 and 7. Okay, leave that one behind.",neutral,neutral,neutral,neutral
"00:08:16,000","00:08:19,000","Ja, die laat ik achter, maar goed achter natuurlijk.","Ja, die laat ik achter, maar goed achter natuurlijk.","Yes, I'll leave that behind, but leave it behind well of course.",neutral,sadness,sadness,neutral
"00:08:19,000","00:08:21,000",Anders had ik het natuurlijk nooit gedaan.,Anders had ik het natuurlijk nooit gedaan.,Of course I would never have done it otherwise.,neutral,determination,neutral,neutral
"00:08:21,000","00:08:23,000","Je gaat het huis in, misschien voor heel lange tijd.","Je gaat het huis in, misschien voor heel lange tijd.","You go into the house, maybe for a very long time.",neutral,nervousness,fear,neutral
"00:08:23,000","00:08:25,000","Je hebt ook een relatie met Bart. Ja, klopt.","Je hebt ook een relatie met Bart. Ja, klopt.",You also have a relationship with Bart. That's right.,neutral,neutral,neutral,neutral
"00:08:25,000","00:08:27,000",Hebben jullie bepaalde afspraken gemaakt?,Hebben jullie bepaalde afspraken gemaakt?,Have you made any specific agreements?,neutral,curiosity,neutral,neutral
"00:08:27,000","00:08:29,000","Wat mag er wel, wat mag er niet?","Wat mag er wel, wat mag er niet?","What is allowed, what is not allowed?",neutral,curiosity,neutral,neutral
"00:08:29,000","00:08:31,000","Ja, ik ben hartstikke trouw aan hem.","Ja, ik ben hartstikke trouw aan hem.","Yes, I am very loyal to him.",neutral,love,happiness,happiness
"00:08:31,000","00:08:33,000","Er is één afspraak, en dat is winnen.","Er is één afspraak, en dat is winnen.","There is one agreement, and that is winning.",neutral,determination,neutral,neutral
"00:08:33,000","00:08:35,000",Dat is winnen? Jij wilt absoluut winnen?,Dat is winnen? Jij wilt absoluut winnen?,That's winning? You absolutely want to win?,surprise,curiosity,neutral,surprise
"00:08:35,000","00:08:37,000","Ja, en dat wil hij ook, dat ik win.","Ja, en dat wil hij ook, dat ik win.","Yes, and that's what he wants me to win.",neutral,approval,happiness,neutral
"00:08:37,000","00:08:39,000",Klinkt goed.,Klinkt goed.,Sounds good.,neutral,approval,happiness,neutral
"00:08:39,000","00:08:42,000",De plannen zijn al gemaakt. Ik sta bij vrienden en familie.,De plannen zijn al gemaakt. Ik sta bij vrienden en familie.,The plans are already made. I am with friends and family.,neutral,joy,happiness,neutral
"00:08:42,000","00:08:45,000",Even voor de ouders. Jullie hebben natuurlijk lang met Esly in huis gewoond.,Even voor de ouders. Jullie hebben natuurlijk lang met Esly in huis gewoond.,Just for the parents. You have of course lived with Esly in the house for a long time.,neutral,neutral,neutral,neutral
"00:08:45,000","00:08:48,000","De positieve dingen van Esly in een huis, om daarmee samen te wonen.","De positieve dingen van Esly in een huis, om daarmee samen te wonen.","The positive things of Esly in a house, to live with it.",neutral,admiration,happiness,neutral
"00:08:48,000","00:08:50,000",Noem ze even op.,Noem ze even op.,Just name them.,neutral,curiosity,neutral,neutral
"00:08:50,000","00:08:52,000","Dat je niet één, maar twee dochters tegelijk hebt.","Dat je niet één, maar twee dochters tegelijk hebt.","That you have not one, but two daughters at the same time.",neutral,surprise,surprise,surprise
"00:08:52,000","00:08:54,000","Oh ja, zo druk ben je.","Oh ja, zo druk ben je.","Oh yes, you are that busy.",neutral,realization,surprise,surprise
"00:08:54,000","00:08:56,000",Ze telt voor twee.,Ze telt voor twee.,She counts for two.,neutral,amusement,happiness,neutral
"00:08:56,000","00:08:58,000","Ja, die is ruim aanwezig.","Ja, die is ruim aanwezig.","Yes, it is widely available.",neutral,neutral,neutral,neutral
"00:08:58,000","00:09:00,000","Nee, maar ze is meestal vrolijk.","Nee, maar ze is meestal vrolijk.","No, but she is usually cheerful.",happiness,joy,happiness,happiness
"00:09:00,000","00:09:04,000",En ze ziet toch wel heel veel positieve dingen in het leven.,En ze ziet toch wel heel veel positieve dingen in het leven.,And she sees a lot of positive things in life.,happiness,admiration,happiness,happiness
"00:09:04,000","00:09:06,000","Dus, dank jullie wel.","Dus, dank jullie wel.","So, thank you.",neutral,gratitude,happiness,happiness
"00:09:06,000","00:09:08,000",Oké.,Oké.,Okay.,neutral,neutral,neutral,neutral
"00:09:08,000","00:09:11,000",Wij hebben een aantal belangrijke puntjes die we moeten bespreken.,Wij hebben een aantal belangrijke puntjes die we moeten bespreken.,We have some important points to discuss.,neutral,curiosity,neutral,neutral
"00:09:11,000","00:09:13,000",Je hebt hier een enorme koffer bij.,Je hebt hier een enorme koffer bij.,You have a huge suitcase with this.,neutral,surprise,surprise,neutral
"00:09:13,000","00:09:14,000",Ja? Zeg dat.,Ja? Zeg dat.,Yes? Say that.,neutral,curiosity,neutral,neutral
"00:09:14,000","00:09:15,000",Alles zit daarin.,Alles zit daarin.,Everything is in there.,neutral,neutral,neutral,neutral
"00:09:15,000","00:09:16,000",Alles.,Alles.,Everything.,neutral,neutral,neutral,neutral
"00:09:16,000","00:09:17,000",Jouw leven.,Jouw leven.,Your life.,neutral,neutral,neutral,neutral
"00:09:17,000","00:09:18,000",Mijn leven.,Mijn leven.,My life.,neutral,neutral,neutral,neutral
"00:09:18,000","00:09:19,000",Jammer genoeg blijft je koffer hier.,Jammer genoeg blijft je koffer hier.,"Unfortunately, your suitcase remains here.",sadness,disappointment,sadness,sadness
"00:09:19,000","00:09:20,000",Dat is helemaal oké.,Dat is helemaal oké.,That's totally okay.,neutral,acceptance,neutral,neutral
"00:35:46,000","00:35:47,000",Er staan nog best wel wat huiskamera's.,Er staan nog best wel wat huiskamera's.,There are still quite a few living room cameras.,neutral,nervousness,fear,fear
"00:35:48,000","00:35:52,000","Dus als je via die kant daaruit gaat, dan kom je een beetje naar achterafstraat.","Dus als je via die kant daaruit gaat, dan kom je een beetje naar achterafstraat.","So if you go out that way, you'll end up in a bit of a back street.",neutral,neutral,neutral,neutral
"00:35:52,000","00:35:55,000","En dan loop je via de achterkant van het station, dan kan je naar binnen.","En dan loop je via de achterkant van het station, dan kan je naar binnen.","And then you walk through the back of the station, then you can enter.",neutral,neutral,neutral,neutral
"00:35:56,000","00:35:58,000",En dan moet je volgens mij naar spoor vier of vijf.,En dan moet je volgens mij naar spoor vier of vijf.,And then I think you should go to track four or five.,neutral,neutral,neutral,neutral
"00:35:59,000","00:36:00,000","Oké. Ah, top. Perfect. Top.","Oké. Ah, top. Perfect. Top.","Okay. Oh, great. Perfect. Top.",happiness,joy,happiness,happiness
"00:36:02,000","00:36:05,000",Op het hoofdkwartier zijn de pinbeelden van het duo binnen.,Op het hoofdkwartier zijn de pinbeelden van het duo binnen.,The PIN images of the duo have been received at headquarters.,neutral,realization,surprise,neutral
"00:36:05,000","00:36:08,000",Omdat de Hunters ervan uitgaan dat ze al lang zijn vertrokken...,Omdat de Hunters ervan uitgaan dat ze al lang zijn vertrokken...,Because the Hunters assume they've long since left...,neutral,realization,surprise,neutral
"00:36:08,000","00:36:11,000",zijn ze vooral geïnteresseerd in hun signalement...,zijn ze vooral geïnteresseerd in hun signalement...,they are mainly interested in their description...,neutral,curiosity,neutral,neutral
"00:36:11,000","00:36:13,000",en de mogelijke looproute na het pinnen.,en de mogelijke looproute na het pinnen.,and the possible walking route after debit card payment.,neutral,curiosity,neutral,neutral
"00:36:13,000","00:36:17,000","Heel moeilijk te herinneren. Mondkapje, petje, zonder bril.","Niet moeilijk te herkennen. Mondkapje, petje, zonder bril.","Not difficult to recognize. Face mask, cap, without glasses.",neutral,realization,surprise,neutral
"00:36:17,000","00:36:19,000",Ik denk dat dit Siva is.,Ik denk dat dit Siva is.,I think this is Siva.,neutral,realization,surprise,surprise
"00:36:19,000","00:36:20,000",Wat is hij al aan het doen dan?,Wat is hij al aan het doen dan?,What is he already doing then?,surprise,curiosity,neutral,surprise
"00:36:21,000","00:36:24,000",Weten wij wat hij net aan had? Wel donkere kleding.,Weten wij wat hij net aan had? Wel donkere kleding.,Do we know what he was just wearing? Dark clothing.,neutral,curiosity,neutral,neutral
"00:36:24,000","00:36:26,000","Ja, hij had geen zwart shirt aan.","Ja, hij had geen zwart shirt aan.","Yes, he wasn't wearing a black shirt.",neutral,realization,surprise,neutral
"00:36:26,000","00:36:28,000","Ik denk het wel. Dit is bij het station, toch?","Ik denk het wel. Dit is bij het station, toch?","I think so. This is near the station, right?",neutral,curiosity,neutral,neutral
"00:36:28,000","00:36:31,000","Ja, het is bij het station. Ja, daar heb je de trams.","Ja, het is bij het station. Ja, daar heb je de trams.","Yes, it's at the station. Yes, there you have the trams.",neutral,confirmation,neutral,neutral
"00:36:32,000","00:36:35,000","Van alle plekken dat je kan pinnen, dan kies je het centraal station.","Van alle plekken dat je kan pinnen, dan kies je het centraal station.","Of all the places where you can pay by card, choose the central station.",neutral,disapproval,disgust,disgust
"00:36:36,000","00:36:38,000","Dat snap ik dan echt niet. O, ja.","Dat snap ik dan echt niet. O, ja.",I really don't understand that. Oh yeah.,neutral,confusion,sadness,sadness
"00:36:39,000","00:36:43,000","We moeten hier, over het hek, want dan kunnen ze als het goed is ons niet zien.","We moeten hier, over het hek, want dan kunnen ze als het goed is ons niet zien.","We have to go over the fence here, because then they shouldn't be able to see us.",fear,nervousness,fear,fear
"00:36:44,000","00:36:47,000","Je hebt kans dat ze meteen doorgaan nu, toch?","Je hebt kans dat ze meteen doorgaan nu, toch?","There's a chance they'll move on right now, right?",fear,curiosity,neutral,fear
"00:36:47,000","00:36:49,000",Ze blijven niet zitten bij die pinautomaat.,Ze blijven niet zitten bij die pinautomaat.,They don't stay at that ATM.,neutral,realization,surprise,neutral
"00:36:49,000","00:36:51,000","Kijk, wat Jeroen zegt, ze gaan niet naast het pinapparaat zitten...","Kijk, wat Jeroen zegt, ze gaan niet naast het pinapparaat zitten...","Look, what Jeroen says, they don't sit next to the PIN machine...",neutral,realization,surprise,neutral
"00:36:52,000","00:36:54,000",en wachten op hun stoel tot wij aankomen rijden. Dus ze gaan door.,en wachten op hun stoel tot wij aankomen rijden. Dus ze gaan door.,and wait in their seats until we arrive driving. So they continue.,neutral,realization,surprise,neutral
"00:36:54,000","00:36:55,000","Ja, dat denk ik ook.","Ja, dat denk ik ook.","Yes, I think so too.",neutral,agreement,neutral,neutral
"00:36:55,000","00:36:58,000",Zo snel mogelijk in die omgeving al die beelden opvragen.,Zo snel mogelijk in die omgeving al die beelden opvragen.,Request all those images in that environment as quickly as possible.,neutral,desire,happiness,neutral
"00:36:58,000","00:37:00,000","Zodra je camerabeelden binnen hebt, dan hoor ik het, hè?","Zodra je camerabeelden binnen hebt, dan hoor ik het, hè?","I'll let you know as soon as you get camera footage, right?",neutral,promise,neutral,neutral
"00:37:00,000","00:37:01,000",Ja.,Ja.,And.,neutral,neutral,neutral,neutral
"00:37:01,000","00:37:04,000","Weet je wat ik doe? Tas nu maar om, vastpakken.","Weet je wat ik doe? Tas nu maar om, vastpakken.","Do you know what I do? Now put your bag on, grab it.",neutral,instruction,neutral,neutral
"00:37:04,000","00:37:06,000",Zo lopen met de tas. Trek je trui eroverheen.,Zo lopen met de tas. Trek je trui eroverheen.,This is how you walk with the bag. Pull your sweater over it.,neutral,instruction,neutral,neutral
"00:37:07,000","00:37:09,000",Kijk. Kijk.,Kijk. Kijk.,Look. Look.,neutral,instruction,neutral,neutral
"00:37:09,000","00:37:11,000",Binnenlangs. Binnenlangs.,Binnenlangs. Binnenlangs.,Inside. Inside.,neutral,instruction,neutral,neutral
"00:37:11,000","00:37:13,000",Hierlangs? Langs die camera af? Ga langs die camera af.,Hierlangs? Langs die camera af? Ga langs die camera af.,Along here? Next to the camera? Go down next to the camera.,neutral,nervousness,fear,fear
"00:37:14,000","00:37:17,000","Kijk of we dat misschien... Hij heeft ons sowieso gezien, die camera.","Kijk of we dat misschien... Hij heeft ons sowieso gezien, die camera.","See if we can... He saw us anyway, that camera.",neutral,nervousness,fear,fear
"00:37:18,000","00:37:20,000","Zie jij iemand? Nee, hè?","Zie jij iemand? Nee, hè?",Do you see anyone? Oh no?,fear,fear,fear,fear
"00:37:20,000","00:37:21,000",Wat doen al die mensen hier met de camera?,Wat doen al die mensen hier met de camera?,What are all these people doing here with the camera?,neutral,confusion,sadness,surprise
"00:37:21,000","00:37:23,000",Goed kijken.,Goed kijken.,Look closely.,neutral,instruction,neutral,neutral
"00:37:23,000","00:37:25,000","O, wauw.","O, wauw.","Oh, wow.",surprise,surprise,surprise,surprise
"00:37:25,000","00:37:26,000",Dank je wel.,Dank je wel.,Thank you.,neutral,gratitude,happiness,happiness
"00:37:26,000","00:37:28,000",Wat een timing.,Wat een timing.,What timing.,neutral,realization,surprise,neutral
"00:37:37,000","00:37:39,000",Ik kom hier nooit meer terug.,Ik kom hier nooit meer terug.,I'll never come back here again.,disgust,disgust,disgust,disgust
"00:37:43,000","00:37:46,000","Dat is het straatje, zeg maar.","Dat is het straatje, zeg maar.","That's the street, so to speak.",neutral,realization,surprise,neutral
"00:37:46,000","00:37:48,000","Dan komt-ie hier, staat-ie daar te wachten...","Dan komt-ie hier, staat-ie daar te wachten...","Then he comes here, he waits there...",neutral,realization,surprise,neutral
"00:37:48,000","00:37:50,000",en dan kom jij uit dat paadje daar zo.,en dan kom jij uit dat paadje daar zo.,and then you come out of that path there.,neutral,realization,surprise,neutral
"00:37:50,000","00:37:52,000",Waar de man met het rode shirt loopt?,Waar de man met het rode shirt loopt?,Where the man in the red shirt walks?,surprise,curiosity,neutral,surprise
"00:45:57,000","00:45:58,000","Ja, jij daar.","Ja, jij daar.","Yes, you there.",neutral,neutral,neutral,neutral
"00:45:58,000","00:46:03,000",Vriendinnen Marijke en Layla zijn dankzij twee liften tot Leerdam gekomen.,Vriendinnen Marijke en Layla zijn dankzij twee liften tot Leerdam gekomen.,Friends Marijke and Layla reached Leerdam thanks to two lifts.,neutral,joy,happiness,neutral
"00:46:03,000","00:46:06,000",Ze voelen zich daar veilig genoeg om de oude mobiele telefoon...,Ze voelen zich daar veilig genoeg om de oude mobiele telefoon...,They feel safe enough there to use the old mobile phone...,neutral,relief,happiness,happiness
"00:46:06,000","00:46:09,000","die ze uit de container mee moesten nemen, nader te inspecteren.","die ze uit de container mee moesten nemen, nader te inspecteren.","which they had to take with them from the container, to inspect further.",neutral,curiosity,neutral,neutral
"00:46:09,000","00:46:11,000",Er zit niks in.,Er zit niks in.,There's nothing in it.,neutral,disappointment,sadness,sadness
"00:46:11,000","00:46:13,000",Dus dat is toch ook raar?,Dus dat is toch ook raar?,"So that's weird too, right?",surprise,confusion,sadness,surprise
"00:46:15,000","00:46:18,000","Ik had hem prongelijk aangezet, maar ik had meteen die accu er weer uitgehaald.","Ik had hem prongelijk aangezet, maar ik had meteen die accu er weer uitgehaald.","I turned it on immediately, but I immediately took the battery out again.",neutral,nervousness,fear,fear
"00:46:18,000","00:46:22,000","Nou, hou mij ook een bij, want dit kunnen ze toch ook niet streamen?","Nou, hou mij ook een bij, want dit kunnen ze toch ook niet streamen?","Well, keep me posted, because they can't stream this either, can they?",neutral,curiosity,neutral,neutral
"00:46:22,000","00:46:23,000",En dan...,En dan...,And then...,neutral,anticipation,happiness,neutral
"00:46:23,000","00:46:24,000",Nee.,Nee.,Nee.,neutral,disapproval,disgust,neutral
"00:46:24,000","00:46:25,000",Is dat nou al weg? Weet ik niet.,Is dat nou al weg? Weet ik niet.,Is that gone already? I don't know.,neutral,confusion,sadness,neutral
"00:46:25,000","00:46:26,000",We moeten hem denk ik wel aanzetten.,We moeten hem denk ik wel aanzetten.,I think we should turn him on.,neutral,desire,happiness,neutral
"00:46:26,000","00:46:27,000",Ik denk wel dat er iets in staat.,Ik denk wel dat er iets in staat.,I think there's something in it.,neutral,curiosity,neutral,neutral
"00:46:27,000","00:46:28,000",Ja.,Ja.,And.,neutral,neutral,neutral,neutral
"00:46:28,000","00:46:31,000",Het waarschuwingsbelletje van helper Mark is uitgebleven.,Het waarschuwingsbelletje van helper Mark is uitgebleven.,Helper Mark's warning bell has not gone off.,neutral,surprise,surprise,surprise
"00:46:31,000","00:46:33,000",Davy en Linda blijven dus in pernis.,Davy en Linda blijven dus in pernis.,So Davy and Linda remain in Pernis.,neutral,neutral,neutral,neutral
"00:46:33,000","00:46:37,000",Want wie zegt er nou nee tegen zo'n lekker bordje Chinees eten?,Want wie zegt er nou nee tegen zo'n lekker bordje Chinees eten?,Because who would say no to a delicious plate of Chinese food?,happiness,amusement,happiness,happiness
"00:46:37,000","00:46:40,000",Je moet wel genoeg eten. Misschien neemt een paar lagen niks.,Je moet wel genoeg eten. Misschien neemt een paar lagen niks.,You have to eat enough. Maybe a few coats won't do anything.,neutral,caring,happiness,happiness
"00:46:40,000","00:46:42,000",Precies. De laatste dat er voorlopig bijgaat.,Precies. De laatste dat er voorlopig bijgaat.,Exactly. The last one that will be added for now.,neutral,approval,happiness,neutral
"00:46:44,000","00:46:47,000",Romy en Kelly hebben besloten toch een andere slaapplek te zoeken.,Romy en Kelly hebben besloten toch een andere slaapplek te zoeken.,Romy and Kelly have decided to look for another place to sleep.,neutral,nervousness,fear,neutral
"00:46:47,000","00:46:51,000",En tot hun blijdschap is het bij de eerste de beste poging meteen raar.,En tot hun blijdschap is het bij de eerste de beste poging meteen raar.,"And to their delight, it turns out weird on the very first try.",happiness,amusement,happiness,happiness
"00:46:51,000","00:46:52,000",Heel erg bedankt.,Heel erg bedankt.,Thank you very much.,neutral,gratitude,happiness,happiness
"00:46:52,000","00:46:53,000","Ja, wil je nog een?","Ja, wil je nog een?","Yes, do you want another one?",neutral,curiosity,neutral,neutral
"00:46:53,000","00:46:54,000",Nee.,Nee.,Nee.,neutral,disapproval,disgust,neutral
"00:46:54,000","00:46:56,000",Mogen we nog een kopje mee eten?,Mogen we nog een kopje mee eten?,Can we have another cup of food?,neutral,desire,happiness,neutral
"00:46:56,000","00:46:57,000",Niet? Meent u?,Niet? Meent u?,No? Do you mean it?,neutral,confusion,sadness,sadness
"00:46:57,000","00:46:58,000",Heel erg fijn.,Heel erg fijn.,Very very nice.,happiness,joy,happiness,happiness
"00:46:58,000","00:46:59,000",Superfijn.,Superfijn.,Super nice.,happiness,joy,happiness,happiness
"00:46:59,000","00:47:00,000","Dank u, dank u.","Dank u, dank u.",Thank you thank you.,neutral,gratitude,happiness,happiness
"00:47:00,000","00:47:03,000",Ook de vriendinnen veilig voor de eerste nacht.,Ook de vriendinnen veilig voor de eerste nacht.,The girlfriends are also safe for the first night.,neutral,relief,happiness,happiness
"00:47:03,000","00:47:04,000",Die tas af.,Die tas af.,The bag off.,neutral,neutral,neutral,neutral
"00:47:04,000","00:47:05,000",Zo.,Zo.,Like this.,neutral,neutral,neutral,neutral
"00:47:11,000","00:47:12,000",Goedendag. Goedendag.,Goedendag. Goedendag.,Good day. Good day.,neutral,neutral,neutral,neutral
"00:47:12,000","00:47:13,000",Mijn naam is Tom. Ja.,Mijn naam is Tom. Ja.,My name is Tom. Yes.,neutral,neutral,neutral,neutral
"00:47:13,000","00:47:14,000",Hallo.,Hallo.,Hallo.,neutral,neutral,neutral,neutral
"00:47:14,000","00:47:15,000",Mijn naam is Tom.,Mijn naam is Tom.,My name is Tom.,neutral,neutral,neutral,neutral
"00:47:15,000","00:47:16,000","Ja, u mag binnenkomen.","Ja, u mag binnenkomen.","Yes, you may come in.",neutral,approval,happiness,neutral
"00:47:16,000","00:47:17,000",Ja?,Ja?,And?,neutral,curiosity,neutral,neutral
"00:47:17,000","00:47:19,000","U weet al, u verwacht ons al?","U weet al, u verwacht ons al?","You already know, you are expecting us?",neutral,curiosity,neutral,neutral
"00:47:19,000","00:47:20,000","Ik verwacht jullie al, ja.","Ik verwacht jullie al, ja.","I'm expecting you, yes.",neutral,neutral,neutral,neutral
"00:47:20,000","00:47:21,000","Oké, hallo.","Oké, hallo.","Okay, hello.",neutral,neutral,neutral,neutral
"00:47:21,000","00:47:26,000",Team 2 is samen met digitaal rechercheur Martijn bij de ouders van Rajiv gearriveerd.,Team 2 is samen met digitaal rechercheur Martijn bij de ouders van Rajiv gearriveerd.,"Team 2, together with digital detective Martijn, arrived at Rajiv's parents' house.",neutral,neutral,neutral,neutral
"00:47:26,000","00:47:30,000",Het doel is subtiel te achterhalen hoe groot de rol van vader is.,Het doel is subtiel te achterhalen hoe groot de rol van vader is.,The aim is to subtly discover how big the role of the father is.,neutral,curiosity,neutral,neutral
"00:47:30,000","00:47:32,000",En om een baken onder zijn bus te plaatsen.,En om een baken onder zijn bus te plaatsen.,And to place a beacon under his bus.,neutral,neutral,neutral,neutral
"00:24:09,000","00:24:12,000","Het is even wennen, dan komt het goed.","Het is even wennen, dan komt het goed.","It takes some getting used to, then it will be fine.",neutral,optimism,happiness,happiness
"00:24:12,000","00:24:14,000",Zijn jullie ooit zo lang uit elkaar geweest?,Zijn jullie ooit zo lang uit elkaar geweest?,Have you ever been apart for so long?,fear,curiosity,neutral,neutral
"00:24:14,000","00:24:15,000",Nee.,Nee.,Nee.,neutral,neutral,neutral,neutral
"00:24:15,000","00:24:17,000",En wat ga je dan missen aan hem?,En wat ga je dan missen aan hem?,And what will you miss about him?,neutral,curiosity,neutral,neutral
"00:24:17,000","00:24:21,000","Alles. Ik ben Lemie Gerrits, 52 jaar...","Alles. Ik ben Lemie Gerrits, 52 jaar...","Everything. I am Lemie Gerrits, 52 years old...",neutral,neutral,neutral,neutral
"00:24:21,000","00:24:23,000",woonachtig op het woonwagenkamp in Arnhem...,woonachtig op het woonwagenkamp in Arnhem...,living at the caravan camp in Arnhem...,neutral,neutral,neutral,neutral
"00:24:23,000","00:24:25,000",samen met mijn lieve vrouw Brigitte.,samen met mijn lieve vrouw Brigitte.,together with my dear wife Brigitte.,happiness,love,happiness,happiness
"00:24:26,000","00:24:27,000","Britt, moet je koffie, schat?","Britt, moet je koffie, schat?","Britt, do you need coffee, honey?",happiness,caring,happiness,happiness
"00:24:27,000","00:24:28,000","Ook lekker, doe maar.","Ook lekker, doe maar.","Also tasty, go ahead.",happiness,approval,happiness,happiness
"00:24:28,000","00:24:30,000",Ik wil graag meedoen aan Big Brother. Waarom?,Ik wil graag meedoen aan Big Brother. Waarom?,I would like to participate in Big Brother. Why?,surprise,curiosity,neutral,neutral
"00:24:31,000","00:24:33,000","Ja, ik heb er nog nooit een woonwagenbewoner in gezien.","Ja, ik heb er nog nooit een woonwagenbewoner in gezien.","Yeah, I've never seen a caravan resident in it.",surprise,surprise,surprise,surprise
"00:24:34,000","00:24:36,000",Ik heb nog nooit in een huis gewoond.,Ik heb nog nooit in een huis gewoond.,I've never lived in a house before.,surprise,realization,surprise,surprise
"00:24:36,000","00:24:39,000",Eerlijk gezegd is dat heel spannend voor mij.,Eerlijk gezegd is dat heel spannend voor mij.,"To be honest, that's very exciting for me.",happiness,excitement,happiness,happiness
"00:24:39,000","00:24:43,000",Hoe voelt dat als woonwagenbewoner in een huis?,Hoe voelt dat als woonwagenbewoner in een huis?,How does that feel as a caravan dweller in a house?,neutral,curiosity,neutral,neutral
"00:24:43,000","00:24:44,000",Maar hoe gaat het straks doen dan?,Maar hoe gaat het straks doen dan?,But how will it work later?,fear,curiosity,neutral,fear
"00:24:44,000","00:24:47,000",Ik wil gewoon de normen en waarden naar binnen brengen in het huis.,Ik wil gewoon de normen en waarden naar binnen brengen in het huis.,I just want to bring the norms and values ​​into the house.,neutral,desire,happiness,neutral
"00:24:47,000","00:24:50,000","Maar de schoenen, hoe doe je het dan met je schoenen?","Maar de schoenen, hoe doe je het dan met je schoenen?","But the shoes, what do you do with your shoes?",surprise,curiosity,neutral,neutral
"00:24:50,000","00:24:52,000",Die schoenen moeten uit.,Die schoenen moeten uit.,Those shoes have to come off.,disgust,neutral,neutral,neutral
"00:24:52,000","00:24:53,000","Ja, maar dat wordt nog een dingetje.","Ja, maar dat wordt nog een dingetje.","Yes, but that's another thing.",neutral,neutral,neutral,neutral
"00:24:53,000","00:24:55,000",Want jij bent dat niet gewend.,Want jij bent dat niet gewend.,Because you're not used to that.,neutral,neutral,neutral,neutral
"00:24:55,000","00:24:58,000","Nee, precies. Maar stel dat ze dat niet doen en ze lopen toch door.","Nee, precies. Maar stel dat ze dat niet doen en ze lopen toch door.","No, exactly. But suppose they don't and they continue walking anyway.",neutral,annoyance,anger,anger
"00:24:58,000","00:24:59,000","Ja, maar je kunt het maar beter zeggen.","Ja, maar je kunt het maar beter zeggen.","Yes, but you better say it.",neutral,approval,happiness,neutral
"00:25:00,000","00:25:02,000","Ze zitten toch ook wel een beetje begripte, of niet?","Ze zitten toch ook wel een beetje begripte, of niet?","They're a bit understanding, aren't they?",happiness,approval,happiness,happiness
"00:25:02,000","00:25:06,000",Ik hoop dat ze een beetje rekeningskappen houden met mij.,Ik hoop dat ze een beetje rekeningskappen houden met mij.,I hope they show some consideration for me.,neutral,desire,happiness,neutral
"00:25:06,000","00:25:09,000",Schoentjes moeten uit. Was ze met de handen onder de afwasbak.,Schoentjes moeten uit. Was ze met de handen onder de afwasbak.,Shoes have to come off. Wash them with your hands under the sink.,neutral,disapproval,disgust,neutral
"00:25:10,000","00:25:13,000","Geen rode kool eten op maandag. Nou, zo heb ik tig dingen.","Geen rode kool eten op maandag. Nou, zo heb ik tig dingen.","Don't eat red cabbage on Monday. Well, I have tons of things like that.",neutral,amusement,happiness,happiness
"00:25:13,000","00:25:15,000",Ik wil dat gewoon laten zien aan de bewoners.,Ik wil dat gewoon laten zien aan de bewoners.,I just want to show that to the residents.,neutral,desire,happiness,neutral
"00:25:15,000","00:25:18,000","Ja, en dan hoop ik dan totdat ze iets ervan mee naar huis nemen.","Ja, en dan hoop ik dan totdat ze iets ervan mee naar huis nemen.","Yes, and then I hope until they take some of it home.",neutral,hope,happiness,happiness
"00:25:18,000","00:25:20,000","Van, oh ja, dat kan ook zo.","Van, oh ja, dat kan ook zo.","Like, oh yes, it can be done that way.",neutral,realization,surprise,surprise
"00:25:20,000","00:25:23,000","Maar ook, ik leer van hen, hè. Dat gaat ook al.","Maar ook, ik leer van hen, hè. Dat gaat ook al.","But also, I learn from them, right? That already works.",surprise,admiration,happiness,surprise
"00:25:23,000","00:25:25,000","Ik zing graag het levenslied, mijn eigen liedjes.","Ik zing graag het levenslied, mijn eigen liedjes.","I like to sing the song of life, my own songs.",happiness,joy,happiness,happiness
"00:25:26,000","00:25:29,000",Daar ben ik enorm trots op. Ik zing al vanaf zeven jaar.,Daar ben ik enorm trots op. Ik zing al vanaf zeven jaar.,I am extremely proud of that. I have been singing since I was seven years old.,happiness,pride,happiness,happiness
"00:25:29,000","00:25:32,000",De zon is altijd gratis,De zon is altijd gratis,The sun is always free,neutral,joy,happiness,happiness
"00:25:32,000","00:25:35,000","Ik ben 52, ik kan nagaan hoelang ik al in het vak zit.","Ik ben 52, ik kan nagaan hoelang ik al in het vak zit.","I'm 52, I can tell how long I've been in the business.",neutral,pride,happiness,happiness
"00:25:35,000","00:25:38,000","Ja, en ik doe het gewoon met liefde nog. En voor mijn fans.","Ja, en ik doe het gewoon met liefde nog. En voor mijn fans.","Yes, and I still do it with love. And for my fans.",happiness,love,happiness,happiness
"00:25:39,000","00:25:44,000",Samen door het leven te gaan,Samen door het leven te gaan,Going through life together,happiness,joy,happiness,happiness
"00:25:44,000","00:25:46,000","Hip, hip, hip, hip!","Hip, hip, hip, hip!","Hip, hip, hip, hip!",happiness,excitement,happiness,happiness
"00:25:47,000","00:25:48,000",Kom maar bij.,Kom maar bij.,Come on.,neutral,neutral,neutral,neutral
"00:25:50,000","00:25:53,000","Hey, welkom. Alles goed?","Hey, welkom. Alles goed?","Hey, welcome. Everthing okay?",fear,caring,happiness,happiness
"00:25:53,000","00:25:55,000","Ja, goed. Ja? Ben je klaar voor het avontuur?","Ja, goed. Ja? Ben je klaar voor het avontuur?","Yeah, fine. Yes? Are you ready for the adventure?",neutral,excitement,happiness,happiness
"00:25:55,000","00:25:58,000","Ik heb er zin in. Heel België, heel Nederland kijkt.","Ik heb er zin in. Heel België, heel Nederland kijkt.","I'm excited. All of Belgium, all of the Netherlands are watching.",happiness,excitement,happiness,happiness
"00:25:58,000","00:26:00,000",Ik stel voor dat jij even snel een liedje zingt voor ons.,Ik stel voor dat jij even snel een liedje zingt voor ons.,I suggest you sing us a quick song.,neutral,curiosity,neutral,neutral
"00:26:00,000","00:26:03,000","Ja, dat kan. Heb je de band aan?","Ja, dat kan. Heb je de band aan?","Yes, that's possible. Do you have the band on?",neutral,neutral,neutral,neutral
"00:26:03,000","00:26:04,000","Ik kan een klein stukje zingen, hè. Even zonder band.","Ik kan een klein stukje zingen, hè. Even zonder band.","I can sing a little bit, right? Without a band for a moment.",neutral,neutral,neutral,neutral
"00:40:04,000","00:40:07,000","Ik kan er stiekem net even wat meer uit halen, misschien ook nog.","Ik kan er stiekem net even wat meer uit halen, misschien ook nog.","I can secretly get a little more out of it, maybe even more.",neutral,optimism,happiness,happiness
"00:40:09,000","00:40:11,000",Ik zie er bijna nooit...,Ik zie er bijna nooit...,I hardly ever see...,neutral,disappointment,sadness,sadness
"00:40:12,000","00:40:13,000","Oké, dus ik ga hier tussendoor?","Oké, dus ik ga hier tussenin?","Okay, so I'm going in between here?",neutral,confusion,sadness,sadness
"00:40:14,000","00:40:17,000","Ja, hup, oversteken naar rechts bij dat gebouw daar.","Ja, hup, oversteken naar rechts bij dat gebouw daar.","Yes, go, cross to the right at that building there.",neutral,neutral,neutral,neutral
"00:40:17,000","00:40:19,000",Ga je door het paadje heen. Dat kan niet anders.,Ga je door het paadje heen. Dat kan niet anders.,Go through the path. There is no other way.,neutral,neutral,neutral,neutral
"00:40:20,000","00:40:22,000","Top, dank je wel, hè? Niet meer bellen, hè?","Top, dank je wel, hè? Niet meer bellen, hè?","Great, thank you, huh? No more calling, okay?",happiness,gratitude,happiness,happiness
"00:40:22,000","00:40:23,000",Nee. En niet appen.,Nee. En niet appen.,No. And don't text.,neutral,disapproval,disgust,disgust
"00:40:23,000","00:40:25,000","Nee. Oké, en je hebt ons niet gezien.","Nee. Oké, en je hebt ons niet gezien.","No. Okay, and you didn't see us.",neutral,nervousness,fear,fear
"00:40:25,000","00:40:27,000",Nee. Doeg.,Nee. Doeg.,No. Bye.,neutral,neutral,neutral,neutral
"00:40:30,000","00:40:33,000","Ze komen vanuit Hoofddorp, dus...","Ze komen vanuit Hoofddorp, dus...","They come from Hoofddorp, so...",neutral,neutral,neutral,neutral
"00:40:33,000","00:40:38,000",Ik ga nu nog weer twijfelen of ze überhaupt het adresgoed heeft gehoord.,Ik ga nu nog weer twijfelen of ze überhaupt het adresgoed heeft gehoord.,Now I'm starting to doubt again whether she heard the correct address at all.,fear,confusion,sadness,sadness
"00:40:38,000","00:40:42,000","Aygun en Rajiv, nog steeds in Rotterdam en bloednerveus.","Aygun en Rajiv, nog steeds in Rotterdam en bloednerveus.","Aygun and Rajiv, still in Rotterdam and extremely nervous.",fear,nervousness,fear,fear
"00:40:42,000","00:40:45,000",Zij hebben contact gezocht met een vriendin van Aygun...,Zij hebben contact gezocht met een vriendin van Aygun...,They contacted a friend of Aygun...,neutral,neutral,neutral,neutral
"00:40:45,000","00:40:48,000",en ze wachten nu bij vriendelijke mensen tot die hen opkomt halen.,en ze wachten nu bij vriendelijke mensen tot die hen opkomt halen.,and they now wait with friendly people until they come and pick them up.,neutral,relief,happiness,happiness
"00:40:48,000","00:40:50,000","Hoe lang geleden hebben we eigenlijk gebeld, ongeveer?","Hoe lang geleden hebben we eigenlijk gebeld, ongeveer?","How long ago did we actually call, approximately?",neutral,confusion,sadness,surprise
"00:40:50,000","00:40:52,000",Ik weet het niet. Zal ik het even verwijderen?,Ik weet het niet. Zal ik het even verwijderen?,Don't know. Should I just delete it?,fear,confusion,sadness,surprise
"00:40:52,000","00:40:54,000",Ik weet het niet. Ik weet het niet.,Ik weet het niet. Ik weet het niet.,Don't know. Don't know.,neutral,confusion,sadness,surprise
"00:40:54,000","00:40:56,000",Ik weet het niet. Ik weet het niet.,Ik weet het niet. Ik weet het niet.,Don't know. Don't know.,neutral,confusion,sadness,surprise
"00:40:56,000","00:40:57,000",Ik weet het niet. Ik weet het niet.,Ik weet het niet. Ik weet het niet.,I don't know. I don't know.,neutral,confusion,sadness,surprise
"00:40:58,000","00:41:00,000","Ik durf de straat niet eens op, hè?","Ik durf de straat niet eens op, hè?","I don't even dare go out into the street, do I?",fear,fear,fear,fear
"00:41:02,000","00:41:04,000",Je staat hier stil en je staat daar stil.,Je staat hier stil en je staat daar stil.,You stand still here and you stand still there.,neutral,neutral,neutral,neutral
"00:41:04,000","00:41:08,000",Op het hoofdkwartier zijn inmiddels nog meer ANPR-meldingen binnen...,Op het hoofdkwartier zijn inmiddels nog meer ANPR-meldingen binnen...,Even more ANPR reports have now been received at headquarters...,neutral,neutral,neutral,neutral
"00:41:08,000","00:41:11,000",op het kenteken van de bus van Rajiv's vader.,op het kenteken van de bus van Rajiv's vader.,on the license plate of Rajiv's father's bus.,neutral,neutral,neutral,neutral
"00:41:11,000","00:41:13,000",En er ontvouwt zich een interessante route.,En er ontvouwt zich een interessante route.,And an interesting route unfolds.,neutral,curiosity,neutral,neutral
"00:41:13,000","00:41:16,000",Hij staat hier ook best wel lang stil. Ik denk bijna een kwartier.,Hij staat hier ook best wel lang stil. Ik denk bijna een kwartier.,He also stands still here for quite a long time. I think almost fifteen minutes.,neutral,realization,surprise,surprise
"00:41:16,000","00:41:18,000","3014, Echo, Bravo. Die laatste.","3014, Echo, Bravo. Die laatste.","3014, Echo, Bravo. That last one.",neutral,neutral,neutral,neutral
"00:41:18,000","00:41:22,000","Hij komt aan, hier in dit gebied.","Hij komt aan, hier in dit gebied.","He arrives, here in this area.",neutral,curiosity,neutral,neutral
"00:41:22,000","00:41:24,000",Juliët Alva is het pick-up.,Juliët Alva is het pick-up.,Juliët Alva is the pick-up.,neutral,neutral,neutral,neutral
"00:41:24,000","00:41:27,000","3039, Kilo, Kilo is...","3039, Kilo, Kilo is...","3039, Kilo, Kilo too...",neutral,neutral,neutral,neutral
"00:41:27,000","00:41:29,000",Daar is hij gestopt.,Daar is hij gestopt.,That's where he stopped.,neutral,realization,surprise,surprise
"00:41:29,000","00:41:32,000","En vervolgens zit hij nu op 3014, Echo, Bravo.","En vervolgens zit hij nu op 3014, Echo, Bravo.","And then he is now on 3014, Echo, Bravo.",neutral,neutral,neutral,neutral
"00:41:32,000","00:41:34,000",Want daarna heeft hij niet meer bewogen.,Want daarna heeft hij niet meer bewogen.,Because after that he didn't move anymore.,neutral,realization,surprise,surprise
"00:41:34,000","00:41:36,000","Ja, de vraag is dus... We zijn nog in.","Ja, de vraag is dus... We zijn nog in.","Yeah, so the question is... We're still in.",neutral,confusion,sadness,sadness
"00:41:36,000","00:41:39,000","Dus of ze zijn eruit getoeld, Dokiet, in 3039, Kilo, Kilo.","Dus of ze zijn eruit getoeld, Dokiet, in 3039, Kilo, Kilo.","So either they've been knocked out, Dokiet, in 3039, Kilo, Kilo.",neutral,curiosity,neutral,neutral
"00:41:40,000","00:41:41,000",Daar zitten zij dan met z'n tweeën.,Daar zitten zij dan met z'n tweeën.,There the two of them are sitting there.,neutral,neutral,neutral,neutral
"00:41:41,000","00:41:45,000","En vader zit nu koffie te drinken op 3014, Echo, Bravo, waarschijnlijk.","En vader zit nu koffie te drinken op 3014, Echo, Bravo, waarschijnlijk.","And dad is now drinking coffee on 3014, Echo, Bravo, probably.",neutral,amusement,happiness,happiness
"00:41:45,000","00:41:47,000",Dus dat is het pick-up.,Dus dat is het pick-up.,So that's the pickup.,neutral,realization,surprise,surprise
"00:41:47,000","00:41:48,000",En dan is het pick-up.,En dan is het pick-up.,And then it's pick-up.,neutral,neutral,neutral,neutral
"00:41:48,000","00:41:52,000","Dus ik ben er bijna, maar het is natuurlijk heel moeilijk, van overtuigd...","Dus ik ben er bijna, maar het is natuurlijk heel moeilijk, van overtuigd...","So I'm almost there, but of course it's very difficult, I'm convinced...",fear,nervousness,fear,fear
"00:41:52,000","00:41:56,000","dat 3039, Kilo, Kilo het adres of de locatie moet zijn...","dat 3039, Kilo, Kilo het adres of de locatie moet zijn...","that 3039, Kilo, Kilo should be the address or location...",neutral,curiosity,neutral,neutral
"00:41:56,000","00:41:58,000",waar zij eruit gegaan zijn.,waar zij eruit gegaan zijn.,where they left.,neutral,realization,surprise,surprise
"00:41:58,000","00:42:00,000",Marcel zit er niet ver naast.,Marcel zit er niet ver naast.,Marcel is not far wrong.,neutral,approval,happiness,happiness
"00:42:00,000","00:42:04,000",De bus van Rajiv's vader is voor het laatst door een ANPR-camera geregistreerd...,De bus van Rajiv's vader is voor het laatst door een ANPR-camera geregistreerd...,Rajiv's father's bus was last recorded by an ANPR camera...,neutral,neutral,neutral,neutral
"00:42:04,000","00:42:07,000",om de hoek van diergaarde Bleidorp.,om de hoek van diergaarde Bleidorp.,around the corner from Bleidorp Zoo.,neutral,neutral,neutral,neutral
"00:18:15,000","00:18:18,000",en deze gast wil altijd winnen.,en deze gast wil altijd winnen.,and this guy always wants to win.,anger,determination,neutral,anger
"00:18:18,000","00:18:20,000",Hier is Tyron.,Hier is Tyron.,Hier is Tyron.,neutral,neutral,neutral,neutral
"00:18:23,000","00:18:24,000",Kom maar naar binnen.,Kom maar naar binnen.,Come on in.,neutral,neutral,neutral,neutral
"00:18:25,000","00:18:27,000","Hallo, welkom.","Hallo, welkom.",Hello welcome.,neutral,joy,happiness,neutral
"00:18:27,000","00:18:29,000","Bent je maar hier, hoe gaat het? Ja, goed.","Bent je maar hier, hoe gaat het? Ja, goed.","Just here, how are you? Yeah, fine.",neutral,caring,happiness,happiness
"00:18:29,000","00:18:31,000",Hoe voel je je? Een beetje zenuwachtig.,Hoe voel je je? Een beetje zenuwachtig.,How do you feel? A little nervous.,neutral,nervousness,fear,fear
"00:18:31,000","00:18:34,000","Waarom? Ja, gewoon ben benieuwd wat er gaat gebeuren allemaal.","Waarom? Ja, gewoon ben benieuwd wat er gaat gebeuren allemaal.","Why? Yeah, I'm just curious to see what's going to happen.",neutral,curiosity,neutral,neutral
"00:18:34,000","00:18:36,000","Ja, waar wil je mee dan, baby brother?","Ja, waar wil je mee dan, baby brother?","Yeah, what do you want with it, baby brother?",neutral,curiosity,neutral,neutral
"00:18:36,000","00:18:37,000","Ja, het lijkt me gewoon hartstikke leuk.","Ja, het lijkt me gewoon hartstikke leuk.","Yeah, it just seems like a lot of fun.",happiness,joy,happiness,happiness
"00:18:37,000","00:18:38,000",Mijn moeder is groot fan.,Mijn moeder is groot fan.,My mother is a big fan.,happiness,admiration,happiness,happiness
"00:18:39,000","00:18:40,000",Je hebt toch een hele fanclub bij?,Je hebt toch een hele fanclub bij?,"You have a whole fan club, right?",neutral,surprise,surprise,surprise
"00:18:40,000","00:18:43,000","Zeker weten, en die zijn niet rustig, de hele familie.","Zeker weten, en die zijn niet rustig, de hele familie.","Certainly, and they are not calm, the whole family.",neutral,excitement,happiness,happiness
"00:18:46,000","00:18:47,000",Het is een gezellig hoekje.,Het is een gezellig hoekje.,It's a cozy corner.,neutral,joy,happiness,happiness
"00:18:47,000","00:18:48,000",We hebben allemaal leuke dingen gehoord...,We hebben allemaal leuke dingen gehoord...,We've all heard nice things...,neutral,approval,happiness,happiness
"00:18:48,000","00:18:50,000",maar ik wil toch ook een beetje de dingen...,maar ik wil toch ook een beetje de dingen...,but I also want some things...,neutral,desire,happiness,neutral
"00:18:50,000","00:18:52,000",waar we misschien tegenaan gaan lopen.,waar we misschien tegenaan gaan lopen.,what we might run into.,neutral,curiosity,neutral,neutral
"00:18:53,000","00:18:54,000",Kan hij tegen zijn verlies?,Kan hij tegen zijn verlies?,Can he handle losing?,neutral,curiosity,neutral,neutral
"00:18:54,000","00:18:56,000","Ja, hij kan wel tegen zijn verlies. Op zijn manier.","Ja, hij kan wel tegen zijn verlies. Op zijn manier.","Yes, he can handle losing. In his way.",neutral,approval,happiness,neutral
"00:18:56,000","00:18:57,000",Hoe bedoel je?,Hoe bedoel je?,What do you mean?,neutral,confusion,sadness,sadness
"00:18:59,000","00:19:01,000",Ik heb het idee dat jij van tevoren echt hebt gezegd...,Ik heb het idee dat jij van tevoren echt hebt gezegd...,I feel like you actually said beforehand...,neutral,realization,surprise,surprise
"00:19:01,000","00:19:02,000","je moet niet zoveel dingen zeggen, hoor.","je moet niet zoveel dingen zeggen, hoor.","You shouldn't say so many things, you know.",neutral,disapproval,disgust,disgust
"00:19:02,000","00:19:04,000","Dat klopt, goed bezig.","Dat klopt, goed bezig.","That's right, good job.",happiness,approval,happiness,happiness
"00:19:05,000","00:19:08,000","En hoe is hij in de club, of hoe is hij als hij uitgaat?","En hoe is hij in de club, of hoe is hij als hij uitgaat?","And what is he like in the club, or what is he like when he goes out?",neutral,curiosity,neutral,neutral
"00:19:09,000","00:19:11,000","Ik weet niet of je ons gezien hebt, maar zo.","Ik weet niet of je ons gezien hebt, maar zo.","I don't know if you've seen us, but there you go.",neutral,neutral,neutral,neutral
"00:19:12,000","00:19:13,000","Ja, het is zo gezellig.","Ja, het is zo gezellig.","Yes, it's so nice.",happiness,joy,happiness,happiness
"00:19:13,000","00:19:15,000","Aanwezig, gezellig.","Aanwezig, gezellig.","Present, cozy.",happiness,joy,happiness,happiness
"00:19:15,000","00:19:18,000","Mijn man maakt ze bij natuurlijk, dus we moeten heel even niks blijven.","Mijn man maakt ze bij natuurlijk, dus we moeten heel even niks blijven.","My husband makes them extra, of course, so we don't have to do anything for a while.",neutral,gratitude,happiness,happiness
"00:19:18,000","00:19:21,000","Goed, Tatjana, jij hebt nog wat belangrijke dingen te melden.","Goed, Tatjana, jij hebt nog wat belangrijke dingen te melden.","Well, Tatjana, you still have some important things to say.",neutral,curiosity,neutral,neutral
"00:19:21,000","00:19:22,000",Ik heb inderdaad nog een paar belangrijke dingen...,Ik heb inderdaad nog een paar belangrijke dingen...,I actually have a few more important things...,neutral,curiosity,neutral,neutral
"00:19:22,000","00:19:24,000",want wij hebben hier een grote koffer.,want wij hebben hier een grote koffer.,because we have a big suitcase here.,neutral,neutral,neutral,neutral
"00:19:24,000","00:19:25,000",Klopt.,Klopt.,Beats.,neutral,neutral,neutral,neutral
"00:19:25,000","00:19:26,000",Hoe belangrijk is die voor jou?,Hoe belangrijk is die voor jou?,How important is it to you?,neutral,curiosity,neutral,neutral
"00:19:27,000","00:19:28,000","Kom maar even zo staan, ja.","Kom maar even zo staan, ja.","Just stand like this for a moment, yes.",neutral,neutral,neutral,neutral
"00:19:29,000","00:19:30,000","Ja, die is wel belangrijk.","Ja, die is wel belangrijk.","Yes, that is important.",neutral,realization,surprise,neutral
"00:19:30,000","00:19:32,000","Er zit gewoon spullen in die ik nodig heb, natuurlijk.","Er zit gewoon spullen in die ik nodig heb, natuurlijk.","It just contains stuff I need, of course.",neutral,neutral,neutral,neutral
"00:19:32,000","00:19:35,000",Jammer genoeg mag jouw koffer niet mee in het huis.,Jammer genoeg mag jouw koffer niet mee in het huis.,"Unfortunately, your suitcase is not allowed in the house.",sadness,disappointment,sadness,sadness
"00:19:35,000","00:19:38,000",Voor hoelang? Voor hoelang?,Voor hoelang? Voor hoelang?,For how long? For how long?,neutral,confusion,sadness,sadness
"00:19:38,000","00:19:40,000",Dat weten alleen Big Brothers.,Dat weten alleen Big Brothers.,Only Big Brothers know that.,neutral,neutral,neutral,neutral
"00:19:41,000","00:19:42,000",Hoezo?,Hoezo?,How so?,neutral,confusion,sadness,sadness
"00:19:42,000","00:19:43,000","Hoezo, ja.","Hoezo, ja.","Why, yes.",neutral,neutral,neutral,neutral
"00:19:43,000","00:19:44,000","Oké, oké, ja.","Oké, oké, ja.","Okay, okay, yeah.",neutral,acceptance,neutral,neutral
"00:19:44,000","00:19:46,000",Het is Big Brother.,Het is Big Brother.,Het is Big Brother.,neutral,neutral,neutral,neutral
"00:19:46,000","00:19:48,000","Alsook heb jij nog een telefoon, denk ik.","Alsook heb jij nog een telefoon, denk ik.","Also, I think you still have a telephone.",neutral,realization,surprise,surprise
"00:19:49,000","00:19:51,000",We hebben gelukkig ook wel iets voor je.,We hebben gelukkig ook wel iets voor je.,"Fortunately, we also have something for you.",happiness,joy,happiness,happiness
"00:49:06,000","00:49:07,000",We mogen QR daar.,We mogen QR daar.,We are allowed QR there.,neutral,approval,happiness,happiness
"00:49:07,000","00:49:10,000","En ter plaatse, als we die bus aantreffen, mag daar ook een bakel over.","En ter plaatse, als we die bus aantreffen, mag daar ook een bakel over.","And on the spot, if we find that bus, we can also talk about it.",neutral,curiosity,neutral,neutral
"00:49:10,000","00:49:12,000","Oké, daar gaan we voor. Oké.","Oké, daar gaan we voor. Oké.","Okay, that's what we're going for. Okay.",neutral,determination,neutral,neutral
"00:49:12,000","00:49:13,000",Dank je wel. Yes.,Dank je wel. Yes.,Thank you. Yes.,neutral,gratitude,happiness,happiness
"00:49:13,000","00:49:16,000",Mag ik u wat vragen? Wij zijn op de vlucht...,Mag ik u wat vragen? Wij zijn op de vlucht...,Can I ask you something? We are on the run...,fear,nervousness,fear,fear
"00:49:16,000","00:49:19,000",en we zoeken eigenlijk even een slaapplek voor vanavond...,en we zoeken eigenlijk even een slaapplek voor vanavond...,and we're actually looking for a place to sleep tonight...,neutral,desire,happiness,neutral
"00:49:19,000","00:49:21,000",waar we ons tentje kunnen opzitten.,waar we ons tentje kunnen opzitten.,where we can pitch our tent.,neutral,desire,happiness,neutral
"00:49:21,000","00:49:24,000",Denk jij dat dat misschien bij jullie in de achtertuin zou mogen?,Denk jij dat dat misschien bij jullie in de achtertuin zou mogen?,Do you think that might be allowed in your backyard?,neutral,hope,happiness,neutral
"00:49:24,000","00:49:27,000",Romy en Kelly lopen inmiddels in Wassenaar.,Romy en Kelly lopen inmiddels in Wassenaar.,Romy and Kelly are now walking in Wassenaar.,neutral,neutral,neutral,neutral
"00:49:27,000","00:49:30,000",Ze zijn er nog niet gerust op dat ze echt onder de radar zijn.,Ze zijn er nog niet gerust op dat ze echt onder de radar zijn.,They are not yet confident that they are really under the radar.,neutral,nervousness,fear,fear
"00:49:30,000","00:49:32,000",En ze zoeken nu dringend een veilige schuilplek.,En ze zoeken nu dringend een veilige schuilplek.,And they are now urgently looking for a safe hiding place.,fear,fear,fear,fear
"00:49:32,000","00:49:35,000","Zeg je? Ja, ik heb ze gevraagd, maar het kan niet.","Zeg je? Ja, ik heb ze gevraagd, maar het kan niet.","You say? Yes, I asked them, but it's not possible.",neutral,disappointment,sadness,sadness
"00:49:35,000","00:49:37,000","Heb jij misschien vriendinnen of zo, iemand die je kent...","Heb jij misschien vriendinnen of zo, iemand die je kent...","Do you have any girlfriends or something, someone you know...",neutral,hope,happiness,neutral
"00:49:37,000","00:49:39,000",waar we zouden mogen slapen?,waar we zouden mogen slapen?,where we could sleep?,neutral,desire,happiness,neutral
"00:49:39,000","00:49:42,000",We willen gewoon ergens waar we kunnen slapen vanavond.,We willen gewoon ergens waar we kunnen slapen vanavond.,We just want somewhere we can sleep tonight.,neutral,desire,happiness,neutral
"00:49:42,000","00:49:44,000","Zou je willen bellen, alsjeblieft? Ja.","Zou je willen bellen, alsjeblieft? Ja.","Would you call, please? Yes.",neutral,hope,happiness,happiness
"00:49:45,000","00:49:48,000",Ik kan het heel graag proberen.,Ik kan het heel graag proberen.,I'd really like to try it.,neutral,desire,happiness,happiness
"00:49:49,000","00:49:52,000","Ouders in de omgeving, kam ons in de ogen.","Ouders in de omgeving, kam ons in de ogen.","Parents in the area, comb us in the eyes.",neutral,fear,fear,neutral
"00:49:52,000","00:49:55,000",Team 3 is intussen in Sint-Maarten-Zee...,Team 3 is intussen in Sint-Maarten-Zee...,Team 3 is now in Sint-Maarten-Zee...,neutral,neutral,neutral,neutral
"00:49:55,000","00:49:59,000",op de parkeerplaats van een camping waar de ouders van Kelly vakantie vieren.,op de parkeerplaats van een camping waar de ouders van Kelly vakantie vieren.,in the parking lot of a campsite where Kelly's parents are on holiday.,neutral,neutral,neutral,neutral
"00:50:00,000","00:50:05,000",Omdat haar vader prominent deel uitmaakt van een appgroep waarin de vlucht besproken wordt...,Omdat haar vader prominent deel uitmaakt van een appgroep waarin de vlucht besproken wordt...,Because her father is a prominent part of an app group in which the flight is discussed...,neutral,curiosity,neutral,neutral
"00:50:05,000","00:50:08,000",bestaat het vermoeden dat hij haar in de toekomst gaat helpen.,bestaat het vermoeden dat hij haar in de toekomst gaat helpen.,there is a suspicion that he will help her in the future.,neutral,curiosity,neutral,neutral
"00:50:08,000","00:50:12,000",Daarom willen de hunters een baken plaatsen onder de auto van de familie...,Daarom willen de hunters een baken plaatsen onder de auto van de familie...,That's why the hunters want to place a beacon under the family's car...,neutral,determination,neutral,neutral
"00:50:12,000","00:50:15,000",zodat elke verdachte beweging kan worden gemonitord.,zodat elke verdachte beweging kan worden gemonitord.,so that any suspicious movement can be monitored.,neutral,fear,fear,fear
"00:50:15,000","00:50:17,000","Hoi, mag ik u wat vragen?","Hoi, mag ik u wat vragen?","Hi, can I ask you something?",neutral,curiosity,neutral,neutral
"00:50:17,000","00:50:21,000","Hoi, wij zijn Romy en Kelly en wij staan bij jouw vriendinnetje voor de deur.","Hoi, wij zijn Romy en Kelly en wij staan bij jouw vriendinnetje voor de deur.","Hi, we are Romy and Kelly and we are at your girlfriend's door.",neutral,nervousness,fear,neutral
"00:50:21,000","00:50:23,000",En wij zijn eigenlijk op de vlucht voor hunters.,En wij zijn eigenlijk op de vlucht voor hunters.,And we are actually running from hunters.,fear,fear,fear,fear
"00:50:23,000","00:50:26,000",En wij hoorden dat jullie hier in de buurt wonen.,En wij hoorden dat jullie hier in de buurt wonen.,And we heard you live around here.,neutral,curiosity,neutral,neutral
"00:50:26,000","00:50:29,000",Zouden wij misschien bij jullie ouders kunnen slapen?,Zouden wij misschien bij jullie ouders kunnen slapen?,Could we possibly sleep with your parents?,neutral,hope,happiness,neutral
"00:50:29,000","00:50:32,000",Of ergens bij jullie in de buurt in de tuin?,Of ergens bij jullie in de buurt in de tuin?,Or somewhere near you in the garden?,neutral,hope,happiness,neutral
"00:50:32,000","00:50:33,000",Ja?,Ja?,And?,neutral,curiosity,neutral,neutral
"00:50:33,000","00:50:34,000",Maar...,Maar...,But...,neutral,confusion,sadness,neutral
"00:50:34,000","00:50:36,000","Lily, Lily. Wel mijn vader.","Lily, Lily. Wel mijn vader.","Lily, Lily. Well, my father.",neutral,neutral,neutral,neutral
"00:50:36,000","00:50:38,000",Wel mijn vader. Die doet het 100 procent.,Wel mijn vader. Die doet het 100 procent.,"Well, my father. It works 100 percent.",neutral,relief,happiness,happiness
"00:50:38,000","00:50:40,000",Dank je wel. Dank je wel.,Dank je wel. Dank je wel.,Thank you. Thank you.,happiness,gratitude,happiness,happiness
"00:50:40,000","00:50:43,000","Wel mijn vader. Ja, ga doen. Doei.","Wel mijn vader. Ja, ga doen. Doei.","Well, my father. Yes, go do it. Bye.",neutral,approval,happiness,neutral
"00:50:43,000","00:50:45,000","Nou, jullie hebben hulp?","Nou, jullie hebben hulp?","Well, you guys have help?",neutral,curiosity,neutral,neutral
"00:50:45,000","00:50:48,000",Er is alleen huntersgezegd in het gesprek.,Er is alleen huntersgezegd in het gesprek.,There was only hunters said in the conversation.,neutral,confusion,sadness,surprise
"00:50:48,000","00:50:50,000",Wat...,Wat...,What...,surprise,confusion,sadness,neutral
"00:50:50,000","00:50:52,000",Wat dan?,Wat dan?,What then?,surprise,confusion,sadness,neutral
"00:50:57,000","00:50:59,000",Mijn papa vindt het goed.,Mijn papa vindt het goed.,My daddy approves.,happiness,relief,happiness,happiness
"00:50:59,000","00:51:01,000",Ja? Ja.,Ja? Ja.,And? And.,neutral,curiosity,neutral,neutral
"00:51:01,000","00:51:04,000","Oké, dus kunnen ze misschien nu naar jouw huis lopen?","Oké, dus kunnen ze misschien nu naar jouw huis lopen?","Okay, so maybe they can walk to your house now?",neutral,hope,happiness,neutral
"00:51:04,000","00:51:06,000",Dan kunnen ze nu naar mijn huis.,Dan kunnen ze nu naar mijn huis.,Then they can go to my house now.,neutral,approval,happiness,neutral
"00:55:43,000","00:55:46,000","Ja, dat dacht ik al. Dank je wel.","Ja, dat dacht ik al. Dank je wel.","Yes, that's what I thought. Thank you.",neutral,realization,surprise,surprise
"00:55:46,000","00:55:49,000",En wat doe jij? Ik ben politieinspecteur.,En wat doe jij? Ik ben politieinspecteur.,And what do you do? I am a police inspector.,neutral,curiosity,neutral,neutral
"00:55:49,000","00:55:50,000",Oké.,Oké.,Okay.,neutral,neutral,neutral,neutral
"00:55:50,000","00:55:54,000",Ik ben al 26 jaar politieinspecteur in de gemeente Brussel-West.,Ik ben al 26 jaar politieinspecteur in de gemeente Brussel-West.,I have been a police inspector in the municipality of Brussels-West for 26 years.,neutral,pride,happiness,neutral
"00:55:54,000","00:55:57,000",Je kunt het wel beschouwen als een gevaarlijke job.,Je kunt het wel beschouwen als een gevaarlijke job.,You can consider it a dangerous job.,neutral,fear,fear,neutral
"00:55:57,000","00:56:00,000",Er komen soms momenten bij dat je zegt...,Er komen soms momenten bij dat je zegt...,There come times when you say...,neutral,neutral,neutral,neutral
"00:56:00,000","00:56:02,000",waarom heb ik voor deze job gekozen?,waarom heb ik voor deze job gekozen?,why did I choose this job?,neutral,confusion,sadness,neutral
"00:56:02,000","00:56:05,000",Maar ik gooi enorm van deze adrenaline.,Maar ik gooi enorm van deze adrenaline.,But I'm really throwing up on this adrenaline.,disgust,disgust,disgust,disgust
"00:56:05,000","00:56:08,000",Want anders zou ik het nooit zo volhouden.,Want anders zou ik het nooit zo volhouden.,Because otherwise I would never keep it up like this.,neutral,realization,surprise,neutral
"00:56:13,000","00:56:15,000",Die adrenaline komt boven.,Die adrenaline komt boven.,That adrenaline comes up.,neutral,excitement,happiness,happiness
"00:56:15,000","00:56:18,000",Je wil het op het eerste moment meemaken.,Je wil het op het eerste moment meemaken.,You want to experience it at the very first moment.,happiness,desire,happiness,happiness
"00:56:18,000","00:56:20,000",Je wil de eerste ter plaatse zijn.,Je wil de eerste ter plaatse zijn.,You want to be the first on the scene.,happiness,desire,happiness,happiness
"00:56:20,000","00:56:23,000",En dat is wel de spanning die dat meebrengt.,En dat is wel de spanning die dat meebrengt.,And that is the tension that it brings.,fear,nervousness,fear,fear
"00:56:23,000","00:56:25,000","Dat heb je, dat zit in je bloed.","Dat heb je, dat zit in je bloed.","That's what you have, it's in your blood.",neutral,realization,surprise,neutral
"00:56:25,000","00:56:28,000","Of dat heb je van kleins af, of je hebt dat niet.","Of dat heb je van kleins af, of je hebt dat niet.","Either you have had that since you were little, or you haven't.",neutral,neutral,neutral,neutral
"00:56:29,000","00:56:31,000",Mijn familie is heel belangrijk voor mij.,Mijn familie is heel belangrijk voor mij.,My family is very important to me.,neutral,love,happiness,happiness
"00:56:31,000","00:56:33,000",Wij wonen samen in dezelfde straat.,Wij wonen samen in dezelfde straat.,We live together on the same street.,neutral,neutral,neutral,neutral
"00:56:33,000","00:56:37,000","Dus ik woon naast mijn broer, en naast mijn broer wonen mijn ouders.","Dus ik woon naast mijn broer, en naast mijn broer wonen mijn ouders.","So I live next door to my brother, and next to my brother my parents live.",neutral,neutral,neutral,neutral
"00:56:37,000","00:56:39,000",Elke vrijdag is voor ons een traditie.,Elke vrijdag is voor ons een traditie.,Every Friday is a tradition for us.,neutral,joy,happiness,neutral
"00:56:39,000","00:56:41,000",De wekelijkse frietjesdag.,De wekelijkse frietjesdag.,The weekly fries day.,neutral,amusement,happiness,neutral
"00:56:41,000","00:56:43,000","Hé, moeder.","Hé, moeder.","Hey, mother.",neutral,neutral,neutral,neutral
"00:56:46,000","00:56:49,000",Dan komen wij samen met de familie bij elkaar.,Dan komen wij samen met de familie bij elkaar.,Then we come together with the family.,neutral,joy,happiness,neutral
"00:56:49,000","00:56:52,000","Hé, Val. Ça va? Alles goed?","Hé, Val. Ça va? Alles goed?","Hey, Val. How are you? Alles goed?",neutral,caring,happiness,happiness
"00:56:52,000","00:56:54,000",Ja.,Ja.,And.,neutral,neutral,neutral,neutral
"00:56:54,000","00:56:57,000",En dan eten wij iets vanuit de eigen tuin.,En dan eten wij iets vanuit de eigen tuin.,And then we eat something from our own garden.,neutral,joy,happiness,neutral
"00:56:57,000","00:56:59,000",Dus onze eigen patatjes.,Dus onze eigen patatjes.,So our own fries.,neutral,joy,happiness,neutral
"00:56:59,000","00:57:01,000",Ook een sausje erbij.,Ook een sausje erbij.,Also a sauce with it.,neutral,neutral,neutral,neutral
"00:57:01,000","00:57:03,000",Ik moet jullie iets vertellen.,Ik moet jullie iets vertellen.,I have to tell you something.,neutral,nervousness,fear,fear
"00:57:03,000","00:57:07,000",Jullie weten dat ik al jaren naar Big Brother kijk.,Jullie weten dat ik al jaren naar Big Brother kijk.,You know that I have been watching Big Brother for years.,neutral,admiration,happiness,neutral
"00:57:07,000","00:57:10,000",Dit jaar ga ik er zelf in.,Dit jaar ga ik er zelf in.,This year I'm going there myself.,neutral,excitement,happiness,neutral
"00:57:10,000","00:57:12,000","Allee, proficiat.","Allee, proficiat.","Allee, good luck.",neutral,optimism,happiness,happiness
"00:57:12,000","00:57:13,000",Hé.,Hé.,Heh.,neutral,neutral,neutral,neutral
"00:57:16,000","00:57:19,000",Waarom laat ik ze achter? Goeie vraag.,Waarom laat ik ze achter? Goeie vraag.,Why am I leaving them behind? Good question.,neutral,confusion,sadness,sadness
"00:57:19,000","00:57:21,000",Omdat ik een winnaar ben.,Omdat ik een winnaar ben.,Because I'm a winner.,happiness,pride,happiness,happiness
"00:57:21,000","00:57:23,000",Omdat ik een winnaar ben.,Omdat ik een winnaar ben.,Because I'm a winner.,happiness,pride,happiness,happiness
"00:57:23,000","00:57:26,000",Ik wil het spel spelen en het spel winnen.,Ik wil het spel spelen en het spel winnen.,I want to play the game and win the game.,happiness,desire,happiness,happiness
"00:57:26,000","00:57:28,000",Ik ben wel competitief.,Ik ben wel competitief.,I am competitive.,neutral,pride,happiness,happiness
"00:57:28,000","00:57:31,000",Ik ga niet voor de tweede plaats of de derde.,Ik ga niet voor de tweede plaats of de derde.,I'm not going for second place or third.,neutral,determination,neutral,neutral
"00:57:31,000","00:57:33,000",Ik ga gewoon voor de einde.,Ik ga gewoon voor de einde.,I'm just going for the ending.,neutral,determination,neutral,neutral
"00:57:33,000","00:57:35,000",Ik zie wel...,Ik zie wel...,I'll see...,neutral,curiosity,neutral,neutral
"00:57:35,000","00:57:39,000",Ik heb wel doelstellingen voor mezelf opgesteld.,Ik heb wel doelstellingen voor mezelf opgesteld.,I have set goals for myself.,neutral,pride,happiness,neutral
"00:57:39,000","00:57:42,000",En dat was... Ik wil er niet de eerste uit.,En dat was... Ik wil er niet de eerste uit.,And that was... I don't want to be the first one out.,fear,fear,fear,fear
"00:57:42,000","00:57:44,000","Nee, hoe kut zou dat zijn? Na één week.","Nee, hoe kut zou dat zijn? Na één week.","No, how shitty would that be? After a week.",disgust,disappointment,sadness,sadness
"00:21:45,000","00:21:46,000",Helemaal niks.,Helemaal niks.,Nothing at all.,neutral,disappointment,sadness,sadness
"00:21:46,000","00:21:47,000",Kunnen jullie iets voor ons betekenen?,Kunnen jullie iets voor ons betekenen?,Can you do something for us?,neutral,desire,happiness,happiness
"00:21:47,000","00:21:49,000",Of weten jullie iemand die ons kan helpen?,Of weten jullie iemand die ons kan helpen?,Or do you know someone who can help us?,neutral,desire,happiness,happiness
"00:21:49,000","00:21:50,000",Misschien of een slaapplek.,Misschien een slaapplek.,Maybe a place to sleep.,neutral,desire,happiness,happiness
"00:21:50,000","00:21:52,000",Of in ieder geval dat mijn...,Of in ieder geval dat mijn...,Or at least that my...,neutral,desire,happiness,happiness
"00:21:52,000","00:21:53,000",Dat ik mag plassen.,Dat ik mag plassen.,That I can pee.,neutral,desire,happiness,happiness
"00:21:53,000","00:21:54,000",Dat zij mag plassen.,Dat ik mag plassen.,That I can pee.,neutral,desire,happiness,happiness
"00:21:55,000","00:21:56,000",Telefoon gebruik.,Telefoon gebruik.,Phone use.,neutral,neutral,neutral,neutral
"00:21:56,000","00:21:57,000",Social media.,Social media.,Social media.,neutral,neutral,neutral,neutral
"00:21:57,000","00:21:58,000",Laptops.,Laptops.,Laptops.,neutral,neutral,neutral,neutral
"00:21:58,000","00:21:59,000",Eigen laptops in ieder geval.,Eigen laptops in ieder geval.,Own laptops in any case.,neutral,neutral,neutral,neutral
"00:21:59,000","00:22:00,000",Eigen telefonie.,Eigen telefonie.,Own telephony.,neutral,neutral,neutral,neutral
"00:22:00,000","00:22:01,000",Dat gaan we niet doen.,Dat gaan we niet doen.,We're not going to do that.,neutral,disapproval,disgust,disgust
"00:22:01,000","00:22:02,000",Nee.,Nee.,Nee.,neutral,disapproval,disgust,disgust
"00:22:02,000","00:22:03,000",Niks met gps.,Niks met gps.,Nothing with gps.,neutral,disapproval,disgust,disgust
"00:22:03,000","00:22:04,000",Niks wat traceren is.,Niks wat traceren is.,Nothing that involves tracking.,neutral,disapproval,disgust,disgust
"00:22:04,000","00:22:07,000","Maar goed, zo zie je dat je straks weer een zender onder je auto hebt.","Maar goed, zo zie je dat je straks weer een zender onder je auto hebt.","Anyway, you can see that you will soon have a transmitter under your car again.",neutral,fear,fear,fear
"00:22:07,000","00:22:09,000","Wat zitten jullie hier lekker, jongens.","Wat zitten jullie hier lekker, jongens.","You're so comfortable here, guys.",neutral,admiration,happiness,happiness
"00:22:09,000","00:22:11,000",Ik denk dat wij dit heel goed kunnen.,Ik denk dat wij dit heel goed kunnen.,I think we can do this very well.,happiness,optimism,happiness,happiness
"00:22:11,000","00:22:12,000",We gaan het rocken.,We gaan het rocken.,We're gonna rock it.,happiness,excitement,happiness,happiness
"00:22:12,000","00:22:13,000",En we gaan de finale halen.,En we gaan de finale halen.,And we're going to make it to the final.,happiness,optimism,happiness,happiness
"00:22:13,000","00:22:15,000","Ik ga bijna zeggen, doe maar een biertje bij mij.","Ik ga bijna zeggen, doe maar een biertje bij mij.","I'm almost going to say, have a beer with me.",neutral,amusement,happiness,happiness
"00:22:16,000","00:22:17,000",Je moet scherp blijven.,Je moet scherp blijven.,You have to stay sharp.,neutral,nervousness,fear,fear
"00:22:17,000","00:22:18,000",Je moet scherp blijven.,Je moet scherp blijven.,You have to stay sharp.,neutral,nervousness,fear,fear
"00:22:19,000","00:22:22,000",Op het hoofdkwartier heeft Selmar zich op de verdwenen container gestort.,Op het hoofdkwartier heeft Selmar zich op de verdwenen container gestort.,"At headquarters, Selmar threw himself at the missing container.",neutral,curiosity,neutral,neutral
"00:22:22,000","00:22:27,000",Door het kenteken van de vrachtwagen in te voeren in het ANPR-systeem.,Door het kenteken van de vrachtwagen in te voeren in het ANPR-systeem.,By entering the truck's license plate number into the ANPR system.,neutral,neutral,neutral,neutral
"00:22:27,000","00:22:30,000",Dat staat voor Automatic Number Plate Recognition.,Dat staat voor Automatic Number Plate Recognition.,This stands for Automatic Number Plate Recognition.,neutral,neutral,neutral,neutral
"00:22:30,000","00:22:33,000",Zo kunnen ze op het hoofdkwartier zien wanneer de vrachtwagen...,Zo kunnen ze op het hoofdkwartier zien wanneer de vrachtwagen...,This way they can see at headquarters when the truck...,neutral,curiosity,neutral,neutral
"00:22:33,000","00:22:38,000",langs een van de ruim 300 ANPR-camera's is gereden die Nederland Rijk is.,langs een van de ruim 300 ANPR-camera's is gereden die Nederland Rijk is.,drove past one of the more than 300 ANPR cameras in the Netherlands.,neutral,neutral,neutral,neutral
"00:22:38,000","00:22:42,000",Op deze manier kunnen de hunters achterhalen waar de vrachtwagen is geweest.,Op deze manier kunnen de hunters achterhalen waar de vrachtwagen is geweest.,This way the hunters can find out where the truck has been.,neutral,curiosity,neutral,neutral
"00:22:42,000","00:22:44,000",Of op dat moment is.,Of op dat moment is.,Or at that moment.,neutral,confusion,sadness,sadness
"00:22:44,000","00:22:45,000",Dat is de ANPR.,Dat is de ANPR.,That is the ANPR.,neutral,neutral,neutral,neutral
"00:22:45,000","00:22:48,000",Maastunnel zuidelijk richting Krimpen aan de IJssel.,Maastunnel zuidelijk richting Krimpen aan de IJssel.,Maastunnel south towards Krimpen aan de IJssel.,neutral,neutral,neutral,neutral
"00:22:49,000","00:22:52,000",En 210 zuidelijk.,En 210 zuidelijk.,And 210 south.,neutral,neutral,neutral,neutral
"00:22:52,000","00:22:54,000",Hij rijdt niet door.,Hij rijdt niet door.,He doesn't drive on.,surprise,surprise,surprise,surprise
"00:22:55,000","00:22:56,000",Hé.,Hé.,Heh.,neutral,amusement,happiness,happiness
"00:22:57,000","00:22:58,000",Hé.,Hé.,Heh.,neutral,amusement,happiness,happiness
"00:22:58,000","00:23:00,000",Dus daar zit...,Dus daar zit...,So there's...,neutral,curiosity,neutral,neutral
"00:23:01,000","00:23:02,000",Hé.,Hé.,Hey.,neutral,neutral,neutral,neutral
"00:23:03,000","00:23:04,000",Wat een gekke route.,Wat een gekke route.,What a crazy route.,surprise,surprise,surprise,surprise
"00:23:04,000","00:23:08,000",In Pernis versieren Davy en Linda net een slaapplek voor de nacht.,In Pernis versieren Davy en Linda net een slaapplek voor de nacht.,"In Pernis, Davy and Linda are just finding a place to sleep for the night.",neutral,relief,happiness,happiness
"00:23:08,000","00:23:11,000",Zouden jullie iets weten of zeg je eigenlijk liever niet?,Zouden jullie iets weten of zeg je eigenlijk liever niet?,Would you know anything or would you rather not say?,neutral,curiosity,neutral,neutral
"00:23:11,000","00:23:13,000",Of we weten het niet. Een slaapplekje.,Of we weten het niet. Een slaapplekje.,Or we don't know. A place to sleep.,neutral,confusion,sadness,sadness
"00:23:15,000","00:23:16,000","Ja, mag dat?","Ja, mag dat?","Yes, is that allowed?",neutral,confusion,sadness,sadness
"00:25:06,000","00:25:08,000",Rustig.,Rustig.,Calm.,neutral,neutral,neutral,neutral
"00:25:08,000","00:25:10,000",Heel goed.,Heel goed.,Very good.,happiness,approval,happiness,happiness
"00:25:12,000","00:25:14,000","Ja, heel goed.","Ja, heel goed.",Yes very good.,happiness,approval,happiness,happiness
"00:25:14,000","00:25:16,000","Fuck, fuck.","Fuck, fuck.","Fuck, fuck.",anger,disgust,disgust,anger
"00:25:19,000","00:25:22,000","Onze riet, die gaat hartstikke goed.","Onze riet, die gaat hartstikke goed.",Our reed is doing really well.,happiness,approval,happiness,happiness
"00:25:24,000","00:25:27,000",We gaan langzamer dan het andere kamp.,We gaan langzamer dan het andere kamp.,We are moving slower than the other camp.,sadness,disappointment,sadness,sadness
"00:25:27,000","00:25:31,000",Maar volgens mij is het heel erg key om de rust te bewaren.,Maar volgens mij is het heel erg key om de rust te bewaren.,But I think it is very key to keep calm.,neutral,realization,surprise,neutral
"00:25:31,000","00:25:33,000","Rustig, rustig.","Rustig, rustig.",Calm down.,neutral,neutral,neutral,neutral
"00:25:33,000","00:25:35,000","Hé. Wacht, wacht, wacht.","Hé. Wacht, wacht, wacht.","Hey. Wait, wait, wait.",neutral,annoyance,anger,neutral
"00:25:35,000","00:25:37,000","Wacht, wacht, stop. Houd vast.","Wacht, wacht, stop. Houd vast.","Wait, wait, stop. Hold on.",neutral,annoyance,anger,neutral
"00:25:37,000","00:25:42,000","Als ik Ferry zo zie, dan verwacht ik dat hij redelijk snel in het water doemt als hij erop staat.","Als ik Ferry zo zie, dan verwacht ik dat hij redelijk snel in het water doemt als hij erop staat.","When I see Ferry like this, I expect him to fall into the water quite quickly if he stands on it.",neutral,fear,fear,fear
"00:25:42,000","00:25:44,000",Dit gaan wij winnen.,Dit gaan wij winnen.,We're going to win this.,happiness,optimism,happiness,happiness
"00:25:44,000","00:25:48,000",Dus ik ben met m'n rug naar Ferry gaan staan en gefocust op die rol.,Dus ik ben met m'n rug naar Ferry gaan staan en gefocust op die rol.,So I stood with my back to Ferry and focused on that role.,neutral,neutral,neutral,neutral
"00:25:48,000","00:25:51,000","En dan stapje voor stapje, voor stapje, voor stapje.","En dan stapje voor stapje, voor stapje, voor stapje.","And then step by step, by step, by step.",neutral,neutral,neutral,neutral
"00:25:54,000","00:25:56,000","Ja, langzaam.","Ja, langzaam.","Yes, slowly.",neutral,neutral,neutral,neutral
"00:25:56,000","00:25:58,000","Eén, twee...","Eén, twee...",One two...,neutral,neutral,neutral,neutral
"00:25:58,000","00:26:01,000","We zijn bijna bij de stok, hij gaat bijna stoppen.","We zijn bijna bij de stok, hij gaat bijna stoppen.","We're almost at the stick, it's about to stop.",neutral,excitement,happiness,neutral
"00:26:02,000","00:26:04,000",Ja!,Ja!,And!,happiness,excitement,happiness,happiness
"00:26:05,000","00:26:07,000","Go, go, go.","Go, go, go.","Go, go, go.",neutral,excitement,happiness,neutral
"00:26:07,000","00:26:11,000",Het geeft wel een goed gevoel om de eerste te zijn en dan meteen de eerste stok te hebben.,Het geeft wel een goed gevoel om de eerste te zijn en dan meteen de eerste stok te hebben.,It does feel good to be the first and then immediately have the first stick.,happiness,pride,happiness,happiness
"00:26:11,000","00:26:13,000",Dus nu nog vier te gaan.,Dus nu nog vier te gaan.,So now four more to go.,neutral,optimism,happiness,neutral
"00:26:15,000","00:26:18,000",Eerste stok voor Kamp Zuid.,Eerste stok voor Kamp Zuid.,First stick for Camp South.,neutral,joy,happiness,neutral
"00:26:22,000","00:26:24,000","Kijk uit, kijk uit!","Kijk uit, kijk uit!","Watch out, watch out!",fear,fear,fear,fear
"00:26:24,000","00:26:26,000","Go, go, go, go.","Go, go, go, go.","Go, go, go, go.",neutral,excitement,happiness,neutral
"00:26:26,000","00:26:28,000",Volgende!,Volgende!,Following!,neutral,curiosity,neutral,neutral
"00:26:28,000","00:26:31,000","Vlak voordat ik kan springen, dan verlies ik m'n balans.","Vlak voordat ik kan springen, dan verlies ik m'n balans.","Just before I can jump, I lose my balance.",sadness,disappointment,sadness,sadness
"00:26:31,000","00:26:33,000",Ga je niet nog een keer?,Ga je niet nog een keer?,Aren't you going again?,neutral,confusion,sadness,neutral
"00:26:34,000","00:26:36,000",Ze gaat het niet nog een keer proberen.,Ze gaat het niet nog een keer proberen.,She's not going to try it again.,neutral,disappointment,sadness,sadness
"00:26:36,000","00:26:38,000",Waarom? Geen idee.,Waarom? Geen idee.,Why? No idea.,surprise,confusion,sadness,surprise
"00:26:38,000","00:26:40,000",Maar op dat moment ga ik aan.,Maar op dat moment ga ik aan.,But at that moment I turn on.,neutral,determination,neutral,neutral
"00:26:40,000","00:26:42,000","Einde, einde, einde.","Einde, einde, einde.","The end, the end, the end.",neutral,realization,surprise,neutral
"00:26:42,000","00:26:44,000","Maakt niet uit, maakt niet uit.","Maakt niet uit, maakt niet uit.","Doesn't matter, doesn't matter.",sadness,disappointment,sadness,sadness
"00:26:44,000","00:26:46,000",Baal zo enorm.,Baal zo enorm.,I'm so bummed.,sadness,disappointment,sadness,sadness
"00:26:46,000","00:26:48,000",Er lukt het hele stuk voor niks.,Er lukt het hele stuk voor niks.,The whole piece succeeds for nothing.,sadness,disappointment,sadness,sadness
"00:26:49,000","00:26:51,000",Yes!,Yes!,Yes!,happiness,joy,happiness,happiness
"00:26:59,000","00:27:01,000",Ik heb een tactiek bedacht.,Ik heb een tactiek bedacht.,I came up with a tactic.,neutral,pride,happiness,neutral
"00:27:01,000","00:27:03,000",Ik ben natuurlijk niet bang om te vallen.,Ik ben natuurlijk niet bang om te vallen.,Of course I'm not afraid of falling.,neutral,courage,neutral,neutral
"00:27:03,000","00:27:05,000","Als ik uit balans raak, dan val ik gewoon op m'n kont.","Als ik uit balans raak, dan val ik gewoon op m'n kont.","If I lose my balance, I'll just fall on my butt.",neutral,acceptance,neutral,neutral
"00:27:05,000","00:27:07,000",Hoe hard dat hout ook is.,Hoe hard dat hout ook is.,No matter how hard that wood is.,neutral,determination,neutral,neutral
"00:27:07,000","00:27:09,000",Dan kan ik me herpakken en dat mag.,Dan kan ik me herpakken en dat mag.,Then I can recover and that is allowed.,neutral,optimism,happiness,neutral
"00:27:09,000","00:27:11,000","2, 1, 2.","2, 1, 2.","2, 1, 2.",neutral,neutral,neutral,neutral
"00:27:11,000","00:27:13,000","1, 2.","1, 2.","1, 2.",neutral,neutral,neutral,neutral
"00:27:13,000","00:27:15,000","1, 2.","1, 2.","1, 2.",neutral,neutral,neutral,neutral
"00:27:15,000","00:27:17,000","Rustig! Rustig, rustig.","Rustig! Rustig, rustig.","Easy! Easy, easy!",neutral,relief,happiness,neutral
"00:09:20,000","00:09:22,000","Oké, we gaan het spel aan.","Oké, we gaan het spel aan.","Okay, let's get into the game.",neutral,excitement,happiness,happiness
"00:09:22,000","00:09:23,000","Alright, we zijn vertrokken.","Alright, we zijn vertrokken.","Alright, we're off.",sadness,excitement,happiness,happiness
"00:09:23,000","00:09:25,000",Dan nog een tweede puntje.,Dan nog een tweede puntje.,Then a second point.,neutral,curiosity,neutral,neutral
"00:09:25,000","00:09:28,000",Dit seizoen wordt er in het Big Brother Huis ook betaald met...,Dit seizoen wordt er in het Big Brother Huis ook betaald met...,This season the Big Brother House also pays with...,neutral,curiosity,neutral,neutral
"00:09:28,000","00:09:30,000",Ik haal ze er even bij.,Ik haal ze er even bij.,I'll just grab them.,neutral,neutral,neutral,neutral
"00:09:30,000","00:09:31,000","Hier, daar zijn ze.","Hier, daar zijn ze.","Here, there they are.",surprise,neutral,neutral,neutral
"00:09:31,000","00:09:32,000",Big Brother Coins.,Big Brother Coins.,Big Brother Coins.,neutral,neutral,neutral,neutral
"00:09:32,000","00:09:33,000",Alsjeblieft.,Alsjeblieft.,Please.,neutral,neutral,neutral,neutral
"00:09:33,000","00:09:34,000",Dankjewel.,Dankjewel.,Thank you.,neutral,gratitude,happiness,neutral
"00:09:34,000","00:09:35,000",Het zijn er vijf.,Het zijn er vijf.,There are five.,neutral,neutral,neutral,neutral
"00:09:35,000","00:09:36,000",Oké.,Oké.,Okay.,neutral,neutral,neutral,neutral
"00:09:36,000","00:09:37,000",Wat wil je ermee kopen?,Wat wil je ermee kopen?,What do you want to buy with it?,neutral,curiosity,neutral,neutral
"00:09:37,000","00:09:38,000",Alle unieke dingen?,Alle unieke dingen?,All the unique things?,surprise,curiosity,neutral,neutral
"00:09:38,000","00:09:42,000","Ja, alleen eigenlijk dingen die nodig zijn om mij verder te brengen in het spel.","Ja, alleen eigenlijk dingen die nodig zijn om mij verder te brengen in het spel.","Yes, only really things that are necessary to progress me in the game.",neutral,determination,neutral,neutral
"00:09:42,000","00:09:44,000",Ik heb een dilemma voor jou.,Ik heb een dilemma voor jou.,I have a dilemma for you.,neutral,curiosity,neutral,neutral
"00:09:44,000","00:09:45,000",Oké.,Oké.,Okay.,neutral,neutral,neutral,neutral
"00:09:45,000","00:09:48,000","Stel, dat je mij twee coins teruggeeft.","Stel, dat je mij twee coins teruggeeft.",Suppose you give me two coins back.,neutral,neutral,neutral,neutral
"00:09:48,000","00:09:50,000",Dan krijg jij een hint.,Dan krijg jij een hint.,Then you get a hint.,neutral,curiosity,neutral,neutral
"00:09:50,000","00:09:54,000","Een hint, die kan jou iets opleveren in het huis.","Een hint, die kan jou iets opleveren in het huis.",A hint that can help you in the house.,neutral,curiosity,neutral,neutral
"00:09:54,000","00:09:59,000","Als jij die hint niet pakt, ga je in het huis met vijf Big Brother Coins.","Als jij die hint niet pakt, ga je in het huis met vijf Big Brother Coins.","If you don't take that hint, you go into the house with five Big Brother Coins.",neutral,neutral,neutral,neutral
"00:10:00,000","00:10:03,000","Als jij een hint wilt, geef je ons nu twee coins terug.","Als jij een hint wilt, geef je ons nu twee coins terug.","If you want a hint, give us two coins back now.",neutral,neutral,neutral,neutral
"00:10:03,000","00:10:07,000",Oké. Normaal beslis ik altijd alles samen met mijn partner.,Oké. Normaal beslis ik altijd alles samen met mijn partner.,Okay. Normally I always decide everything together with my partner.,neutral,caring,happiness,happiness
"00:10:07,000","00:10:08,000",Mag ik hem aankijken? Doe maar.,Mag ik hem aankijken? Doe maar.,Can I look at him? Go ahead.,neutral,desire,happiness,neutral
"00:10:09,000","00:10:10,000",Wat goed. Doen?,Wat goed. Doen?,How great. Doing?,happiness,curiosity,neutral,happiness
"00:10:11,000","00:10:12,000","Oké, dan gaan we dat doen.","Oké, dan gaan we dat doen.","Okay, then let's do that.",neutral,approval,happiness,happiness
"00:10:12,000","00:10:14,000",Oké. Dan mag ik de coins.,Oké. Dan mag ik de coins.,Okay. Then I can have the coins.,neutral,neutral,neutral,neutral
"00:10:14,000","00:10:16,000","Twee coins? Nee, twee.","Twee coins? Nee, twee.","Two coins? No, two.",neutral,neutral,neutral,neutral
"00:10:16,000","00:10:18,000",Twee stuks. Dank je wel.,Twee stuks. Dank je wel.,Two pieces. Thank you.,neutral,gratitude,happiness,neutral
"00:10:18,000","00:10:20,000",Je houdt er dus nog drie over.,Je houdt er dus nog drie over.,So you still have three left.,surprise,neutral,neutral,neutral
"00:10:20,000","00:10:23,000",Let goed op. Hier komt de tip.,Let goed op. Hier komt de tip.,Pay close attention. Here comes the tip.,neutral,curiosity,neutral,neutral
"00:10:23,000","00:10:27,000",Kijk elkaar diep in de ogen.,Kijk elkaar diep in de ogen.,Look deeply into each other's eyes.,neutral,curiosity,neutral,neutral
"00:10:28,000","00:10:32,000",Hou het wel voor je. Het kan een belangrijke hint zijn.,Hou het wel voor je. Het kan een belangrijke hint zijn.,Just keep it to yourself. It could be an important hint.,neutral,curiosity,neutral,neutral
"00:10:32,000","00:10:36,000",Dan nog een laatste punt. De telefoon.,Dan nog een laatste punt. De telefoon.,Then one last point. The telephone.,neutral,neutral,neutral,neutral
"00:10:36,000","00:10:40,000","Is dat ook een beetje wat je wil, eventjes alles achterlaten en focussen op jezelf?","Is dat ook een beetje wat je wil, eventjes alles achterlaten en focussen op jezelf?","Is that also what you want, to leave everything behind for a while and focus on yourself?",surprise,curiosity,neutral,neutral
"00:10:40,000","00:10:43,000","Ja, dat wel. Ik trek de deur rustig achter me dicht.","Ja, dat wel. Ik trek de deur rustig achter me dicht.","Yes, that's true. I quietly close the door behind me.",neutral,sadness,sadness,neutral
"00:10:43,000","00:10:47,000","Voordat je het huis ingaat, mag je nog heel even afscheid nemen van familie en van je...","Voordat je het huis ingaat, mag je nog heel even afscheid nemen van familie en van je...","Before you enter the house, you can say goodbye to family and your...",neutral,sadness,sadness,sadness
"00:10:47,000","00:10:50,000","We zijn niet zo erg, hè? We zijn best aardig.","We zijn niet zo erg, hè? We zijn best aardig.","We're not that bad, are we? We're quite nice.",happiness,approval,happiness,happiness
"00:10:53,000","00:10:54,000",Pops.,Pops.,Pops.,neutral,neutral,neutral,neutral
"00:10:54,000","00:10:57,000","Gaat niet, hè? Ja, daar ga ik niet van.","Gaat niet, hè? Ja, daar ga ik niet van.","Not possible, right? Yeah, I'm not going to like that.",neutral,disapproval,disgust,disgust
"00:10:58,000","00:11:00,000","Doei, liefje. Dag, schat.","Doei, liefje. Dag, schat.","Bye, honey. Bye, honey.",happiness,sadness,sadness,sadness
"00:11:00,000","00:11:02,000","Doei, schat. Kom er maar bij.","Doei, schat. Kom er maar bij.",Bye honey. Come join us.,happiness,caring,happiness,happiness
"00:11:02,000","00:11:04,000","O, ik weet het helemaal niet.","O, ik weet het helemaal niet.","Oh, I don't know at all.",surprise,confusion,sadness,sadness
"00:11:04,000","00:11:06,000","Lieve Ashley, het is tijd voor jou om te gaan.","Lieve Ashley, het is tijd voor jou om te gaan.","Dear Ashley, it's time for you to go.",neutral,sadness,sadness,neutral
"00:11:06,000","00:11:07,000",Jij mag zometeen door die draaideur.,Jij mag zometeen door die draaideur.,You can go through that revolving door in a moment.,neutral,neutral,neutral,neutral
"01:10:16,000","01:10:23,000","Basiri, dit is de allereerste nominatie van Big Brother 2024.","Basiri, dit is de allereerste nominatie van Big Brother 2024.","Basiri, this is the very first nomination of Big Brother 2024.",neutral,surprise,surprise,neutral
"01:10:23,000","01:10:29,000",Ergens deze week krijg jij de kans om een duo te nomineren.,Ergens deze week krijg jij de kans om een duo te nomineren.,Sometime this week you will get the chance to nominate a duo.,neutral,neutral,neutral,neutral
"01:10:31,000","01:10:34,000",Een waardevolle tip.,Een waardevolle tip.,A valuable tip.,neutral,neutral,neutral,neutral
"01:10:34,000","01:10:38,000",Hou de inhoud van het kistje geheim voor je medebewoners.,Hou de inhoud van het kistje geheim voor je medebewoners.,Keep the contents of the box secret from your fellow residents.,neutral,neutral,neutral,neutral
"01:10:38,000","01:10:43,000",Niemand hoeft te weten dat jij op dit moment al zo machtig bent.,Niemand hoeft te weten dat jij op dit moment al zo machtig bent.,No one needs to know that you are already so powerful right now.,neutral,neutral,neutral,neutral
"01:10:49,000","01:10:51,000","Eindelijk, dit zijn ze dan.","Eindelijk, dit zijn ze dan.","Finally, these are them.",neutral,neutral,neutral,neutral
"01:10:51,000","01:10:54,000",Alle bewoners van deze gloednieuwe reeks van Big Brother.,Alle bewoners van deze gloednieuwe reeks van Big Brother.,All the residents of this brand new series of Big Brother.,neutral,excitement,happiness,neutral
"01:10:54,000","01:10:57,000","Alhoewel, dat zeg ik nu wel, maar we weten allemaal...","Alhoewel, dat zeg ik nu wel, maar we weten allemaal...","Although, I say that now, but we all know...",neutral,realization,surprise,neutral
"01:10:57,000","01:11:00,000",dat Big Brother alles in één klap weer op zijn kop kan zetten.,dat Big Brother alles in één klap weer op zijn kop kan zetten.,that Big Brother can turn everything upside down in one fell swoop.,neutral,surprise,surprise,neutral
"01:11:00,000","01:11:03,000",Vanaf nu openen wij de livestreams...,Vanaf nu openen wij de livestreams...,From now on we open the live streams...,neutral,excitement,happiness,neutral
"01:11:03,000","01:11:06,000","en kan je alles, maar dan ook alles echt volgen...","en kan je alles, maar dan ook alles echt volgen...","and you can follow everything, absolutely everything...",neutral,happiness,happiness,happiness
"01:11:06,000","01:11:08,000",van onze dertien kerstverse bewoners.,van onze dertien kerstverse bewoners.,of our thirteen Christmas-new residents.,neutral,excitement,happiness,neutral
"01:11:08,000","01:11:11,000",Die livestreams kan je in Vlaanderen vinden op GoPlay...,Die livestreams kan je in Vlaanderen vinden op GoPlay...,You can find these livestreams in Flanders on GoPlay...,neutral,neutral,neutral,neutral
"01:11:11,000","01:11:15,000",of het telenetkanaal Play247. En in Nederland op Videoland.,of het telenetkanaal Play247. En in Nederland op Videoland.,or the telenet channel Play247. And in the Netherlands on Videoland.,neutral,neutral,neutral,neutral
"01:11:15,000","01:11:17,000",Belangrijk om erbij te vertellen.,Belangrijk om erbij te vertellen.,Important to mention.,neutral,neutral,neutral,neutral
"01:11:17,000","01:11:20,000","Als je naar de streams gaat, maak je een sprong in de tijd.","Als je naar de streams gaat, maak je een sprong in de tijd.","When you go to the streams, you jump back in time.",neutral,neutral,neutral,neutral
"01:11:20,000","01:11:23,000",Gelukkig is alles wat je dan even mist gewoon op tv te zien.,Gelukkig is alles wat je dan even mist gewoon op tv te zien.,"Fortunately, everything you miss can be seen on TV.",neutral,relief,happiness,happiness
"01:11:23,000","01:11:25,000",Vanaf morgen om precies te zijn.,Vanaf morgen om precies te zijn.,Starting tomorrow to be precise.,neutral,neutral,neutral,neutral
"01:11:25,000","01:11:28,000",Elke werkdag voor je in Nederland om half negen op RTL5...,Elke werkdag voor je in Nederland om half negen op RTL5...,Every working day for you in the Netherlands at half past eight on RTL5...,neutral,neutral,neutral,neutral
"01:11:28,000","01:11:32,000",en in Vlaanderen op GoPlay en om kwart over tien op Play4.,en in Vlaanderen op GoPlay en om kwart over tien op Play4.,and in Flanders on GoPlay and at a quarter past ten on Play4.,neutral,neutral,neutral,neutral
"01:11:32,000","01:11:35,000",Zaterdag zijn Geraldine en ik weer in deze studio...,Zaterdag zijn Geraldine en ik weer in deze studio...,Geraldine and I will be back in this studio on Saturday...,neutral,neutral,neutral,neutral
"01:11:35,000","01:11:37,000",met de allereerste liveshow.,met de allereerste liveshow.,with the very first live show.,neutral,excitement,happiness,neutral
"01:11:37,000","01:11:39,000",Een extra spannende uitzending...,Een extra spannende uitzending...,An extra exciting broadcast...,happiness,excitement,happiness,happiness
"01:11:39,000","01:11:42,000",want ondanks dat de bewoners pas net het huis in zijn gegaan...,want ondanks dat de bewoners pas net het huis in zijn gegaan...,because even though the residents have only just entered the house...,neutral,realization,surprise,neutral
"01:11:42,000","01:11:44,000",moet er alweer iemand weg.,moet er alweer iemand weg.,someone has to leave again.,neutral,sadness,sadness,neutral
"01:11:44,000","01:11:47,000",Of misschien wel twee. Of misschien niemand.,Of misschien wel twee. Of misschien niemand.,Or maybe two. Or maybe no one.,neutral,confusion,sadness,neutral
"01:11:47,000","01:11:51,000","Want je weet het, Big Brother is ook dit jaar mee doorgelost.","Want je weet het, Big Brother is ook dit jaar mee doorgelost.","Because you know, Big Brother has also continued this year.",neutral,neutral,neutral,neutral
"01:11:51,000","01:11:53,000","Ja, we zijn begonnen. Ik heb er echt heel veel zin in.","Ja, we zijn begonnen. Ik heb er echt heel veel zin in.","Yes, we have started. I'm really looking forward to it.",happiness,excitement,happiness,happiness
"01:11:53,000","01:11:55,000",Leuk dat je er weer bij bent. Tot morgen.,Leuk dat je er weer bij bent. Tot morgen.,Nice to have you back. See you tomorrow.,happiness,joy,happiness,happiness
"01:11:55,000","01:11:57,000",Ciao.,Ciao.,Ciao.,neutral,neutral,neutral,neutral
"01:12:01,000","01:12:03,000",Volgende keer.,Volgende keer.,Next time.,neutral,neutral,neutral,neutral
"01:12:03,000","01:12:05,000",Ronai. Andy Lano.,Ronai. Andy Lano.,Ronai. Andy Lano.,neutral,neutral,neutral,neutral
"01:12:05,000","01:12:08,000",Jullie zien hier vier bollenspiegels hangen.,Jullie zien hier vier bollenspiegels hangen.,You see four spherical mirrors hanging here.,neutral,neutral,neutral,neutral
"01:12:08,000","01:12:11,000",De eerste geheime opdracht van Big Brother is een feit.,De eerste geheime opdracht van Big Brother is een feit.,Big Brother's first secret assignment is a fact.,neutral,excitement,happiness,neutral
"01:12:11,000","01:12:15,000",En die spiegels moeten jullie in het huis plaatsen.,En die spiegels moeten jullie in het huis plaatsen.,And you have to place those mirrors in the house.,neutral,neutral,neutral,neutral
"01:12:15,000","01:12:17,000",Let's go.,Let's go.,Let's go.,neutral,excitement,happiness,happiness
"01:12:17,000","01:12:20,000",Gaat het hen lukken dit onopgemerkt te doen?,Gaat het hen lukken dit onopgemerkt te doen?,Will they be able to do this unnoticed?,neutral,curiosity,neutral,neutral
"01:12:20,000","01:12:22,000","Ja, maar ik heb echt koffie nodig, jongens.","Ja, maar ik heb echt koffie nodig, jongens.","Yeah, but I really need some coffee, guys.",neutral,desire,happiness,neutral
"01:12:22,000","01:12:25,000",Ik ben nog niet begonnen. Ik heb zo weinig energie.,Ik ben nog niet begonnen. Ik heb zo weinig energie.,I have not started yet. I have so little energy.,neutral,disappointment,sadness,sadness
"01:12:25,000","01:12:27,000",We beginnen van nu.,We beginnen van nu.,We'll start from now.,neutral,neutral,neutral,neutral
"01:12:27,000","01:12:29,000","Als er morgen geen koffie komt, dan ga ik echt naar huis.","Als er morgen geen koffie komt, dan ga ik echt naar huis.","If there's no coffee tomorrow, I'm really going home.",anger,disappointment,sadness,neutral
"01:12:29,000","01:12:30,000",Echt? Ja.,Echt? Ja.,Really? Yes.,surprise,surprise,surprise,surprise
"01:12:30,000","01:12:32,000","Nu ben je serieus? Ja, ik ben echt serieus.","Nu ben je serieus? Ja, ik ben echt serieus.","Now you're serious? Yeah, I'm really serious.",surprise,realization,surprise,surprise
"00:13:21,000","00:13:22,000",Cassave!,Cassave!,Cassava!,Neutral,excitement,happiness,happiness
"00:13:22,000","00:13:23,000",GEJUICH.,GEJUICH.,CHEERING.,Happiness,joy,happiness,happiness
"00:13:23,000","00:13:24,000",Klink je knollen?,Klink je knollen?,Do you sound like tubers?,Neutral,confusion,sadness,neutral
"00:13:24,000","00:13:25,000",Zo!,Zo!,Like this!,Neutral,neutral,neutral,neutral
"00:13:25,000","00:13:27,000","Ja, dat is super natuurlijk.","Ja, dat is super natuurlijk.","Yes, that's great of course.",Neutral,approval,happiness,happiness
"00:13:27,000","00:13:31,000",Het is een goed voedingsmiddel en je krijgt er ook langdurige energie van.,Het is een goed voedingsmiddel en je krijgt er ook langdurige energie van.,It is a good food and it also gives you long-lasting energy.,Neutral,approval,happiness,neutral
"00:13:31,000","00:13:35,000",Dus daar zijn we heel blij mee dat er cassave is gevonden.,Dus daar zijn we heel blij mee dat er cassave is gevonden.,So we are very happy that cassava has been found.,Happiness,joy,happiness,happiness
"00:13:35,000","00:13:36,000",Het is serieus.,Het is serieus.,It's serious.,Neutral,realization,surprise,neutral
"00:13:36,000","00:13:37,000",Wat is het lekkers he?,Wat is het lekkers he?,How delicious is that?,Neutral,joy,happiness,neutral
"00:13:37,000","00:13:38,000",We zijn bezig met vuur.,We zijn bezig met vuur.,We are dealing with fire.,Neutral,fear,fear,neutral
"00:13:38,000","00:13:39,000",En lachen nog meer?,En lachen nog meer?,And laugh even more?,Neutral,amusement,happiness,neutral
"00:13:39,000","00:13:40,000",Echt?,Echt?,Real?,Surprise,surprise,surprise,surprise
"00:13:40,000","00:13:41,000",Ja.,Ja.,And.,Surprise,neutral,neutral,surprise
"00:13:41,000","00:13:42,000",Top!,Top!,Top!,Neutral,approval,happiness,happiness
"00:13:42,000","00:13:43,000",MUZIEK.,MUZIEK.,MUSIC.,Neutral,neutral,neutral,neutral
"00:13:44,000","00:13:45,000",Micriënen voor alles he?,Micriënen voor alles he?,"Microphones for everything, right?",Neutral,neutral,neutral,neutral
"00:13:45,000","00:13:46,000",Ook in de keuken.,Ook in de keuken.,Also in the kitchen.,Neutral,neutral,neutral,neutral
"00:13:46,000","00:13:47,000",Ook in de keuken he?,Ook in de keuken he?,"In the kitchen too, right?",Surprise,neutral,neutral,neutral
"00:13:47,000","00:13:48,000",Thuis kook ik nooit.,Thuis kook ik nooit.,I never cook at home.,Neutral,neutral,neutral,neutral
"00:13:49,000","00:13:50,000",GELACH.,GELACH.,LAUGHTER.,Happiness,amusement,happiness,happiness
"00:13:50,000","00:13:56,000","Maar hier doe ik de keuken, want in mijn vorige expeditie heb ik heel veel cassave gegeten.","Maar hier doe ik de keuken, want in mijn vorige expeditie heb ik heel veel cassave gegeten.","But here I do the cooking, because in my previous expedition I ate a lot of cassava.",Neutral,pride,happiness,neutral
"00:13:56,000","00:13:58,000",Dus daar ben ik redelijk handig in geworden.,Dus daar ben ik redelijk handig in geworden.,So I've become quite adept at that.,Neutral,pride,happiness,neutral
"00:13:58,000","00:14:03,000",Dus de keuken is op de een of andere manier al heel gauw naar mij toe gevallen.,Dus de keuken is op de een of andere manier al heel gauw naar mij toe gevallen.,So somehow the kitchen fell to me very quickly.,Neutral,surprise,surprise,neutral
"00:14:03,000","00:14:10,000","Bertie maakt de cassave klaar, maar zij is per slot van rekening uit haar expeditie wel de cassave-koningin.","Bertie maakt de cassave klaar, zij is per slot van rekening uit haar expeditie wel de cassave-koningin.","Bertie prepares the cassava, after all she is the cassava queen from her expedition.",Neutral,admiration,happiness,happiness
"00:14:10,000","00:14:13,000","Ja, de koningin-prinses, de cassave-prinses.","Ja, de koningin-prinses, de cassave-prinses.","Yes, the queen princess, the cassava princess.",Neutral,admiration,happiness,happiness
"00:14:13,000","00:14:14,000",GELACH.,GELACH.,LAUGHTER.,Happiness,amusement,happiness,happiness
"00:14:14,000","00:14:15,000",MUZIEK.,MUZIEK.,MUSIC.,Neutral,neutral,neutral,neutral
"00:14:20,000","00:14:21,000",GEROEZEMOES.,GEROEZEMOES.,BUZZ.,Neutral,neutral,neutral,neutral
"00:14:27,000","00:14:29,000",Er zitten zoveel jongens.,Er zitten zoveel jongens.,There are so many boys.,Surprise,surprise,surprise,surprise
"00:14:29,000","00:14:32,000","Hier zitten er twee, daar zit er één.","Hier zitten er twee, daar zit er één.","Here are two, there is one.",Neutral,neutral,neutral,neutral
"00:14:32,000","00:14:34,000","Man, wat de hel!","Man, wat de hel!","Man, what the hell!",Anger,anger,anger,anger
"00:14:34,000","00:14:35,000","Go, go, go!","Go, go, go!","Go, go, go!",Neutral,excitement,happiness,neutral
"00:14:37,000","00:14:39,000","Je ziet krabbetjes, maar je kunt ze niet pakken.","Je ziet krabbetjes, maar je kunt ze niet pakken.","You see crabs, but you can't catch them.",Neutral,disappointment,sadness,neutral
"00:14:39,000","00:14:41,000",Dit is gewoon een game.,Dit is gewoon een game.,This is just a game.,Neutral,neutral,neutral,neutral
"00:14:41,000","00:14:42,000",Het is een balletje met krabben.,Het is een balletje met krabben.,It's a ball with crabs.,Neutral,curiosity,neutral,neutral
"00:14:42,000","00:14:43,000",Krab heeft groen.,Krab heeft groen.,Crab has green.,Neutral,neutral,neutral,neutral
"00:14:43,000","00:14:44,000","Kijk, achter!","Kijk, achter!",Look behind!,Fear,surprise,surprise,surprise
"00:14:45,000","00:14:46,000",Je staat er bijna op.,Je staat er bijna op.,You're almost there.,Neutral,encouragement,happiness,neutral
"00:14:46,000","00:14:47,000",Het is kansloos weer.,Het is kansloos weer.,The weather is hopeless.,Surprise,disappointment,sadness,sadness
"00:14:47,000","00:14:48,000","Ah, kansloos weer.","Ah, kansloos weer.","Ah, hopeless again.",Anger,disappointment,sadness,sadness
"00:14:48,000","00:14:49,000","Nee, nee, nee!","Nee, nee, nee!",No no no!,Neutral,disapproval,disgust,neutral
"00:14:49,000","00:14:50,000",In het poeltje.,In het poeltje.,In the pond.,Neutral,neutral,neutral,neutral
"00:14:50,000","00:14:52,000",De overige kampleden doen het rustig aan.,De overige kampleden doen het rustig aan.,The other camp members take it easy.,Neutral,approval,happiness,neutral
"00:14:52,000","00:14:54,000",Ze sparen hun energie.,Ze sparen hun energie.,They save their energy.,Neutral,approval,happiness,neutral
"00:31:04,000","00:31:05,000",Hé.,Hé.,Heh.,neutral,amusement,happiness,happiness
"00:31:05,000","00:31:06,000",Tijden.,Tijden.,Times.,neutral,neutral,neutral,neutral
"00:31:06,000","00:31:07,000","Oh, dat mag ook.","Oh, dat mag ook.","Oh, that's also allowed.",Surprise ,surprise,surprise,surprise
"00:31:07,000","00:31:08,000",Ik ben...,Ik ben...,I am...,neutral,neutral,neutral,neutral
"00:31:08,000","00:31:09,000","Tijden, aangenaam.","Tijden, aangenaam.","Times, pleasant.",neutral,joy,happiness,happiness
"00:31:09,000","00:31:10,000","Hé, aangenaam, Sonja.","Hé, aangenaam, Sonja.","Hey, nice, Sonja.",Happiness,joy,happiness,happiness
"00:31:10,000","00:31:11,000","Hé, ik ben Basiby.","Hé, ik ben Basir.","Hey, I'm Basir.",neutral,neutral,neutral,neutral
"00:31:11,000","00:31:12,000","Hé, aangenaam.","Hé, aangenaam.","Hey, nice.",Happiness,joy,happiness,happiness
"00:31:12,000","00:31:13,000",Belgisch.,Belgisch.,Belgian.,neutral,neutral,neutral,neutral
"00:31:13,000","00:31:14,000",België.,België.,Belgium.,neutral,neutral,neutral,neutral
"00:31:14,000","00:31:15,000",Jij bent Belgisch.,Jij bent Belgisch.,You are Belgian.,neutral,realization,surprise,neutral
"00:31:15,000","00:31:16,000",Ik ben Belgisch.,Ik ben Belgisch.,I am Belgian.,neutral,pride,happiness,neutral
"00:31:16,000","00:31:17,000",Ik ben Belgisch.,Ik ben Belgisch.,I am Belgian.,neutral,pride,happiness,neutral
"00:31:17,000","00:31:18,000",Ik ben Belgisch.,Ik ben Belgisch.,I am Belgian.,neutral,pride,happiness,neutral
"00:31:18,000","00:31:19,000",Ik ben Belgisch.,Ik ben Belgisch.,I am Belgian.,neutral,pride,happiness,neutral
"00:31:19,000","00:31:20,000",Ik ben Belgisch.,Ik ben Belgisch.,I am Belgian.,neutral,pride,happiness,neutral
"00:31:20,000","00:31:21,000",Ik ben Belgisch.,Ik ben Belgisch.,I am Belgian.,neutral,pride,happiness,neutral
"00:31:21,000","00:31:22,000",Ik ben Belgisch.,Ik ben Belgisch.,I am Belgian.,neutral,pride,happiness,neutral
"00:31:22,000","00:31:23,000",Ik ben Belgisch.,Ik ben Belgisch.,I am Belgian.,neutral,pride,happiness,neutral
"00:31:23,000","00:31:24,000",Ik ben Belgisch.,Ik ben Belgisch.,I am Belgian.,neutral,pride,happiness,neutral
"00:31:24,000","00:31:25,000",Ik ben Belgisch.,Ik ben Belgisch.,I am Belgian.,neutral,pride,happiness,neutral
"00:31:25,000","00:31:26,000","Hé, aangenaam.","Hé, aangenaam.","Hey, nice.",neutral,joy,happiness,happiness
"00:31:26,000","00:31:27,000",Welkom in...,Welkom in...,Welcome to...,neutral,joy,happiness,neutral
"00:31:27,000","00:31:28,000",Van waar?,Van waar?,From where?,Surprise ,curiosity,neutral,neutral
"00:31:28,000","00:31:29,000",Basie.,Bas.,Bas.,neutral,neutral,neutral,neutral
"00:31:29,000","00:31:30,000",Van Gent.,Van Gent.,From Ghent.,neutral,neutral,neutral,neutral
"00:31:30,000","00:31:31,000",Van Gent.,Van Gent.,From Ghent.,neutral,neutral,neutral,neutral
"00:31:31,000","00:31:32,000","Oké, ik ben van Antwerpen.","Oké, ik ben van Antwerpen.","Okay, I'm from Antwerp.",neutral,neutral,neutral,neutral
"00:31:32,000","00:31:33,000",Basie.,Bas.,Bas.,neutral,neutral,neutral,neutral
"00:31:33,000","00:31:34,000","Hi, Leni.","Hi, Leni.","Hi, Leni.",neutral,joy,happiness,neutral
"00:31:34,000","00:31:35,000","Hi, Leni.","Hi, Leni.","Hi, Leni.",neutral,joy,happiness,neutral
"00:31:35,000","00:31:36,000",Hallo.,Hallo.,Hallo.,neutral,joy,happiness,neutral
"00:31:36,000","00:31:37,000",Wat is je naam?,Wat is je naam?,What's your name?,neutral,curiosity,neutral,neutral
"00:31:37,000","00:31:38,000",Sonja.,Sonja.,Sonja.,neutral,neutral,neutral,neutral
"00:31:38,000","00:31:39,000",Sonja.,Sonja.,Sonja.,neutral,neutral,neutral,neutral
"00:31:39,000","00:31:40,000",Sonja.,Sonja.,Sonja.,neutral,neutral,neutral,neutral
"00:31:40,000","00:31:41,000",Sonja.,Sonja.,Sonja.,neutral,neutral,neutral,neutral
"00:31:41,000","00:31:42,000",Kom met je jas.,Kom met je jas.,Come with your coat.,neutral,neutral,neutral,neutral
"00:31:42,000","00:31:43,000",Leni.,Leni.,Leni.,neutral,neutral,neutral,neutral
"00:31:43,000","00:31:44,000",En goed eten.,En goed eten.,And good food.,neutral,joy,happiness,happiness
"00:31:44,000","00:31:45,000","Ja, ja, de...","Ja, ja, de...","I, I, de...",neutral,confusion,sadness,neutral
"00:31:45,000","00:31:46,000",Maar waar wacht...,Maar waar wacht...,But where wait...,Surprise ,confusion,sadness,sadness
"00:31:46,000","00:31:47,000","Ja, mama, ik ben...","Ja, mama, ik ben...","Yes, Mom, I'm...",neutral,neutral,neutral,neutral
"00:31:47,000","00:31:48,000",Ik ben...,Ik ben...,I am...,neutral,neutral,neutral,neutral
"00:20:18,000","00:20:20,000",We zijn nog vanaf twee uur rondjes aan het rennen door Rotterdam.,We zijn nog vanaf twee uur rondjes aan het rennen door Rotterdam.,We have been running laps through Rotterdam since two o'clock.,neutral,exhaustion,neutral,neutral
"00:20:20,000","00:20:21,000","Ja, kom maar.","Ja, kom maar.","Yes, come on.",anger,determination,neutral,neutral
"00:20:21,000","00:20:22,000","Ja, top.","Ja, top.","I, cannon.",neutral,neutral,neutral,neutral
"00:20:22,000","00:20:27,000",Terwijl Bishan en Shiva op hun schuilplek een oplossing hopen te bedenken voor hun treinkaartjesprobleem.,Terwijl Bishan en Shiva op hun schuilplek een oplossing hopen te bedenken voor hun treinkaartjesprobleem.,While Bishan and Shiva hope to find a solution to their train ticket problem in their hiding place.,fear,hope,happiness,neutral
"00:20:28,000","00:20:29,000",Penis!,Pernis!,Varnish!,anger,neutral,neutral,neutral
"00:20:29,000","00:20:35,000",Zijn collega's Davy en Linda tot hun opluchting ongezien met de watertaxi weggekomen.,Zijn collega's Davy en Linda tot hun opluchting ongezien met de watertaxi weggekomen.,"To their relief, his colleagues Davy and Linda escaped unnoticed by water taxi.",surprise,relief,happiness,happiness
"00:20:35,000","00:20:36,000",Wauw.,Wauw.,Wow.,surprise,surprise,surprise,surprise
"00:20:36,000","00:20:37,000",Dit is...,Dit is...,This is...,fear,neutral,neutral,neutral
"00:20:38,000","00:20:41,000",Binnen een kwartier staan wij in fucking penis.,Binnen een kwartier staan wij in fucking Pernis.,We will be in fucking Pernis within fifteen minutes.,anger,excitement,happiness,anger
"00:20:42,000","00:20:43,000",Niet normaal.,Niet normaal.,Not normal.,neutral,surprise,surprise,surprise
"00:20:43,000","00:20:47,000","Davy werkt voor Linda, die een eigen bedrijf heeft in hospitality en events.","Davy werkt voor Linda, die een eigen bedrijf heeft in hospitality en events.","Davy works for Linda, who has her own company in hospitality and events.",neutral,neutral,neutral,neutral
"00:20:47,000","00:20:51,000",Door hun krachten te bundelen denken ze de hunters steeds een stap voor te kunnen blijven.,Door hun krachten te bundelen denken ze de hunters steeds een stap voor te kunnen blijven.,"By joining forces, they think they can always stay one step ahead of the hunters.",neutral,optimism,happiness,happiness
"00:20:51,000","00:20:54,000",Ik denk dat wij sowieso top drie.,Ik denk dat wij sowieso top drie.,I think we're top three anyway.,neutral,pride,happiness,neutral
"00:20:54,000","00:20:55,000",Dat we dat wel gaan redden.,Dat we dat wel gaan redden.,That we will make it.,neutral,optimism,happiness,happiness
"00:20:55,000","00:20:57,000",Dat we niet als eerste gepakt worden.,Dat we niet als eerste gepakt worden.,That we won't be caught first.,fear,hope,happiness,fear
"00:20:57,000","00:20:59,000","Maar goed, dit staat vaarlijk uit.","Maar goed, dit ziet er gevaarlijk uit.","Anyway, this looks dangerous.",fear,fear,fear,fear
"00:20:59,000","00:21:00,000",Heel gevaarlijk.,Heel gevaarlijk.,Very dangerous.,neutral,fear,fear,neutral
"00:21:01,000","00:21:02,000",Wat gaan we doen?,Wat gaan we doen?,What do we do?,neutral,confusion,sadness,sadness
"00:21:02,000","00:21:03,000",Jij wilt plassen.,Jij wilt plassen.,You want to pee.,neutral,neutral,neutral,neutral
"00:21:03,000","00:21:04,000",Ja.,Ja.,And.,neutral,neutral,neutral,neutral
"00:21:04,000","00:21:05,000",Maar we willen ook een slaapplek.,Maar we willen ook een slaapplek.,But we also want a place to sleep.,neutral,desire,happiness,neutral
"00:21:05,000","00:21:06,000",En we willen ook nog pinnen.,En we willen ook nog pinnen.,And we also want to pay by card.,neutral,desire,happiness,neutral
"00:21:06,000","00:21:08,000",Ik denk dat Linda en ik best wel op één level zitten.,Ik denk dat Linda en ik best wel op één level zitten.,I think Linda and I are quite on the same level.,neutral,approval,happiness,happiness
"00:21:08,000","00:21:10,000",We moeten gewoon naar elkaar luisteren.,We moeten gewoon naar elkaar luisteren.,We just have to listen to each other.,neutral,approval,happiness,neutral
"00:21:10,000","00:21:12,000",En ik denk niet dat er een leider is en een volger.,En ik denk niet dat er een leider is en een volger.,And I don't think there is a leader and a follower.,neutral,realization,surprise,surprise
"00:21:12,000","00:21:13,000",Je doet dit samen.,Je doet dit samen.,You do this together.,neutral,approval,happiness,neutral
"00:21:13,000","00:21:16,000",En ik denk dat we staan open voor elkaars mening.,En ik denk dat we staan open voor elkaars mening.,And I think we are open to each other's opinions.,neutral,approval,happiness,neutral
"00:21:16,000","00:21:17,000",Elkaars ideeën.,Elkaars ideeën.,Each other's ideas.,neutral,approval,happiness,neutral
"00:21:17,000","00:21:19,000",En de dynamiek tussen ons.,En de dynamiek tussen ons.,And the dynamics between us.,surprise,admiration,happiness,happiness
"00:21:19,000","00:21:21,000",Wij hebben gewoon altijd heel veel plezier met elkaar.,Wij hebben gewoon altijd heel veel plezier met elkaar.,We just always have a lot of fun together.,neutral,joy,happiness,happiness
"00:21:21,000","00:21:23,000",We moeten nu gewoon ergens gaan pinnen.,We moeten nu gewoon ergens gaan pinnen.,We just have to go somewhere now.,neutral,desire,happiness,happiness
"00:21:23,000","00:21:24,000","Ja, oké.","Ja, oké.","Oh, alright.",neutral,neutral,neutral,neutral
"00:21:24,000","00:21:25,000",Nu.,Nu.,Not.,neutral,disapproval,disgust,neutral
"00:21:25,000","00:21:26,000",Nou.,Nou.,We.,neutral,neutral,neutral,neutral
"00:21:26,000","00:21:27,000",Met een auto.,Met een auto.,With a car.,neutral,neutral,neutral,neutral
"00:21:27,000","00:21:28,000",We hebben sowieso geen geld.,We hebben sowieso geen geld.,We have no money anyway.,neutral,disappointment,sadness,sadness
"00:21:28,000","00:21:31,000",We willen sowieso gebruik maken van het netwerk van ons eigen netwerk.,We willen sowieso gebruik maken van het netwerk van ons eigen netwerk.,"In any case, we want to use our own network.",neutral,desire,happiness,neutral
"00:21:31,000","00:21:35,000",Dus we willen eigenlijk niet rechtstreeks bij vrienden of familie aankloppen.,Dus we willen eigenlijk niet rechtstreeks bij vrienden of familie aankloppen.,So we don't actually want to contact friends or family directly.,neutral,disapproval,disgust,neutral
"00:21:35,000","00:21:38,000","Ja, dan is het wel de uitdaging om onze sporen natuurlijk weer te wissen.","Ja, dan is het wel de uitdaging om onze sporen natuurlijk weer te wissen.","Yes, then the challenge is of course to erase our tracks.",fear,determination,neutral,neutral
"00:21:38,000","00:21:39,000",Uberhaupt geen sporen achterlaten.,Uberhaupt geen sporen achterlaten.,Don't leave any traces at all.,fear,fear,fear,fear
"00:21:39,000","00:21:41,000",Dat is het belangrijkste.,Dat is het belangrijkste.,That is the most important.,neutral,realization,surprise,neutral
"00:21:41,000","00:21:42,000",Mag ik u wat vragen?,Mag ik u wat vragen?,Can I ask you something?,neutral,curiosity,neutral,neutral
"00:21:42,000","00:21:43,000",Wij vlucht.,Wij vluchten.,We flee.,fear,fear,fear,fear
"00:21:43,000","00:21:45,000","Wij hebben geen telefoon, geen portemonnee.","Wij hebben geen telefoon, geen portemonnee.","We have no phone, no wallet.",neutral,disappointment,sadness,sadness
"00:11:08,000","00:11:11,000","En vergeet niet, Big Brother is always watching you.","En vergeet niet, Big Brother is always watching you.","En vergeet niet, Big Brother is always watching you.",Neutral,nervousness,fear,neutral
"00:11:12,000","00:11:13,000",Oké.,Oké.,Okay.,Neutral,neutral,neutral,neutral
"00:11:13,000","00:11:16,000",Een heel groot applaus voor Ashley.,Een heel groot applaus voor Ashley.,A very big round of applause for Ashley.,Happiness,admiration,happiness,happiness
"00:11:27,000","00:11:28,000","O, my God.","O, my God.","O, my God.",Surprise,surprise,surprise,surprise
"00:11:30,000","00:11:32,000","O, my fucking God.","O, my fucking God.","O, my fucking God.",Anger,surprise,surprise,surprise
"00:11:33,000","00:11:35,000","O, wat is dit? Gaaf.","O, wat is dit? Gaaf.","Oh, what is this? Great.",Happiness,surprise,surprise,surprise
"00:11:42,000","00:11:46,000",Maar ik moet toch niet alleen zijn? Dat wil ik niet.,Maar ik moet toch niet alleen zijn? Dat wil ik niet.,"But I shouldn't be alone, right? I do not want that.",Fear ,fear,fear,fear
"00:11:47,000","00:11:50,000","Ah, nee. Ik kan niet alleen zijn.","Ah, nee. Ik kan niet alleen zijn.","Oh, no. I can't be alone.",Fear ,fear,fear,fear
"00:11:50,000","00:11:52,000",Ik moet toch niet alleen zijn?,Ik moet toch niet alleen zijn?,"I shouldn't be alone, right?",Sadness,fear,fear,fear
"00:11:53,000","00:11:55,000",Ik moet toch niet alleen zijn?,Ik moet toch niet alleen zijn?,"I shouldn't be alone, right?",Sadness,fear,fear,fear
"00:11:55,000","00:11:58,000","Ah, nee. Ik kan niet koken.","Ah, nee. Ik kan niet koken.","Oh, no. I can not cook.",Sadness,disappointment,sadness,sadness
"00:11:58,000","00:12:00,000","Ik ga hier alleen moeten zijn, hè.","Ik ga hier alleen moeten zijn, hè.","I'm going to have to be alone here, aren't I?",Sadness,fear,fear,fear
"00:12:02,000","00:12:06,000","O, ik ga hier alleen moeten zijn en iedereen gaat gewoon...","O, ik ga hier alleen moeten zijn en iedereen gaat gewoon...","Oh, I'm going to have to be alone here and everyone's just going to...",Sadness,fear,fear,fear
"00:12:06,000","00:12:09,000",samen zijn en ik niet.,samen zijn en ik niet.,are together and I'm not.,Sadness,sadness,sadness,sadness
"00:12:11,000","00:12:13,000","O, my God.","O, my God.","O, my God.",Neutral,surprise,surprise,surprise
"00:12:17,000","00:12:20,000",Zeven plus twee is 51.,Zeven plus twee is 51.,Seven plus two is 51.,Surprise,confusion,sadness,surprise
"00:12:20,000","00:12:23,000",Ik moet sowieso iets gaan kraken en ik ben al zo lam.,Ik moet sowieso iets gaan kraken en ik ben al zo lam.,I have to crack something anyway and I'm already so lame.,Disgust,disappointment,sadness,sadness
"00:12:23,000","00:12:24,000",Ik kan dat niet.,Ik kan dat niet.,I can not do that.,Sadness,disappointment,sadness,sadness
"00:12:24,000","00:12:28,000",En dan ga ik nooit aan die andere kant van het huis kunnen zitten.,En dan ga ik nooit aan die andere kant van het huis kunnen zitten.,And then I'll never be able to sit on the other side of the house.,Sadness,disappointment,sadness,sadness
"00:12:28,000","00:12:33,000",Dan hebben die al fijn allemaal een band en moet ik als een...,Dan hebben die al fijn allemaal een band en moet ik als een...,Then they all have a nice bond and I have to...,Sadness,sadness,sadness,sadness
"00:12:33,000","00:12:36,000","Biëllo. Hé, ik ben Ronnie.","Biëllo. Hé, ik ben Ronnie.","Biello. Hey, I'm Ronnie.",Neutral,neutral,neutral,neutral
"00:12:36,000","00:12:38,000",Ik ken jullie niet.,Ik ken jullie niet.,I don't know you.,Surprise,confusion,sadness,sadness
"00:12:40,000","00:12:42,000",Ik had een hint. Die mocht ik met iemand delen.,Ik had een hint. Die mocht ik met iemand delen.,I had a hint. I could share that with someone.,Surprise,curiosity,neutral,neutral
"00:12:42,000","00:12:45,000",Nu mag ik het gewoon nog roepen.,Nu mag ik het gewoon nog roepen.,Now I can just shout it.,Happiness,excitement,happiness,happiness
"00:12:45,000","00:12:47,000",Kijk diep in de ogen.,Kijk diep in de ogen.,Look deep into the eyes.,Neutral,curiosity,neutral,neutral
"00:12:48,000","00:12:50,000",Diep in de ogen.,Diep in de ogen.,Deep in the eyes.,Neutral,curiosity,neutral,neutral
"00:12:50,000","00:12:52,000","O, wacht.","O, wacht.","Oh, wait.",Surprise,surprise,surprise,surprise
"00:12:54,000","00:12:56,000",Moet ik hier iets mee?,Moet ik hier iets mee?,Should I do something about this?,Neutral,confusion,sadness,sadness
"00:12:58,000","00:13:00,000",Kom maar.,Kom maar.,come on,Neutral,neutral,neutral,neutral
"00:13:00,000","00:13:04,000","Als ik nou zo naar jou kijk, herken je mij dan?","Als ik nou zo naar jou kijk, herken je mij dan?","If I look at you like that, do you recognize me?",Surprise,curiosity,neutral,neutral
"00:13:05,000","00:13:07,000",Doet dat iets?,Doet dat iets?,Does that do anything?,Neutral,curiosity,neutral,neutral
"00:13:09,000","00:13:11,000",Ik weet het niet.,Ik weet het niet.,Don't know.,Neutral,confusion,sadness,sadness
"00:13:13,000","00:13:15,000",We gaan door naar twee nieuwe bewoners.,We gaan door naar twee nieuwe bewoners.,We move on to two new residents.,Neutral,neutral,neutral,neutral
"00:13:16,000","00:13:18,000","Ze is 19 jaar, komt uit Groningen, Nederland.","Ze is 19 jaar, komt uit Groningen, Nederland.","She is 19 years old and comes from Groningen, the Netherlands.",Neutral,neutral,neutral,neutral
"00:13:18,000","00:13:22,000",En haar grootste uitdaging is dat ze haar opa en oma zo'n tijd moet missen.,En haar grootste uitdaging is dat ze haar opa en oma zo'n tijd moet missen.,And her biggest challenge is that she has to miss her grandparents for so long.,Sadness,sadness,sadness,sadness
"00:13:22,000","00:13:25,000",Ze wil zich het liefst ombrengen met alleen maar eerlijke bewoners...,Ze wil zich het liefst ombrengen met alleen maar eerlijke bewoners...,She would prefer to kill herself with only honest residents...,Anger,desire,happiness,happiness
"00:13:25,000","00:13:28,000",en gaat daarom geen enkele confrontatie uit de weg.,en gaat daarom geen enkele confrontatie uit de weg.,and therefore does not avoid any confrontation.,Anger,determination,neutral,neutral
"00:13:28,000","00:13:30,000",Give it up for Alice.,Give it up for Alice.,Give it up for Alice.,Happiness,admiration,happiness,happiness
"00:13:34,000","00:13:36,000",Hallo.,Hallo.,Hallo.,Happiness,neutral,neutral,neutral
"00:13:36,000","00:13:37,000",Mijn huistaart. Welkom.,Mijn huistaart. Welkom.,My house cake. Welcome.,Happiness,amusement,happiness,happiness
"00:13:37,000","00:13:39,000","En hij komt uit Drongen, Vlaanderen.","En hij komt uit Drongen, Vlaanderen.","And he comes from Drongen, Flanders.",Surprise,neutral,neutral,neutral
"00:13:40,000","00:13:43,000","Is 23 jaar, besloot ooit het roer totaal om te gooien...","Is 23 jaar, besloot ooit het roer totaal om te gooien...","Is 23 years old, once decided to completely change course...",Neutral,admiration,happiness,happiness
"00:13:43,000","00:13:46,000",en viel daarmee maar liefst 40 kilo af.,en viel daarmee maar liefst 40 kilo af.,and lost no less than 40 kilos.,Happiness,admiration,happiness,happiness
"00:13:46,000","00:13:49,000","Hij heeft een aantal tatoeages, waaronder één met de tekst...","Hij heeft een aantal tatoeages, waaronder één met de tekst...","He has a number of tattoos, including one that reads...",Neutral,curiosity,neutral,neutral
"00:58:51,000","00:58:53,000",en continu een lead-in krijgen.,en continu een lead-in krijgen.,and continuously get a lead-in.,neutral,determination,neutral,neutral
"00:58:53,000","00:58:56,000",Stapelen om zekerheid te krijgen waar ze kunnen zitten.,Stapelen om zekerheid te krijgen waar ze kunnen zitten.,Stacking to ensure where they can sit.,neutral,determination,neutral,neutral
"00:58:58,000","00:59:00,000",We moeten gewoon doorgaan.,We moeten gewoon doorgaan.,We just have to keep going.,neutral,determination,neutral,neutral
"00:00:00,000","00:00:10,000",??,??,,neutral,,neutral,neutral
"00:00:10,000","00:00:20,000",??,??,,neutral,,neutral,neutral
"00:00:20,000","00:00:28,000",??,??,,neutral,,neutral,neutral
"00:00:28,000","00:00:30,000",Whoa.,Whoa.,Whoa.,surprise,surprise,surprise,surprise
"00:00:30,000","00:00:32,000",Ah!,Ah!,Ah!,surprise,surprise,surprise,surprise
"00:00:32,000","00:00:35,000",??,??,,neutral,,neutral,neutral
"00:00:35,000","00:00:37,000",Ah!,Ah!,Ah!,surprise,surprise,surprise,surprise
"00:00:37,000","00:00:40,000","Oh, my God.","Oh, my God.","Oh, my God.",surprise,surprise,surprise,surprise
"00:00:40,000","00:00:45,000",??,??,,neutral,,neutral,neutral
"00:00:45,000","00:00:48,000","Oh, die keuken is zo mooi.","Oh, die keuken is zo mooi.","Oh, that kitchen is so beautiful.",happiness,admiration,happiness,happiness
"00:00:49,000","00:00:52,000","Ah, ik moet hier eens kijken.","Ah, ik moet hier eens kijken.","Ah, I have to check this out.",surprise,curiosity,neutral,neutral
"00:00:52,000","00:00:54,000","Oh, jee.","Oh, jee.","Oh, dear.",disgust,surprise,surprise,surprise
"00:00:54,000","00:00:57,000",Ik kan dat niet iedere dag kwark eten.,Ik kan niet iedere dag kwark eten.,I can't eat cottage cheese every day.,disgust,disgust,disgust,disgust
"00:00:57,000","00:01:01,000",Waar is het kebab? Waar zijn de frietjes?,Waar is de kebab? Waar zijn de frietjes?,Where's the kebab? Where are the fries?,anger,desire,happiness,anger
"00:01:01,000","00:01:04,000",Waar zijn de lekkere broodjes?,Waar zijn de lekkere broodjes?,Where are the tasty sandwiches?,anger,desire,happiness,anger
"00:01:05,000","00:01:07,000",Er is gewoon niks.,Er is gewoon niets.,There's just nothing.,neutral,disappointment,sadness,sadness
"00:01:08,000","00:01:10,000",Gaan we verder kijken?,Gaan we verder kijken?,Shall we look further?,neutral,curiosity,neutral,neutral
"00:01:10,000","00:01:13,000","Oh, ik ben zo enthousiast.","Oh, ik ben zo enthousiast.","Oh, I'm so excited.",happiness,excitement,happiness,happiness
"00:01:13,000","00:01:16,000","Oh, my God, de dagboekkamer.","Oh, mijn God, de dagboekkamer.","Oh, my God, the diary room.",surprise,surprise,surprise,surprise
"00:01:18,000","00:01:20,000","Ah, what the fuck?","Ah, what the fuck?","Ah, what the fuck?",anger,confusion,sadness,surprise
"00:01:20,000","00:01:22,000",Wat is dat hier?,Wat is dat hier?,What is that here?,surprise,curiosity,neutral,surprise
"00:01:22,000","00:01:24,000",Ah.,Ah.,Ah.,neutral,neutral,neutral,neutral
"00:01:24,000","00:01:26,000","Dat gaat belangrijk zijn, dit.",Dit gaat belangrijk zijn.,This is going to be important.,neutral,realization,surprise,neutral
"00:01:26,000","00:01:29,000",En er staat bij afblijven.,En er staat 'afblijven' bij.,And it says 'keep your hands off'.,neutral,surprise,surprise,neutral
"00:01:31,000","00:01:34,000","O, ik wil de slaapkamer zien.","Oh, ik wil de slaapkamer zien.","Oh, I want to see the bedroom.",happiness,desire,happiness,neutral
"00:01:39,000","00:01:41,000",Hier staat het gaat.,Hier staat het geld.,This is where the money is.,neutral,realization,surprise,neutral
"00:01:42,000","00:01:44,000",Honderdduizend.,Honderdduizend.,Hundred thousand.,neutral,surprise,surprise,neutral
"00:01:44,000","00:01:46,000",Oké.,Oké.,Okay.,neutral,neutral,neutral,neutral
"00:01:46,000","00:01:48,000",Hmm.,Hmm.,Hmm.,neutral,neutral,neutral,neutral
"00:01:48,000","00:01:50,000","Daar mag niks van afgaan, hè.","Daar mag niets van afgaan, hè.","Nothing should detract from that, right?",neutral,approval,happiness,neutral
"00:01:50,000","00:01:53,000","Hier gaan we dus allemaal eten, of wat?","Hier gaan we dus allemaal eten, of wat?","So this is where we're all going to eat, or what?",neutral,curiosity,neutral,neutral
"00:01:53,000","00:01:54,000",Ja.,Ja.,Yes.,neutral,neutral,neutral,neutral
"00:01:54,000","00:01:56,000","Drie, twee, één.","Drie, twee, één.",Three two one.,neutral,anticipation,happiness,neutral
"00:01:56,000","00:01:57,000",Oh.,Oh.,Oh.,neutral,surprise,surprise,surprise
"00:01:57,000","00:01:58,000",Oh.,Oh.,Oh.,neutral,surprise,surprise,surprise
"00:02:02,000","00:02:05,000",Ik kan. Ik kan.,Ik kan. Ik kan.,I can. I can.,neutral,optimism,happiness,neutral
"00:02:05,000","00:02:06,000","Oh, my God.","Oh, my God.","Oh, my God.",neutral,surprise,surprise,surprise
"00:02:06,000","00:02:08,000",Schot me dood.,Schiet me dood.,Shoot me.,neutral,nervousness,fear,neutral
"00:02:08,000","00:02:10,000",It's happening.,Het gebeurt.,It happens.,neutral,acceptance,neutral,neutral
"00:02:11,000","00:02:12,000",Oh.,Oh.,Oh.,neutral,surprise,surprise,neutral
"00:02:13,000","00:02:14,000",Oh.,Oh.,Oh.,neutral,surprise,surprise,neutral
"00:48:43,000","00:48:44,000",Ik heb je koffer ingedacht.,Ik heb je koffer meegenomen.,I brought your suitcase.,neutral,neutral,neutral,neutral
"00:48:44,000","00:48:45,000",Ja?,Ja?,And?,neutral,curiosity,neutral,neutral
"00:48:45,000","00:48:46,000",Je hebt de koffer al aan staan.,Je hebt de koffer al bij je.,You already have the suitcase with you.,neutral,realization,surprise,neutral
"00:48:46,000","00:48:50,000","Ja, ik weet niet of jij het al weet, maar wij gaan dus in duos werken.","Ja, ik weet niet of jij het al weet, maar wij gaan dus in duo's werken.","Yes, I don't know if you know this yet, but we are going to work in pairs.",neutral,nervousness,fear,neutral
"00:48:50,000","00:48:53,000",En de kleur die je hebt...,En de kleur die je hebt...,And the color you have...,neutral,curiosity,neutral,neutral
"00:48:53,000","00:48:55,000","En ja, wij zijn dus een duo.","En ja, wij zijn dus een duo.","And yes, we are a duo.",neutral,approval,happiness,neutral
"00:48:56,000","00:48:59,000","Ja, verder weet ik ook niet veel.","Ja, verder weet ik ook niet veel.","Yeah, I don't know much else either.",neutral,confusion,sadness,neutral
"00:48:59,000","00:49:02,000","Ik vind het nu dus wel weer spannend, dat je wordt gekoppeld naar iemand.","Ik vind het nu dus wel weer spannend, dat je wordt gekoppeld aan iemand.",So now I find it exciting again that you are being linked to someone.,happiness,excitement,happiness,happiness
"00:49:02,000","00:49:03,000","Ik ook, vind ik eng.","Ik ook, vind ik eng.","Me too, I find it scary.",fear,fear,fear,fear
"00:49:03,000","00:49:04,000",Dan is het in één keer weer spannend.,Dan is het in één keer weer spannend.,Then it's exciting again all at once.,happiness,excitement,happiness,happiness
"00:49:04,000","00:49:07,000",Maar dat is jouw onwetendheid.,Maar dat is jouw onwetendheid.,But that's your ignorance.,anger,disapproval,disgust,anger
"00:49:07,000","00:49:10,000","Is dat dan ook als je genomineerd wordt, dat je met twee dan echt gewoon...","Is het dan ook zo dat als je wordt genomineerd, je dan echt met z'n tweeën bent...","Is it true that if you are nominated, there are really two of you...",neutral,curiosity,neutral,neutral
"00:49:11,000","00:49:13,000","Ik denk dat je wel met z'n tweeën moet stemmen, bijvoorbeeld.","Ik denk dat je wel met z'n tweeën moet stemmen, bijvoorbeeld.","I think you have to vote in pairs, for example.",neutral,neutral,neutral,neutral
"00:49:13,000","00:49:14,000",Dus dat je niet meer individueel bent.,Dus dat je niet meer individueel bent.,So that you are no longer individual.,neutral,realization,surprise,neutral
"00:49:15,000","00:49:16,000",Maar het is niet dat je met een duo genomineerd wordt.,Maar het is niet zo dat je met een duo wordt genomineerd.,But it is not the case that you are nominated with a duo.,neutral,clarification,neutral,neutral
"00:49:17,000","00:49:18,000",En dat gaat om die twee nominaties.,En het gaat om die twee nominaties.,And it's about those two nominations.,neutral,neutral,neutral,neutral
"00:49:18,000","00:49:20,000",Eén van die twee van die duo gaat weg.,Eén van die twee van dat duo gaat weg.,One of those two from that duo is leaving.,neutral,sadness,sadness,neutral
"00:49:20,000","00:49:22,000","Ja, één van die duos gaat weg.","Ja, één van die duo's gaat weg.","Yes, one of those duos is leaving.",neutral,sadness,sadness,neutral
"00:49:22,000","00:49:23,000",Dat is vervelend.,Dat is vervelend.,That's annoying.,anger,annoyance,anger,anger
"00:49:23,000","00:49:27,000","Als jij dus een duo hebt, die bijvoorbeeld niet goed in een groep valt...","Als jij dus een duo hebt, dat bijvoorbeeld niet goed in een groep valt...","So if you have a duo that, for example, does not fit well into a group...",neutral,worry,fear,neutral
"00:49:27,000","00:49:29,000",weet jij dat jij dus ook de lul bent.,weet jij dat jij dus ook de pineut bent.,you know that you are also screwed.,anger,fear,fear,anger
"00:49:29,000","00:49:30,000","Stel je voor, geant.","Stel je voor, zeg.","Imagine that, say.",neutral,neutral,neutral,neutral
"00:49:31,000","00:49:31,000","O, jongens.","Oh, jongens.","Oh, guys.",neutral,surprise,surprise,neutral
"00:49:32,000","00:49:33,000",O my god.,Oh my god.,Oh my god.,suprise,surprise,surprise,surprise
"00:49:34,000","00:49:35,000",Dit is mijne.,Dit is de mijne.,This is mine.,neutral,joy,happiness,neutral
"00:49:35,000","00:49:36,000",Ik hoop die van mij.,Ik hoop dat het die van mij is.,I hope it's mine.,neutral,hope,happiness,neutral
"00:49:36,000","00:49:38,000","Dit is mijne, dit is groen.","Dit is de mijne, dit is groen.","This is mine, this is green.",neutral,joy,happiness,neutral
"00:49:38,000","00:49:39,000","Groen, groen.","Groen, groen.","Green, green.",neutral,neutral,neutral,neutral
"00:49:39,000","00:49:40,000",Oranje.,Oranje.,Orange.,neutral,neutral,neutral,neutral
"00:49:40,000","00:49:41,000",Ola.,Hola.,Hello.,neutral,neutral,neutral,neutral
"00:49:42,000","00:49:43,000",Het is blauw.,Het is blauw.,It's blue.,neutral,neutral,neutral,neutral
"00:49:43,000","00:49:44,000",Het is blauw.,Het is blauw.,It's blue.,neutral,neutral,neutral,neutral
"00:49:44,000","00:49:47,000","O, dit is mijn koffer.","Oh, dit is mijn koffer.","Oh, this is my suitcase.",suprise,joy,happiness,surprise
"00:49:47,000","00:49:51,000","Nou, ik heb jouw koffer meegenomen, dus.","Nou, ik heb jouw koffer meegenomen, dus.","Well, I brought your suitcase, so.",anger,caring,happiness,neutral
"00:49:51,000","00:49:54,000","Ashley, de dame met de blauwe pin, heet Ariana.","Ashley, de dame met de blauwe pin, heet Ariana.","Ashley, the lady with the blue pin, is called Ariana.",neutral,neutral,neutral,neutral
"00:49:54,000","00:49:55,000","Hi, Ariana.","Hi, Ariana.","Hi, Ariana.",neutral,neutral,neutral,neutral
"00:49:55,000","00:49:56,000",En daar vond jij een duo mee.,En daar vorm je een duo mee.,And you form a duo with that.,neutral,neutral,neutral,neutral
"00:49:56,000","00:49:57,000",Dat was goed.,Dat was goed.,That was good.,happiness,approval,happiness,happiness
"00:49:57,000","00:49:59,000",Jullie eerste kennismaking vindt plaats.,Jullie eerste kennismaking vindt plaats.,Your first meeting takes place.,neutral,neutral,neutral,neutral
"00:50:00,000","00:50:02,000",in de blauwe slaapkamer.,in de blauwe slaapkamer.,in the blue bedroom.,neutral,neutral,neutral,neutral
"00:50:02,000","00:50:04,000","Het ziet er mooi uit, hè?","Het ziet er mooi uit, hè?","It looks nice, huh?",happiness,approval,happiness,happiness
"00:50:04,000","00:50:05,000","Jij niet minder, hoor.","Jij niet minder, hoor.",You no less.,anger,approval,happiness,happiness
"00:50:06,000","00:50:08,000",Dus wij zijn duo's vanaf nu.,Dus wij zijn duo's vanaf nu.,So we're duos from now on.,neutral,realization,surprise,neutral
"00:15:46,000","00:15:48,000",Maar jij kan geen hint kopen.,Maar jij kan geen hint kopen.,But you can't buy a hint.,neutral,disappointment,sadness,neutral
"00:15:48,000","00:15:52,000","Ellis, nog even een laatste handkus naar opa en oma...","Ellis, nog even een laatste handkus naar opa en oma...","Ellis, one last kiss on the hand to grandpa and grandma...",neutral,caring,happiness,neutral
"00:15:52,000","00:15:54,000",want die gaan jullie hopelijk heel lang niet zien.,want die gaan jullie hopelijk heel lang niet zien.,because hopefully you won't see them for a long time.,neutral,sadness,sadness,neutral
"00:15:54,000","00:15:57,000",Wij wensen jullie uiteraard heel veel succes in het Big Brother Huis.,Wij wensen jullie uiteraard heel veel succes in het Big Brother Huis.,We wish you the best of luck in the Big Brother House.,neutral,optimism,happiness,neutral
"00:15:57,000","00:16:00,000","Jullie mogen via de draaideur naar binnen, want jullie avontuur begint.","Jullie mogen via de draaideur naar binnen, want jullie avontuur begint.","You can enter through the revolving door, because your adventure begins.",happiness,excitement,happiness,happiness
"00:16:00,000","00:16:03,000",Geef haar nog een applaus. Ellis.,Geef haar nog een applaus. Ellis.,Give her another round of applause. Ellis.,neutral,admiration,happiness,happiness
"00:16:11,000","00:16:13,000",Geef een applaus voor Basiri.,Geef een applaus voor Basiri.,Give a round of applause for Basiri.,neutral,admiration,happiness,happiness
"00:16:14,000","00:16:15,000",Doei.,Doei.,Bye.,neutral,neutral,neutral,neutral
"00:16:33,000","00:16:34,000",Ik ga om.,Ik ga om.,I'm going around.,neutral,neutral,neutral,neutral
"00:16:34,000","00:16:36,000",Ben je alleen?,Ben je alleen?,Are you alone?,neutral,curiosity,neutral,neutral
"00:16:36,000","00:16:39,000",Hoe? Ben jij met haar koffer? Ben jij haar chauffeur?,Hoe? Ben jij met haar koffer? Ben jij haar chauffeur?,How? Are you with her suitcase? Are you her driver?,surprise,confusion,sadness,surprise
"00:16:40,000","00:16:42,000","Nee, ik heb mijn koffer niet. Ik ook niet.","Nee, ik heb mijn koffer niet. Ik ook niet.","No, I don't have my suitcase. Me neither.",neutral,disappointment,sadness,neutral
"00:16:42,000","00:16:44,000",Ik wel. Is die koffer niet gegeven?,Ik wel. Is die koffer niet gegeven?,I do. Wasn't that suitcase given?,neutral,confusion,sadness,neutral
"00:16:44,000","00:16:45,000","Nee, hi. Aangenaam. Hoi, Ellis.","Nee, hi. Aangenaam. Hoi, Ellis.","No, hi. Nice to meet you. Hi, Ellis.",happiness,joy,happiness,happiness
"00:16:45,000","00:16:48,000",Esli. Ellis? Esli.,Esli. Ellis? Esli.,Esli. Ellis? Esli.,neutral,confusion,sadness,neutral
"00:16:48,000","00:16:50,000","Basiri. Sorry, hoe? Basiri.","Basiri. Sorry, hoe? Basiri.","Basir. Sorry, what? Basir.",surprise,confusion,sadness,surprise
"00:16:50,000","00:16:51,000","Basiri? Basiri, yes.","Basiri? Basiri, yes.","Basir? Basir, yes.",neutral,realization,surprise,surprise
"00:16:52,000","00:16:53,000",Of Bosiri? Basiri.,Of Bosiri? Basiri.,Of Bosiri? Basir.,neutral,confusion,sadness,neutral
"00:16:53,000","00:16:55,000",Basiri. Ik heb het hele huis al gezien.,Basiri. Ik heb het hele huis al gezien.,Basiri. I've already seen the whole house.,neutral,excitement,happiness,neutral
"00:16:55,000","00:16:57,000",Het is echt supermooi.,Het is echt supermooi.,It's really beautiful.,happiness,admiration,happiness,happiness
"00:16:57,000","00:16:59,000","Het is echt fucking mooi, maat.","Het is echt fucking mooi, maat.","It's really fucking beautiful, bro.",happiness,admiration,happiness,happiness
"00:16:59,000","00:17:02,000","Wauw, maar echt. Oké, laten we kijken.","Wauw, maar echt. Oké, laten we kijken.","Wow, but real. Okay, let's see.",surprise,excitement,happiness,surprise
"00:17:02,000","00:17:04,000","Hé, wat is dit?","Hé, wat is dit?","Hey, what is this?",neutral,curiosity,neutral,neutral
"00:17:04,000","00:17:08,000","Ja, de vraag was of ik een hint wilde voor twee coins.","Ja, de vraag was of ik een hint wilde voor twee coins.","Yes, the question was whether I wanted a hint for two coins.",neutral,neutral,neutral,neutral
"00:17:08,000","00:17:09,000","Ik zei ja, doe maar.","Ik zei ja, doe maar.","I said yes, go ahead.",neutral,neutral,neutral,neutral
"00:17:09,000","00:17:12,000",En dat zit dus hier in die hint die ik heb gekregen.,En dat zit dus hier in die hint die ik heb gekregen.,And that's what the hint I got is here.,neutral,neutral,neutral,neutral
"00:17:12,000","00:17:14,000",En mag je het delen of niet?,En mag je het delen of niet?,And can you share it or not?,neutral,curiosity,neutral,neutral
"00:17:14,000","00:17:16,000",Weet ik niet. Doet ze gewoon.,Weet ik niet. Doet ze gewoon.,I do not know. She just does it.,neutral,confusion,sadness,neutral
"00:17:16,000","00:17:19,000","Ja, wil je het delen? Dat is de vraag.","Ja, wil je het delen? Dat is de vraag.","Yes, do you want to share it? That is the question.",neutral,curiosity,neutral,neutral
"00:17:19,000","00:17:22,000",Ik denk dat ik het niet deel. Nee?,Ik denk dat ik het niet deel. Nee?,I guess I don't share it. No?,neutral,neutral,neutral,neutral
"00:17:22,000","00:17:24,000",Ik weet echt gewoon helemaal niks.,Ik weet echt gewoon helemaal niks.,I really just don't know anything.,neutral,confusion,sadness,
"00:17:24,000","00:17:26,000",Ik kan hier op dit moment nu helemaal niks mee.,Ik kan hier op dit moment nu helemaal niks mee.,I can't do anything with this at the moment.,sadness,disappointment,sadness,sadness
"00:17:26,000","00:17:28,000",Dat is het enige.,Dat is het enige.,That's the only thing.,neutral,neutral,neutral,neutral
"00:17:33,000","00:17:36,000","Oh, iedereen gaat een band opbouwen en ik zit hier.","Oh, iedereen gaat een band opbouwen en ik zit hier.","Oh, everyone's going to bond and I'm sitting here.",sadness,sadness,sadness,sadness
"00:17:39,000","00:17:41,000",Waarom ik?,Waarom ik?,Why me?,sadness,confusion,sadness,sadness
"00:17:42,000","00:17:46,000","Het is toch wel raar, hoor, dat juist jij je koffer meemag.","Het is toch wel raar, hoor, dat juist jij je koffer meemag.","It's strange, you know, that you can take your suitcase with you.",surprise,confusion,sadness,surprise
"00:17:46,000","00:17:49,000","Ja, dat vind ik ook wel heel raar.","Ja, dat vind ik ook wel heel raar.","Yes, I find that very strange too.",surprise,confusion,sadness,surprise
"00:17:49,000","00:17:51,000",Het is ook kut dat jij geen coins hebt.,Het is ook kut dat jij geen coins hebt.,It also sucks that you don't have any coins.,sadness,disappointment,sadness,sadness
"00:17:51,000","00:17:55,000",Ik heb coins. Ik heb ook coins gekregen samen met haar.,Ik heb coins. Ik heb ook coins gekregen samen met haar.,I have coins. I also got coins together with her.,neutral,neutral,neutral,neutral
"00:17:55,000","00:17:56,000",Ik heb ook vijf coins gekregen.,Ik heb ook vijf coins gekregen.,I also got five coins.,neutral,neutral,neutral,neutral
"00:17:56,000","00:17:58,000",Dat is gewoon dit hele mindfuck.,Dat is gewoon dit hele mindfuck.,That's just this whole mind fuck.,anger,confusion,sadness,anger
"00:17:58,000","00:18:02,000","Ja, en zij moest er dan twee afgeven voor de tip.","Ja, en zij moest er dan twee afgeven voor de tip.","Yes, and she had to give up two for the tip.",anger,disappointment,sadness,anger
"00:18:10,000","00:18:12,000",Wij moeten door naar de volgende bewoner.,Wij moeten door naar de volgende bewoner.,We have to move on to the next resident.,neutral,neutral,neutral,neutral
"00:18:12,000","00:18:15,000","26 jaar, hij komt uit Alkmaar-Nederland...","26 jaar, hij komt uit Alkmaar-Nederland...","26 years old, he comes from Alkmaar-Netherlands...",neutral,neutral,neutral,neutral
"00:33:15,000","00:33:17,000",Oké.,Oké.,Okay.,Neutral,neutral,neutral,neutral
"00:33:17,000","00:33:19,000","Nee, we weten niks, dus...","Nee, we weten niks, dus...","No, we don't know anything, so...",Anger,confusion,sadness,sadness
"00:33:19,000","00:33:22,000",Daar kunnen we ook niet zoveel vertellen over.,Daar kunnen we ook niet zoveel vertellen over.,We can't say much about that either.,Neutral,confusion,sadness,sadness
"00:33:22,000","00:33:23,000","Ja, duidelijk.","Ja, duidelijk.","Yes, clearly.",Neutral,realization,surprise,surprise
"00:33:27,000","00:33:29,000",Oké.,Oké.,Okay.,Neutral,neutral,neutral,neutral
"00:33:32,000","00:33:34,000","Ben je klaar? Ik ben klaar, Thijs.","Ben je klaar? Ik ben klaar, Thijs.","Are you ready? I'm done, Thijs.",Neutral,relief,happiness,happiness
"00:33:34,000","00:33:35,000","Oké, goed. Bedankt voor je tijd.","Oké, goed. Bedankt voor je tijd.","Okay, good. Thank you for your time.",Happiness,gratitude,happiness,happiness
"00:33:36,000","00:33:38,000",Dank je wel voor je medewerking.,Dank je wel voor je medewerking.,Thank you for your cooperation.,Happiness,gratitude,happiness,happiness
"00:33:38,000","00:33:39,000",Succes.,Succes.,Succes.,Neutral,optimism,happiness,happiness
"00:33:39,000","00:33:40,000",Tot ziens.,Tot ziens.,Bye.,Neutral,neutral,neutral,neutral
"00:33:40,000","00:33:44,000",De telefoon van Milanne heeft een reeks namen opgeleverd van personen...,De telefoon van Milanne heeft een reeks namen opgeleverd van personen...,Milanne's phone has yielded a series of names of people...,Neutral,realization,surprise,surprise
"00:33:44,000","00:33:47,000",die te maken lijken te hebben met de vlucht van Romy en Kelly.,die te maken lijken te hebben met de vlucht van Romy en Kelly.,that seem to be related to the flight of Romy and Kelly.,Neutral,curiosity,neutral,neutral
"00:33:47,000","00:33:50,000",Ze worden meteen onder de tap gezet.,Ze worden meteen onder de tap gezet.,They are immediately put under tap.,Neutral,approval,happiness,neutral
"00:33:50,000","00:33:52,000",Terwijl Team 3 zich opmaakt om door te pakken...,Terwijl Team 3 zich opmaakt om door te pakken...,As Team 3 prepares to take action...,Neutral,excitement,happiness,neutral
"00:33:52,000","00:33:57,000","op de meest opvallende persoon uit deze appgroep, de vader van Kelly.","op de meest opvallende persoon uit deze appgroep, de vader van Kelly.","on the most notable person in this app group, Kelly's father.",Neutral,curiosity,neutral,neutral
"00:33:57,000","00:33:59,000","Hé, Thijs.","Hé, Thijs.","Hey, Thijs.",Neutral,neutral,neutral,neutral
"00:33:59,000","00:34:02,000","We hebben hoop uitgezet. Hé, die QR is geweldig.","We hebben hoop uitgezet. Hé, die QR is geweldig.","We put out hope. Hey, that QR is great.",Happiness,optimism,happiness,happiness
"00:34:02,000","00:34:06,000",Het is een groepsappje. Het heet Huntert Info.,Het is een groepsappje. Het heet Huntert Info.,It's a group text. It's called Huntert Info.,Neutral,neutral,neutral,neutral
"00:34:06,000","00:34:10,000",En hij heeft een hele groep samengesteld met wie ze als contact erin wil betrekken.,En hij heeft een hele groep samengesteld met wie ze als contact erin wil betrekken.,And he's put together a whole group of people she wants to involve as contacts.,Neutral,realization,surprise,surprise
"00:34:10,000","00:34:11,000",En die vader zegt dan...,En die vader zegt dan...,And that father then says...,Neutral,curiosity,neutral,neutral
"00:34:11,000","00:34:15,000","Van, moet deze groepsapp niet verwijderd worden?","Van, moet deze groepsapp niet verwijderd worden?","From, shouldn't this group app be deleted?",Neutral,confusion,sadness,sadness
"00:34:15,000","00:34:19,000",Wij kunnen nu op vergassingsbezoek naar de ouders een straatje potmaken...,Wij kunnen nu op vergassingsbezoek naar de ouders een straatje potmaken...,We can now visit the parents and make a street of pottery...,Neutral,approval,happiness,happiness
"00:34:19,000","00:34:20,000",en vragen of ze tijd hebben.,en vragen of ze tijd hebben.,and ask if they have time.,Neutral,neutral,neutral,neutral
"00:34:20,000","00:34:25,000","Ja, ik zie het zelf. Als jullie er zijn, gaan we gewoon toestemming QR regelen.","Ja, ik zie het zelf. Als jullie er zijn, gaan we gewoon toestemming QR regelen.","Yes, I see it myself. When you are there, we will simply arrange QR permission.",Neutral,approval,happiness,happiness
"00:34:25,000","00:34:27,000","Ja, zeker. Oké.","Ja, zeker. Oké.",Of course. Okay.,Neutral,approval,happiness,happiness
"00:34:27,000","00:34:30,000","Ja. O, je bent echt een held.","Ja. O, je bent echt een held.","Yes. Oh, you really are a hero.",Anger,admiration,happiness,happiness
"00:34:31,000","00:34:35,000","Oké, jullie weten ook niet waar we zijn, dus dat is een goed teken.","Oké, jullie weten ook niet waar we zijn, dus dat is een goed teken.","Okay, you guys don't know where we are either, so that's a good sign.",Fear,relief,happiness,happiness
"00:34:35,000","00:34:37,000",Ergens in de naam. Heel veel succes.,Ergens in de naam. Heel veel succes.,Somewhere in the name. Goodluck.,Neutral,optimism,happiness,happiness
"00:34:37,000","00:34:39,000",Dank je wel. Doei.,Dank je wel. Doei.,Thank you. Bye.,Neutral,gratitude,happiness,happiness
"00:34:50,000","00:34:53,000",In Rotterdam krijgen Bishan en Shiva hulp van Wiebe.,In Rotterdam krijgen Bishan en Shiva hulp van Wiebe.,"In Rotterdam, Bishan and Shiva receive help from Wiebe.",Neutral,gratitude,happiness,happiness
"00:34:53,000","00:34:56,000",Hij woont op negen minuten lopen van het centraal station.,Hij woont op negen minuten lopen van het centraal station.,He lives a nine-minute walk from the central station.,Neutral,neutral,neutral,neutral
"00:34:56,000","00:35:00,000",En hij haalt voor het voortvluchtige duo twee treinkaartjes naar Breda.,En hij haalt voor het voortvluchtige duo twee treinkaartjes naar Breda.,And he gets two train tickets to Breda for the fugitive duo.,Neutral,gratitude,happiness,neutral
"00:35:00,000","00:35:04,000",De mannen zelf wachten nagelbijtend op zijn terugkeer.,De mannen zelf wachten nagelbijtend op zijn terugkeer.,The men themselves wait with bated breath for his return.,Neutral,nervousness,fear,happiness
"00:35:11,000","00:35:13,000",Kat.,Kat.,Kat.,Neutral,neutral,neutral,neutral
"00:35:19,000","00:35:21,000",Komt iemand daar? Ik zie iemand lopen.,Komt iemand daar? Ik zie iemand lopen.,Is anyone coming there? I see someone walking.,Neutral,nervousness,fear,surprise
"00:35:21,000","00:35:23,000",Daar. Ja? Ja.,Daar. Ja? Ja.,Over there. Yes? Yes.,Neutral,nervousness,fear,neutral
"00:35:23,000","00:35:27,000",Wie dan? Weet ik niet. Ik zag ongeveer de luxe vleugel.,Wie dan? Weet ik niet. Ik zag ongeveer de luxe vleugel.,Who then? I do not know. I saw about the deluxe wing.,Neutral,confusion,sadness,sadness
"00:35:27,000","00:35:31,000","Kunnen we hier weg? Pas op, man.","Kunnen we hier weg? Pas op, man.","Can we get out of here? Be careful, man.",Neutral,fear,fear,fear
"00:35:31,000","00:35:33,000","Het is wel leuk, hoor. Is het gelukt?","Het is wel leuk, hoor. Is het gelukt?","It's fun, you know. Did it work?",Neutral,curiosity,neutral,neutral
"00:35:33,000","00:35:35,000","O, super. O, je bent een held.","O, super. O, je bent een held.","Oh, great. Oh, you're a hero.",Happiness,admiration,happiness,happiness
"00:35:35,000","00:35:38,000","O, super. Top. Super. Super, bedankt.","O, super. Top. Super. Super, bedankt.","Oh, great. Top. Super. Super thanks.",Happiness,joy,happiness,happiness
"00:35:38,000","00:35:40,000",Zorg echt dat je via het tunneltje daar gaat.,Zorg echt dat je via het tunneltje daar gaat.,Make sure you go through the tunnel there.,Neutral,neutral,neutral,neutral
"00:35:40,000","00:35:42,000",Er staan nog best wel veel huiskamera's.,Er staan nog best wel veel huiskamera's.,There are still quite a few living room cameras.,Neutral,nervousness,fear,neutral
"00:35:42,000","00:35:46,000","Dus als je via die kant gaat, dan kan je naar de andere kant.","Dus als je via die kant gaat, dan kan je naar de andere kant.","So if you go through that side, you can go to the other side.",Neutral,neutral,neutral,neutral
"00:14:14,000","00:14:18,000","Als we dan meteen pinnen, dan maakt het niet uit.","Als we dan meteen pinnen, dan maakt het niet uit.","If we withdraw immediately, it doesn't matter.",neutral,neutral,neutral,neutral
"00:14:21,000","00:14:23,000","HQ met spoed, team 1, Michael en Bo.","HQ met spoed, team 1, Michael en Bo.","HQ urgent, team 1, Michael and Bo.",fear,urgency,fear,fear
"00:14:23,000","00:14:25,000","Hier Martijn, HQ, geef bericht.","Hier Martijn, HQ, geef bericht.","This is Martijn, HQ, please report.",neutral,curiosity,neutral,neutral
"00:14:25,000","00:14:28,000",Ondertussen heeft Hunter Team 1 bij de startlocatie een ooggetuige gevonden.,Ondertussen heeft Hunter Team 1 bij de startlocatie een ooggetuige gevonden.,"Meanwhile, Hunter Team 1 has located an eyewitness at the starting location.",neutral,realization,surprise,surprise
"00:14:28,000","00:14:32,000","Bo heeft iemand gevonden die gezien heeft waar ze uit zijn gestapt, jongens.","Bo heeft iemand gevonden die gezien heeft waar ze uit zijn gestapt, jongens.","Bo found someone who saw where they got out, guys.",neutral,excitement,happiness,surprise
"00:14:32,000","00:14:34,000",Waar is die container naartoe gegaan?,Waar is die container naartoe gegaan?,Where did that container go?,surprise,confusion,sadness,surprise
"00:14:34,000","00:14:36,000",Want die staat hier nu.,Want die staat hier nu.,Because it is here now.,neutral,realization,surprise,surprise
"00:14:37,000","00:14:39,000",Hij is niet naar links gegaan.,Hij is niet naar links gegaan.,He didn't go left.,neutral,realization,surprise,neutral
"00:14:39,000","00:14:43,000","Hij is ook niet door de Maaswindel gegaan, want daar was hij te hoog voor.","Hij is ook niet door de Maaswindel gegaan, want daar was hij te hoog voor.","He also did not go through the Maaswindel, because he was too high for that.",neutral,realization,surprise,neutral
"00:14:43,000","00:14:46,000",Dus hij is sowieso richting vasteland gegaan. Andere mogelijkheid is er niet.,Dus hij is sowieso richting vasteland gegaan. Andere mogelijkheid is er niet.,So he went to the mainland anyway. There is no other option.,neutral,realization,surprise,neutral
"00:14:46,000","00:14:48,000",Het moet toch echt een grapje zijn?,Het moet toch echt een grapje zijn?,"It really has to be a joke, right?",fear,disbelief,anger,anger
"00:14:49,000","00:14:52,000",We moeten in ieder geval erachter komen waar die container nu is.,We moeten in ieder geval erachter komen waar die container nu is.,"In any case, we need to find out where that container is now.",neutral,determination,neutral,neutral
"00:14:52,000","00:14:54,000",Volgens mij ligt dat ding nog vol met spullen.,Volgens mij ligt dat ding nog vol met spullen.,I think that thing is still full of stuff.,neutral,curiosity,neutral,neutral
"00:14:54,000","00:14:57,000",We weten waar die vrachtwagen thuishoort. Die heeft waarschijnlijk die container vervoerd.,We weten waar die vrachtwagen thuishoort. Die heeft waarschijnlijk die container vervoerd.,We know where that truck belongs. It probably transported that container.,neutral,realization,surprise,surprise
"00:14:57,000","00:15:00,000",Er moet een team heen. Iemand moet in die container gaan zoeken...,Er moet een team heen. Iemand moet in die container gaan zoeken...,A team has to go. Someone needs to look in that container...,neutral,determination,neutral,neutral
"00:15:00,000","00:15:02,000",en een verklaring opnemen van die bestuurder.,en een verklaring opnemen van die bestuurder.,and record a statement from that driver.,neutral,determination,neutral,neutral
"00:15:02,000","00:15:04,000","God, hoe kan dit zo moeilijk zijn?","God, hoe kan dit zo moeilijk zijn?","God, how can this be so hard?",anger,frustration,anger,anger
"00:15:04,000","00:15:06,000","We lopen nu echt het centrum in, joh.","We lopen nu echt het centrum in, joh.","We're really walking into the center now, dude.",neutral,realization,surprise,surprise
"00:15:06,000","00:15:09,000",Luister dan. Het is een verplande campagne. Blijf eens heel staan.,Luister dan. Het is een verplande campagne. Blijf eens heel staan.,Then listen. It's a planned campaign. Stand still.,anger,determination,neutral,anger
"00:15:09,000","00:15:13,000",Zeg het maar. We lopen nu echt achterlijk rond.,Zeg het maar. We lopen nu echt achterlijk rond.,Just tell me. We're really walking around backwards now.,anger,confusion,sadness,surprise
"00:15:13,000","00:15:16,000",Of we gaan ons nu schuilen. We pakken de telefoon en bellen de winkel.,Of we gaan ons nu schuilen. We pakken de telefoon en bellen de winkel.,Or we go into hiding now. We pick up the phone and call the store.,neutral,determination,neutral,neutral
"00:15:16,000","00:15:18,000",Ze moeten ons met de bus komen ophalen.,Ze moeten ons met de bus komen ophalen.,They have to come pick us up by bus.,neutral,desire,happiness,neutral
"00:15:18,000","00:15:22,000",Wie ook moeite hebben met het vinden van een lift zijn Aygun en Rajiv.,Wie ook moeite hebben met het vinden van een lift zijn Aygun en Rajiv.,Aygun and Rajiv are also having trouble finding a ride.,neutral,disappointment,sadness,sadness
"00:15:22,000","00:15:25,000",Ze hebben een relatie. Ze weten wat ze aan elkaar hebben.,Ze hebben een relatie. Ze weten wat ze aan elkaar hebben.,They are in a relationship. They know what they have in common.,neutral,neutral,neutral,neutral
"00:15:25,000","00:15:27,000",Winst kan ze gewoon niet ontgaan.,Winst kan ze gewoon niet ontgaan.,She simply cannot avoid winning.,neutral,admiration,happiness,happiness
"00:15:27,000","00:15:30,000",Ik denk dat het ons gaat lukken. Omdat wij heel verschillend zijn.,Ik denk dat het ons gaat lukken. Omdat wij heel verschillend zijn.,I think we will succeed. Because we are very different.,happiness,optimism,happiness,happiness
"00:15:30,000","00:15:33,000","Ik vind mezelf het brein overal achter, maar dat moet nog maar blijken.","Ik vind mezelf het brein overal achter, maar dat moet nog maar blijken.","I think I'm the brains behind everything, but that remains to be seen.",neutral,pride,happiness,happiness
"00:15:33,000","00:15:37,000","Vaak mensen die heel erg van nadenken, die zijn te paranoïda.","Vaak mensen die heel erg van nadenken, die zijn te paranoïda.",Often people who think a lot are too paranoid.,disgust,realization,surprise,disgust
"00:15:37,000","00:15:41,000",Dan heb je ook wel iemand naast je nodig die kan relativeren.,Dan heb je ook wel iemand naast je nodig die kan relativeren.,Then you also need someone next to you who can put things into perspective.,neutral,realization,surprise,neutral
"00:15:41,000","00:15:44,000",En dat is echt wel Rajiv. Mag ik u misschien wat vragen?,En dat is echt wel Rajiv. Mag ik u misschien wat vragen?,And that really is Rajiv. Can I perhaps ask you something?,neutral,admiration,happiness,happiness
"00:15:44,000","00:15:47,000",Zou ik u misschien gebruik mogen maken van uw telefoon om even te bellen?,Zou ik u misschien gebruik mogen maken van uw telefoon om even te bellen?,Could I perhaps use your telephone to make a quick call?,neutral,desire,happiness,happiness
"00:15:47,000","00:15:49,000","We zijn op de vlucht. O, echt? Ja.","We zijn op de vlucht. O, echt? Ja.",We are on the run. Oh really? Yes.,surprise,fear,fear,fear
"00:15:49,000","00:15:51,000",Om hier zo snel mogelijk weg te komen...,Om hier zo snel mogelijk weg te komen...,To get out of here as quickly as possible...,neutral,desire,happiness,fear
"00:15:51,000","00:15:54,000",besluiten ze een van hun voorafbedachte doodzondes te begaan.,besluiten ze een van hun voorafbedachte doodzondes te begaan.,they decide to commit one of their premeditated mortal sins.,anger,nervousness,fear,fear
"00:15:54,000","00:15:56,000","O, het is omdat ze opnemen.","O, het is omdat ze opnemen.","Oh, it's because they're recording.",neutral,realization,surprise,surprise
"00:15:56,000","00:16:00,000",Dingen die we echt niet moeten doen is heel veel contact met bekenden hebben.,Dingen die we echt niet moeten doen is heel veel contact met bekenden hebben.,One thing we really shouldn't do is have a lot of contact with people we know.,neutral,realization,surprise,surprise
"00:16:00,000","00:16:02,000","Nou, dat gaan we echt niet doen.","Nou, dat gaan we echt niet doen.","Well, we're really not going to do that.",neutral,determination,neutral,neutral
"00:16:02,000","00:16:04,000","O, god. Als ze nu niet opnemen...","O, god. Als ze nu niet opnemen...",Oh God. If they don't answer now...,fear,nervousness,fear,fear
"00:16:04,000","00:16:06,000","Ja, pa, met mij.","Ja, pa, met mij.","Yes, Dad, with me.",neutral,neutral,neutral,neutral
"00:16:06,000","00:16:10,000","We zijn in Rotterdam gedropt, maar je moet ze even komen ophalen.","We zijn in Rotterdam gedropt, maar je moet ze even komen ophalen.","We dropped them off in Rotterdam, but you'll have to come pick them up.",neutral,desire,happiness,neutral
"00:16:10,000","00:16:13,000","Ik heb nu zoiets van, ik laat het gewoon op me afkomen.","Ik heb nu zoiets van, ik laat het gewoon op me afkomen.","Now I'm like, I'll just let it happen.",neutral,resignation,sadness,sadness
"00:16:13,000","00:16:17,000",Maar als wij het gevoel hebben van die hunters zitten echt heel erg op onze hielen...,Maar als wij het gevoel hebben van die hunters zitten echt heel erg op onze hielen...,But if we have the feeling that those hunters are really on our heels...,fear,fear,fear,fear
"00:16:17,000","00:16:20,000",Je schiet in een bepaalde modus die je gewoon niet kent.,Je schiet in een bepaalde modus die je gewoon niet kent.,You shoot in a certain mode that you just don't know.,neutral,confusion,sadness,surprise
"00:16:20,000","00:16:22,000",Veerkade 15.,Veerkade 15.,15 of Veerkade.,neutral,neutral,neutral,neutral
"00:35:42,000","00:35:44,000",Je doet mij met rood en zon en dan heb je de eerste proef weer niet.,Je doet mij met rood en zon en dan heb je de eerste proef weer niet.,You do me with red and sun and then you don't have the first test again.,anger,annoyance,anger,anger
"00:35:44,000","00:35:47,000","Kom op, je laat je op voor de tweede en dan lig je er ook af.","Kom op, je laat je op voor de tweede en dan lig je er ook af.","Come on, you'll sign up for the second one and then you'll be out too.",neutral,disapproval,disgust,
"00:35:47,000","00:35:49,000",Dus ik ben ziek.,Dus ik ben ziek.,So I'm sick.,neutral,sadness,sadness,
"00:35:49,000","00:35:50,000",Ik ben wel heel erg blij dat wij ze bellen.,Ik ben wel heel erg blij dat wij ze bellen.,I am very happy that we called them.,happiness,joy,happiness,happiness
"00:35:51,000","00:35:52,000","Man, ik ben superblij!","Man, ik ben superblij!","Man, I'm so happy!",happiness,joy,happiness,happiness
"00:35:52,000","00:35:54,000",Dat wij vanavond niet hoeven te stemmen.,Dat wij vanavond niet hoeven te stemmen.,That we don't have to vote tonight.,neutral,relief,happiness,
"00:35:54,000","00:35:55,000","Ja, lekker man!","Ja, lekker man!","Yeah, yummy man!",happiness,joy,happiness,happiness
"00:35:55,000","00:35:57,000",GEJUICH EN GEKLAP.,GEJUICH EN GEKLAP.,CHEERING AND CLAPING.,happiness,excitement,happiness,happiness
"00:35:57,000","00:35:58,000",MUZIEK.,MUZIEK.,MUSIC.,happiness,neutral,neutral,
"00:35:59,000","00:36:06,000",Ik ben natuurlijk te afgevallen en ik ben heel bang dat het straks mijn kop gaat kosten.,Ik ben natuurlijk te afgevallen en ik ben heel bang dat het straks mijn kop gaat kosten.,Of course I have lost too much weight and I am very afraid that it will cost me my head soon.,fear,fear,fear,fear
"00:36:06,000","00:36:10,000","Ik ben zelf ook altijd een beetje zenuwachtig voor zo'n eilandraad,","Ik ben zelf ook altijd een beetje zenuwachtig voor zo'n eilandraad,","I'm always a bit nervous about an island council myself,",fear,nervousness,fear,fear
"00:36:10,000","00:36:14,000","maar no way dat ik het laat blijken, dat moet je gewoon niet doen!","maar no way dat ik het laat blijken, dat moet je gewoon niet doen!","but there's no way I'm going to show it, you just shouldn't do that!",anger,pride,happiness,
"00:36:14,000","00:36:15,000",MUZIEK.,MUZIEK.,MUSIC.,happiness,neutral,neutral,
"00:36:15,000","00:36:16,000",MUZIEK.,MUZIEK.,MUSIC.,happiness,neutral,neutral,
"00:36:28,000","00:36:33,000",Kamp Zuid was de winnaar van de immuniteitsproef en dat betekent een tweede overwinning.,Kamp Zuid was de winnaar van de immuniteitsproef en dat betekent een tweede overwinning.,Camp South was the winner of the immunity challenge and that means a second victory.,surprise,joy,happiness,
"00:36:33,000","00:36:36,000","Kamp Noord moet daardoor naar de allereerste eilandraad,","Kamp Noord moet daardoor naar de allereerste eilandraad,","Camp North must therefore go to the very first island council,",neutral,disappointment,sadness,
"00:36:36,000","00:36:40,000",waar een van de expeditieleden gelijk naar huis zal worden gestuurd.,waar een van de expeditieleden gelijk naar huis zal worden gestuurd.,where one of the expedition members will be sent home immediately.,neutral,sadness,sadness,
"00:36:40,000","00:36:41,000",MUZIEK.,MUZIEK.,MUSIC.,happiness,neutral,neutral,
"00:36:45,000","00:36:46,000",MUZIEK.,MUZIEK.,MUSIC.,happiness,neutral,neutral,
"00:36:54,000","00:36:58,000","Welkom Kamp Noord, de allereerste eilandraad.","Welkom Kamp Noord, de allereerste eilandraad.","Welcome to Camp North, the very first island council.",neutral,nervousness,fear,
"00:36:58,000","00:37:01,000","Edith, hoe is het om weer terug te zijn?","Edith, hoe is het om weer terug te zijn?","Edith, how is it to be back?",neutral,curiosity,neutral,neutral
"00:37:01,000","00:37:04,000","Het eiland is wel leuk, maar de eilandraad is natuurlijk iets minder leuk.","Het eiland is wel leuk, maar de eilandraad is natuurlijk iets minder leuk.","The island is nice, but the island council is of course a little less nice.",disgust,disappointment,sadness,
"00:37:04,000","00:37:07,000",Hier wil je gewoon niet zijn.,Hier wil je gewoon niet zijn.,You just don't want to be here.,neutral,disapproval,disgust,
"00:37:07,000","00:37:11,000","Thomas, de oud-sportman, is jouw wedstrijd analyse van de proef van vandaag?","Thomas, de oud-sportman, is jouw wedstrijd analyse van de proef van vandaag?","Thomas, the former athlete, is your race analysis of today's test?",neutral,curiosity,neutral,neutral
"00:37:11,000","00:37:12,000",GELACH.,GELACH.,LAUGHTER.,happiness,amusement,happiness,happiness
"00:37:13,000","00:37:16,000","Ja, dat had sneller en beter moeten.","Ja, dat had sneller en beter moeten.","Yes, that should have been faster and better.",neutral,disappointment,sadness,
"00:37:16,000","00:37:21,000","Het is helaas niet gelukt, volgens mijn gevoel was ze er bijna, Rita.","Het is helaas niet gelukt, volgens mijn gevoel was ze er bijna, Rita.","Unfortunately it didn't work out, I think she was almost there, Rita.",sadness,disappointment,sadness,sadness
"00:37:21,000","00:37:25,000","En dan heb je een achterstand en ik dacht misschien kan ik nog iets slims doen of iets snels,","En dan heb je een achterstand en ik dacht misschien kan ik nog iets slims doen of iets snels,","And then you have a backlog and I thought maybe I can do something smart or something fast,",neutral,optimism,happiness,
"00:37:25,000","00:37:28,000",maar dat ging ook gewoon niet lukken.,maar dat ging ook gewoon niet lukken.,but that just didn't work out.,anger,disappointment,sadness,
"00:37:28,000","00:37:30,000","Rita, maak je je nu zorgen?","Rita, maak je je nu zorgen?","Rita, are you worried now?",anger,curiosity,neutral,
"00:37:30,000","00:37:37,000","Ik was heel gespannen en ik merk dat ik nu zoiets heb van, als het zo is, is het zo.","Ik was heel gespannen en ik merk dat ik nu zoiets heb van, als het zo is, is het zo.","I was very tense and I notice that now I have the feeling that if it is so, it is so.",neutral,nervousness,fear,
"00:37:37,000","00:37:43,000","Ik denk dat dit een harde expeditie is, dat werd jullie bij de landing wel duidelijk.","Ik denk dat dit een harde expeditie is, dat werd jullie bij de landing wel duidelijk.","I think this is a tough expedition, that became clear to you upon landing.",neutral,realization,surprise,
"00:37:43,000","00:37:46,000",En dat betekent ook dat er geen verliezerseiland is.,En dat betekent ook dat er geen verliezerseiland is.,And that also means that there is no losers' island.,surprise,realization,surprise,surprise
"00:37:47,000","00:37:53,000","Dus degene die hier vanavond wordt weggestemd, gaat ook echt naar huis.","Dus degene die hier vanavond wordt weggestemd, gaat ook echt naar huis.",So whoever gets voted out tonight will actually go home.,surprise,sadness,sadness,
"00:37:53,000","00:37:58,000","Dan gaan we beginnen. Bertie, jij mag als eerste gaan stemmen.","Dan gaan we beginnen. Bertie, jij mag als eerste gaan stemmen.","Then we're going to start. Bertie, you're going to be the first to vote.",neutral,nervousness,fear,
"00:37:58,000","00:37:59,000",MUZIEK.,MUZIEK.,MUSIC.,happiness,neutral,neutral,
"00:38:08,000","00:38:10,000","Jan, jij mag gaan stemmen.","Jan, jij mag gaan stemmen.","Jan, you can go vote.",neutral,neutral,neutral,neutral
"00:38:10,000","00:38:11,000",MUZIEK.,MUZIEK.,MUSIC.,happiness,neutral,neutral,
"00:38:16,000","00:38:21,000","Sorry Christel, ik moet een keuze maken en je bent een toffe meid,","Sorry Christel, ik moet een keuze maken en je bent een toffe meid,","Sorry Christel, I have to make a choice and you are a cool girl,",neutral,remorse,sadness,
"00:38:21,000","00:38:24,000",maar misschien had ik met jou een minste contact.,maar misschien had ik met jou een minste contact.,but maybe I had the slightest contact with you.,neutral,disappointment,sadness,
"00:38:24,000","00:38:25,000",Rita?,Rita?,Rita?,surprise,neutral,neutral,
"00:38:25,000","00:38:26,000",MUZIEK.,MUZIEK.,MUSIC.,happiness,neutral,neutral,
"00:38:34,000","00:38:35,000",Christel!,Christel!,Christel!,anger,surprise,surprise,
"00:38:37,000","00:38:38,000",Sorry.,Sorry.,Sorry.,sadness,remorse,sadness,sadness
"00:23:16,000","00:23:18,000",Echt? Het gaat ons nu veel te makkelijk.,Echt? Het gaat ons nu veel te makkelijk.,Really? It’s way too easy for us now.,Surprised ,surprise,surprise,surprise
"00:23:18,000","00:23:20,000","Ja, want ik zit echt te denken. Wat gaan we dan doen?","Ja, want ik zit echt te denken. Wat gaan we dan doen?","Yes, because I'm really thinking. What are we going to do then?",Fear,confusion,sadness,fear
"00:23:20,000","00:23:22,000","Zeggen we nu gewoon oké, we blijven hier?","Zeggen we nu gewoon oké, we blijven hier?","Do we just say okay, we'll stay here?",Neutral,confusion,sadness,sadness
"00:23:22,000","00:23:25,000","Nee, maar dan kunnen we misschien kijken of we van iemand ergens een auto kunnen lenen.","Nee, maar dan kunnen we misschien kijken of we van iemand ergens een auto kunnen lenen.","No, but then maybe we can see if we can borrow a car from someone somewhere.",Neutral,optimism,happiness,happiness
"00:23:25,000","00:23:28,000",Maar als die auto die ons eventueel zou brengen voor pinnen...,Maar als die auto die ons eventueel zou brengen voor pinnen...,But if that car were to possibly take us for debit cards...,Fear,fear,fear,fear
"00:23:28,000","00:23:30,000",terugleidt hiernaartoe?,terugleidt hiernaartoe?,leads back here?,Surprise ,fear,fear,fear
"00:23:30,000","00:23:32,000","Nee, maar dan moeten we dus zorgen dat we...","Nee, maar dan moeten we dus zorgen dat we...","No, but then we have to make sure that we...",Fear,nervousness,fear,fear
"00:23:33,000","00:23:35,000",Ze kunnen beter een andere auto.,Ze kunnen beter een andere auto.,They would be better off with another car.,Neutral,realization,surprise,neutral
"00:23:37,000","00:23:38,000",Waar woont u?,Waar woont u?,Where do you live?,Neutral,curiosity,neutral,neutral
"00:23:38,000","00:23:39,000",Ik woon in Hoogvliet.,Ik woon in Hoogvliet.,I live in Hoogvliet.,Neutral,neutral,neutral,neutral
"00:23:41,000","00:23:42,000",Mark.,Mark.,Mark.,Neutral,neutral,neutral,neutral
"00:23:42,000","00:23:43,000",Zou jij voor ons willen pinnen?,Zou jij voor ons willen pinnen?,Would you like to pay by card for us?,Neutral,curiosity,neutral,neutral
"00:23:43,000","00:23:45,000",Ik zou dat zeker willen doen. Ja hoor.,Ik zou dat zeker willen doen. Ja hoor.,I would certainly like to do that. Sure.,Happy ,approval,happiness,happiness
"00:23:45,000","00:23:46,000",Jij gaat naar Hoogvliet?,Jij gaat naar Hoogvliet?,Are you going to Hoogvliet?,Neutral,curiosity,neutral,neutral
"00:23:46,000","00:23:49,000","Daar woont hij, dan zou ik hem niet terug laten komen hiernaartoe.","Daar woont hij, dan zou ik hem niet terug laten komen hiernaartoe.","That's where he lives, then I wouldn't let him come back here.",Anger,disapproval,disgust,anger
"00:23:49,000","00:23:50,000","O, daar gaat zijn kamer.","O, daar gaat z'n camera.","Oh, there goes his camera.",Sadness,surprise,surprise,surprise
"00:23:50,000","00:23:51,000","O, ja.","O, ja.","Oh, me.",Neutral,surprise,surprise,surprise
"00:23:51,000","00:23:52,000",Zijn kamer.,Z'n camera.,Z'n camera.,Neutral,neutral,neutral,neutral
"00:23:52,000","00:23:53,000",Zijn kamer.,Z'n camera.,Z'n camera.,Neutral,neutral,neutral,neutral
"00:23:53,000","00:23:54,000",Zijn kamer.,Z'n camera.,Z'n camera.,Neutral,neutral,neutral,neutral
"00:23:54,000","00:23:55,000",Zijn kamer.,Z'n camera.,Z'n camera.,Neutral,neutral,neutral,neutral
"00:23:55,000","00:23:56,000",Zijn kamer.,Z'n camera.,Z'n camera.,Neutral,neutral,neutral,neutral
"00:23:56,000","00:23:57,000",Zijn kamer.,Z'n camera.,Z'n camera.,Neutral,neutral,neutral,neutral
"00:23:57,000","00:23:58,000",Zijn kamer.,Z'n camera.,Z'n camera.,Neutral,neutral,neutral,neutral
"00:23:58,000","00:23:59,000",Zijn kamer.,Z'n camera.,Z'n camera.,Neutral,neutral,neutral,neutral
"00:23:59,000","00:24:00,000",Zijn kamer.,Z'n camera.,Z'n camera.,Neutral,neutral,neutral,neutral
"00:24:00,000","00:24:02,000","O, daar gaat zijn kamer. O, ja.","O, daar gaat zijn kamer. O, ja.","Oh, there goes his room. Oh yeah.",Neutral,surprise,surprise,surprise
"00:24:02,000","00:24:04,000","Als je wilt, breng ik jou wat uit.","Als je wilt, breng ik jou wat uit.","If you want, I'll bring you something.",Neutral,caring,happiness,neutral
"00:24:04,000","00:24:05,000","Ja, dat kan.","Ja, dat kan.","Yes, that's possible.",Neutral,approval,happiness,happiness
"00:24:05,000","00:24:07,000",Want Kees laat zijn telefoon hier natuurlijk.,Want Kees laat zijn telefoon hier natuurlijk.,"Because Kees leaves his phone here, of course.",Anger,realization,surprise,surprise
"00:24:07,000","00:24:09,000","Ja, ja, ja. Ja, precies.","Ja, ja, ja. Ja, precies.","And and and. And, precisely.",Neutral,confusion,sadness,sadness
"00:24:09,000","00:24:11,000",Kees is nergens geweest straks.,Kees is nergens geweest straks.,Kees hasn't been anywhere later.,Neutral,disappointment,sadness,neutral
"00:24:11,000","00:24:12,000",Oké. Top.,"Oké, top.","Okay, great.",Happiness ,approval,happiness,happiness
"00:24:15,000","00:24:17,000",Dit is de route die is gereden.,Dit is de route die is gereden.,This is the route that was driven.,Neutral,neutral,neutral,neutral
"00:24:17,000","00:24:20,000","Daarna kunnen ze nog Gouda in, Nieuwegein in...","Daarna kunnen ze nog Gouda in, Nieuwegein in...","After that they can go to Gouda, Nieuwegein...",Neutral,curiosity,neutral,neutral
"00:24:20,000","00:24:22,000",Eigenlijk overal heen.,Eigenlijk overal heen.,Actually everywhere.,Neutral,neutral,neutral,neutral
"00:24:22,000","00:24:24,000",Dus het feit dat we daarna geen ANP-risto hebben...,Dus het feit dat we daarna geen ANP-risto hebben...,So the fact that we don't have an ANP risto afterwards...,Anger,disappointment,sadness,anger
"00:24:24,000","00:24:26,000",zegt alleen maar dat ze ergens in dat gebied zitten.,zegt alleen maar dat ze ergens in dat gebied zitten.,just says they are somewhere in that area.,Neutral,realization,surprise,surprise
"00:24:26,000","00:24:29,000",Maar dat geeft totaal geen enkele indicatie van de locatie.,Maar dat geeft totaal geen enkele indicatie van de locatie.,But that doesn't give any indication of the location at all.,Sadness,disappointment,sadness,sadness
"00:24:29,000","00:24:31,000",Nee. Hopelijk is hij daar gedropt misschien.,Nee. Hopelijk is hij daar gedropt misschien.,No. Hopefully he was dropped there maybe.,Neutral,hope,happiness,happiness
"00:24:31,000","00:24:33,000",Je weet het niet.,Je weet het niet.,You do not know.,Neutral,confusion,sadness,sadness
"00:24:33,000","00:24:34,000","HQ, team 2.","HQ, team twee.","HQ, team two.",Neutral,neutral,neutral,neutral
"00:24:34,000","00:24:38,000",Ik heb nieuwe info ANP-rhistorie.,Ik heb nieuwe info ANP-rhistorie.,I have new information about ANP history.,Neutral,neutral,neutral,neutral
"00:24:38,000","00:24:41,000",En ik ga een en ander even in Signal zetten.,En ik ga een en ander even in Signal zetten.,And I'm going to put some things into Signal.,Neutral,neutral,neutral,neutral
"00:56:51,000","00:56:53,000","Zoekgeschiedenis, safari.","Zoekgeschiedenis, safari.","Search history, safari.",,neutral,neutral,neutral
"00:56:53,000","00:56:55,000",Gisteren nog gezocht op...,Gisteren nog gezocht op...,Yesterday I searched for...,,curiosity,neutral,neutral
"00:56:55,000","00:56:58,000",Waar staan overal camera's langs de snelweg?,Waar staan overal camera's langs de snelweg?,Where are cameras everywhere along the highway?,,curiosity,neutral,neutral
"00:56:58,000","00:57:01,000","Dus weet je wel, die vent zit er keihard in.","Dus weet je wel, die vent zit er keihard in.","So you know, that guy is in it hard.",,realization,surprise,surprise
"00:57:01,000","00:57:03,000","Weet je wel, tot zijn vuist diep.","Weet je wel, tot zijn vuist diep.","You know, fist deep.",,realization,surprise,surprise
"00:57:04,000","00:57:07,000","Maar goed, laten we maar het idee hebben dat we...","Maar goed, laten we maar het idee hebben dat we...","Anyway, let's just imagine that we...",,curiosity,neutral,neutral
"00:57:07,000","00:57:09,000","Sterk, dat was het doel, hè? Ja.","Sterk, dat was het doel, hè? Ja.","Strong, that was the goal, right? Yes.",,approval,happiness,happiness
"00:57:11,000","00:57:12,000",Daar zijn ze. Daar zijn ze.,Daar zijn ze. Daar zijn ze.,There they are. There they are.,,excitement,happiness,happiness
"00:57:12,000","00:57:16,000",In Breda wordt het wachten van Bishan en Shiva beloond.,In Breda wordt het wachten van Bishan en Shiva beloond.,"In Breda, Bishan and Shiva's waiting is rewarded.",,joy,happiness,happiness
"00:57:16,000","00:57:19,000",Het stel dat beloofde terug te komen staat nu voor ze.,Het stel dat beloofde terug te komen staat nu voor ze.,The couple who promised to return now stands before them.,,joy,happiness,happiness
"00:57:19,000","00:57:21,000",Ze hebben inderdaad een slaapplek geregeld.,Ze hebben inderdaad een slaapplek geregeld.,They have indeed arranged a place to sleep.,,gratitude,happiness,happiness
"00:57:21,000","00:57:25,000","En twee studenten, die ze ieder moment opkomen halen.","En twee studenten, die ze ieder moment opkomen halen.","And two students, who will come and pick them up at any moment.",,anticipation,happiness,happiness
"00:57:25,000","00:57:28,000",Ik sta nu in het park. Weet me wel te vinden.,Ik sta nu in het park. Weet me wel te vinden.,I'm in the park now. I know where to find me.,,neutral,neutral,neutral
"00:57:28,000","00:57:30,000",Begin van die steiger. Top.,Begin van die steiger. Top.,Start from that scaffolding. Top.,,neutral,neutral,neutral
"00:57:30,000","00:57:33,000","Super, dank je wel. Dank je wel.","Super, dank je wel. Dank je wel.",Amazing thank you. Thank you.,,gratitude,happiness,happiness
"00:57:33,000","00:57:35,000",Echt top.,Echt top.,Really great.,,joy,happiness,happiness
"00:57:35,000","00:57:37,000",Team 1 is inmiddels ook in Breda.,Team 1 is inmiddels ook in Breda.,Team 1 is now also in Breda.,,neutral,neutral,neutral
"00:57:37,000","00:57:41,000",Op het hoofdkwartier weten ze niet beter dan dat Bishan en Shiva...,Op het hoofdkwartier weten ze niet beter dan dat Bishan en Shiva...,At headquarters they know no better than that Bishan and Shiva...,,confusion,sadness,sadness
"00:57:41,000","00:57:44,000",ruim een uur geleden daar met de trein zijn aangekomen.,ruim een uur geleden daar met de trein zijn aangekomen.,arrived there by train more than an hour ago.,,neutral,neutral,neutral
"00:57:44,000","00:57:47,000",Michael en Bo proberen nu in kaart te brengen...,Michael en Bo proberen nu in kaart te brengen...,Michael and Bo are now trying to map out...,,curiosity,neutral,neutral
"00:57:47,000","00:57:49,000",wat de looproute van de jongens is geweest.,wat de looproute van de jongens is geweest.,what the boys' running route was.,,curiosity,neutral,neutral
"00:57:49,000","00:57:51,000",We staan hier bij het Stadspark.,We staan hier bij het Stadspark.,We are here at the City Park.,,neutral,neutral,neutral
"00:57:51,000","00:57:53,000","Op de kruising Willemstraat, Spoorstraat.","Op de kruising Willemstraat, Spoorstraat.","At the intersection Willemstraat, Spoorstraat.",,neutral,neutral,neutral
"00:57:53,000","00:57:56,000",Daar heb je ook wifi-sensoren staan.,Daar heb je ook wifi-sensoren staan.,You also have WiFi sensors there.,,neutral,neutral,neutral
"00:57:56,000","00:58:00,000",Dus als daar gebeld is...,Dus als daar gebeld is...,So if there was a call...,,curiosity,neutral,neutral
"00:58:00,000","00:58:03,000",of als wij op de camera's mensen zien met telefoons...,of als wij op de camera's mensen zien met telefoons...,or when we see people with phones on the cameras...,,curiosity,neutral,neutral
"00:58:03,000","00:58:06,000",dan zou het zomaar kunnen zijn dat ze daar via een hotspot...,dan zou het zomaar kunnen zijn dat ze daar via een hotspot...,then it could just be that they got there via a hotspot...,,realization,surprise,surprise
"00:58:06,000","00:58:09,000",of een spot van de wifi zijn opgepakt.,of een spot van de wifi zijn opgepakt.,or a spot from the WiFi has been picked up.,,realization,surprise,surprise
"00:58:09,000","00:58:11,000",Ik ga jullie even verder helpen. Top.,Ik ga jullie even verder helpen. Top.,I'm going to help you further. Top.,,caring,happiness,happiness
"00:58:11,000","00:58:13,000",Zorg dat je een beetje een route loopt.,Zorg dat je een beetje een route loopt.,Make sure you walk a route.,,neutral,neutral,neutral
"00:58:13,000","00:58:17,000","Wat we ook kunnen doen, als wij een meter of 30 achter jullie lopen...","Wat we ook kunnen doen, als wij een meter of 30 achter jullie lopen...","Whatever we can do, if we walk about 30 meters behind you...",,caring,happiness,happiness
"00:58:17,000","00:58:19,000",dan bellen we gewoon aan als jullie daar staan.,dan bellen we gewoon aan als jullie daar staan.,then we'll just ring the bell when you're there.,,caring,happiness,happiness
"00:58:19,000","00:58:21,000",Dan lopen jullie eerst naar binnen.,Dan lopen jullie eerst naar binnen.,Then you walk inside first.,,neutral,neutral,neutral
"00:58:21,000","00:58:24,000",Dan lopen wij 30 meter achter jullie aan.,Dan lopen wij 30 meter achter jullie aan.,Then we walk 30 meters behind you.,,neutral,neutral,neutral
"00:58:25,000","00:58:27,000",Lopen wij achter jullie aan? Ja.,Lopen wij achter jullie aan? Ja.,Are we following you? Yes.,,curiosity,neutral,neutral
"00:58:27,000","00:58:30,000","Super, bedankt. Loop maar op. We lopen jullie achterna.","Super, bedankt. Loop maar op. We lopen jullie achterna.",Super thanks. Walk on. We're following you.,,gratitude,happiness,happiness
"00:58:30,000","00:58:32,000",Dank je wel voor het regelen. Tot snel.,Dank je wel voor het regelen. Tot snel.,Thank you for arranging it. See you soon.,,gratitude,happiness,happiness
"00:58:32,000","00:58:35,000","Kruising Willemstraat, Spoorstraat.","Kruising Willemstraat, Spoorstraat.","Crossing Willemstraat, Spoorstraat.",,neutral,neutral,neutral
"00:58:35,000","00:58:39,000",Drie camera's bij de ingang van het park.,Drie camera's bij de ingang van het park.,Three cameras at the entrance to the park.,,neutral,neutral,neutral
"00:58:39,000","00:58:42,000",Loop maar daarheen. Daar? Ja.,Loop maar daarheen. Daar? Ja.,Just walk over there. Over there? Yes.,,neutral,neutral,neutral
"00:58:42,000","00:58:44,000",Loop maar hier. Beter hier.,Loop maar hier. Beter hier.,Just walk here. Better here.,,neutral,neutral,neutral
"00:58:44,000","00:58:47,000",Wij staan nu aan de zijkant van het park.,Wij staan nu aan de zijkant van het park.,We are now on the side of the park.,,neutral,neutral,neutral
"00:58:47,000","00:58:49,000",Wij gaan een ronde maken.,Wij gaan een ronde maken.,We're going to make a round.,,neutral,neutral,neutral
"00:58:49,000","00:58:51,000",We moeten zorgen dat we die jacht openen...,We moeten zorgen dat we die jacht openen...,We have to make sure we open that hunt...,,determination,neutral,neutral
"00:35:35,000","00:35:37,000","Ah, hier zijn we.","Ah, hier zijn we.","Ah, here we are.",neutral,realization,surprise,neutral
"00:35:37,000","00:35:39,000","Ja, je kan maar. Komt-ie.","Ja, je kan maar. Komt-ie.","Yes, you can. Here it comes.",neutral,anticipation,happiness,happiness
"00:35:39,000","00:35:41,000","Hallo, welkom.","Hallo, welkom.",Hello welcome.,neutral,joy,happiness,happiness
"00:35:41,000","00:35:43,000",Dilano. Ja. Stripper.,Dilano. Ja. Stripper.,Dylan. I. A stripper.,neutral,amusement,happiness,neutral
"00:35:43,000","00:35:45,000",Hoe kom jij aan die naam?,Hoe kom jij aan die naam?,How did you come up with that name?,neutral,curiosity,neutral,neutral
"00:35:45,000","00:35:47,000",Ja. Lang verhaal kort.,Ja. Lang verhaal kort.,Yes. Long story short.,neutral,neutral,neutral,neutral
"00:35:47,000","00:35:50,000",Met de Turring jongens zijn we altijd aan het trainen.,Met de turnjongens zijn we altijd aan het trainen.,We are always training with the gymnastics boys.,neutral,neutral,neutral,neutral
"00:35:50,000","00:35:53,000",En ik doe voor een training altijd meerdere lagen aan.,En ik doe voor een training altijd meerdere lagen aan.,And I always put on several layers before a workout.,neutral,neutral,neutral,neutral
"00:35:53,000","00:35:56,000","Ik begin dan met een lange broek, daaronder een korte broek.","Ik begin dan met een lange broek, daaronder een korte broek.","I start with long pants, with shorts underneath.",neutral,neutral,neutral,neutral
"00:35:56,000","00:35:58,000","Dan heb ik een hemdje, daarover een trui.","Dan heb ik een hemdje, daarover een trui.",Then I have a shirt and a sweater over that.,neutral,neutral,neutral,neutral
"00:35:58,000","00:36:00,000",En tijdens de training ga ik langzaam uit.,En tijdens de training ga ik langzaam uit.,And during training I go out slowly.,neutral,neutral,neutral,neutral
"00:36:00,000","00:36:02,000",Totdat ik alleen maar een korte broek aan heb.,Totdat ik alleen maar een korte broek aan heb.,Until I'm only wearing shorts.,neutral,amusement,happiness,neutral
"00:36:02,000","00:36:04,000",De stripper. Ja.,De stripper. Ja.,The stripper. Yes.,neutral,amusement,happiness,neutral
"00:36:04,000","00:36:06,000","Logisch, hè? Logisch.","Logisch, hè? Logisch.","Logical, right? Logically.",neutral,approval,happiness,neutral
"00:36:06,000","00:36:08,000",Je zit in een turngroep. Ja.,Je zit in een turngroep. Ja.,You are in a gymnastics group. Yes.,neutral,neutral,neutral,neutral
"00:36:08,000","00:36:11,000","Ja, nu wil ik dan toch gelijk even vragen...","Ja, nu wil ik dan toch gelijk even vragen...","Yes, now I would like to ask...",neutral,curiosity,neutral,neutral
"00:36:11,000","00:36:13,000",kun jij nu hier iets doen?,kun jij nu hier iets doen?,can you do something here now?,neutral,curiosity,neutral,neutral
"00:36:13,000","00:36:15,000",Flipjack. Flipjack.,Flipjack. Flipjack.,Flipjack. Flipjack.,neutral,neutral,neutral,neutral
"00:36:15,000","00:36:18,000",Kun jij flipjack? Ik weet niet of de mic en zo blijft zitten.,Kun jij flipjack? Ik weet niet of de mic en zo blijft zitten.,Can you flipjack? I don't know if the mic and stuff will stay put.,neutral,confusion,sadness,neutral
"00:36:18,000","00:36:20,000","Blijft dit staan? Nee, ik houd het wel vast.","Blijft dit staan? Nee, ik houd het wel vast.","Is this going to stay up? No, I'll hold on to it.",neutral,confusion,sadness,neutral
"00:36:20,000","00:36:22,000",Oké.,Oké.,Okay.,neutral,neutral,neutral,neutral
"00:36:22,000","00:36:24,000","Een beetje hier staan, hè?","Een beetje hier staan, hè?","Standing here a bit, huh?",neutral,amusement,happiness,neutral
"00:36:24,000","00:36:26,000",Het gaat van je winnaarsgeld af als we er nu vanaf gaan.,Het gaat van je winnaarsgeld af als we er nu afvallen.,It will be taken from your winnings money if we drop out now.,neutral,disapproval,disgust,anger
"00:36:26,000","00:36:28,000","Ja, daarom. Dat wil ik niet.","Ja, daarom. Dat wil ik niet hebben.",Yes that's why. I don't want that.,neutral,disapproval,disgust,anger
"00:36:28,000","00:36:30,000",Komt-ie.,Komt-ie.,Is he coming?,neutral,curiosity,neutral,neutral
"00:36:33,000","00:36:34,000",Vet.,Vet.,Vet.,neutral,neutral,neutral,neutral
"00:36:34,000","00:36:36,000","O, leuk. Ja, ik kan het niet, hoor.","O, leuk. Ja, ik kan het niet, hoor.","Oh nice. Yeah, I can't do it.",neutral,disappointment,sadness,neutral
"00:36:36,000","00:36:38,000","Nee, ik ook niet. Nee?","Nee, ik ook niet. Nee?","No, me neither. No?",neutral,disappointment,sadness,neutral
"00:36:38,000","00:36:41,000",Heb je een tactiek voor in het huis?,Heb je een tactiek voor in het huis?,Do you have a tactic for the house?,neutral,curiosity,neutral,neutral
"00:36:41,000","00:36:43,000",Ik denk dat ik gewoon mezelf ga proberen te zijn.,Ik denk dat ik gewoon mezelf ga proberen te zijn.,I guess I'll just try to be myself.,neutral,optimism,happiness,neutral
"00:36:43,000","00:36:45,000","Plezier maken, alles eruit halen wat erin zit.","Plezier maken, alles eruit halen wat erin zit.","Have fun, get the most out of it.",happiness,optimism,happiness,happiness
"00:36:45,000","00:36:47,000",Dan komt het goed.,Dan komt het goed.,It will be fine.,neutral,optimism,happiness,happiness
"00:36:47,000","00:36:49,000","Ja, het gaat bijna beginnen, Milano. Ik heb er zin in.","Ja, het gaat bijna beginnen, Milano. Ik heb er zin in.","Yes, it's about to start, Milano. I'm excited.",happiness,excitement,happiness,happiness
"00:36:49,000","00:36:51,000",Allereerst wil ik heel graag je telefoon hebben.,Allereerst wil ik heel graag je telefoon hebben.,"First of all, I really want your phone.",neutral,desire,happiness,neutral
"00:36:51,000","00:36:54,000",Want je bent natuurlijk in het huis helemaal afgesloten...,Want je bent natuurlijk in het huis helemaal afgesloten...,Because you are of course completely closed off in the house...,neutral,realization,surprise,neutral
"00:36:54,000","00:36:56,000",van de buitenwereld.,van de buitenwereld.,from the outside world.,neutral,realization,surprise,neutral
"00:36:56,000","00:36:58,000",Dus die leveren we in.,Dus die leveren we in.,So we hand that in.,neutral,neutral,neutral,neutral
"00:36:58,000","00:37:00,000",We hebben al een aantal bewoners het huis ingestuurd.,We hebben al een aantal bewoners het huis ingestuurd.,We have already sent a number of residents into the house.,neutral,neutral,neutral,neutral
"00:37:00,000","00:37:02,000",Dat ging allemaal via die draaideur.,Dat ging allemaal via die draaideur.,It all went through that revolving door.,neutral,neutral,neutral,neutral
"00:37:02,000","00:37:05,000",Maar Big Brother heeft iets anders voor jou in petto.,Maar Big Brother heeft iets anders voor jou in petto.,But Big Brother has something else in store for you.,neutral,curiosity,neutral,neutral
"00:37:05,000","00:37:07,000",Oké.,Oké.,Okay.,neutral,neutral,neutral,neutral
"00:37:07,000","00:37:09,000",Jij mag namelijk door een speciale spiegeldeur.,Jij mag namelijk door een speciale spiegeldeur.,You can go through a special mirror door.,neutral,surprise,surprise,neutral
"00:37:09,000","00:37:12,000","Speciale deur, een speciale rol.","Speciale deur, een speciale rol.","Special door, a special role.",neutral,surprise,surprise,happiness
"00:24:41,000","00:24:43,000",Jullie mogen die kant op alvast.,Jullie mogen die kant op alvast.,You can go that way already.,neutral,neutral,neutral,neutral
"00:24:43,000","00:24:45,000","Had jij extra info, Selma?","Had jij extra info, Selmar?","Did you have extra information, Selmar?",neutral,curiosity,neutral,neutral
"00:24:45,000","00:24:48,000",Ik heb de route nu. Dit is de route die is gereden.,Ik heb de route nu. Dit is de route die is gereden.,I have the route now. This is the route that was driven.,neutral,neutral,neutral,neutral
"00:24:48,000","00:24:49,000",Oké.,Oké.,Okay.,neutral,neutral,neutral,neutral
"00:24:49,000","00:24:52,000","Ja, Selma heeft de route gedeeld in Signal...","Ja, Selma heeft de route gedeeld in Signal...","Yes, Selma shared the route in Signal...",neutral,neutral,neutral,neutral
"00:24:52,000","00:24:55,000",die gereden is door die oplegger.,die gereden is door die oplegger.,that was driven by that semi-trailer.,neutral,neutral,neutral,neutral
"00:24:55,000","00:24:58,000",Rij dezelfde route. Hopelijk is die container daar gedropt.,Rij dezelfde route. Hopelijk is die container daar gedropt.,Drive the same route. Hopefully that container was dropped there.,neutral,hope,happiness,neutral
"00:24:58,000","00:25:01,000",Laatste positie is dus het opgegeven adres.,Laatste positie is dus het opgegeven adres.,The last position is therefore the specified address.,neutral,realization,surprise,neutral
"00:25:01,000","00:25:03,000","Ja, is begrepen voor team 2.","Ja, is begrepen voor team 2.","Yes, it is understood for team 2.",neutral,approval,happiness,neutral
"00:25:03,000","00:25:06,000",15 minuten zijn we te plaatsen. Team 2.,15 minuten zijn we te plaatsen. Team 2.,We can be placed within 15 minutes. Team 2.,neutral,neutral,neutral,neutral
"00:25:11,000","00:25:13,000",Waar blijft die man?,Waar blijft die man?,Where is that man?,neutral,curiosity,neutral,anger
"00:25:13,000","00:25:17,000",Aikun en Rajiv wachten in de Rotterdamse Veerhaven ongeduldig...,Aikun en Rajiv wachten in de Rotterdamse Veerhaven ongeduldig...,Aikun and Rajiv wait impatiently in the Rotterdam Veerhaven...,neutral,nervousness,fear,neutral
"00:25:17,000","00:25:20,000",totdat Rajiv's vader ze komt oppikken.,totdat Rajiv's vader ze komt oppikken.,until Rajiv's father comes to pick them up.,neutral,anticipation,happiness,neutral
"00:25:20,000","00:25:22,000",Ze zijn nog heel dicht bij de startlocatie.,Ze zijn nog heel dicht bij de startlocatie.,They are still very close to the starting location.,neutral,neutral,neutral,neutral
"00:25:22,000","00:25:25,000",En daarmee nemen ze best een risico.,En daarmee nemen ze best een risico.,And in doing so they are taking quite a risk.,neutral,fear,fear,fear
"00:25:25,000","00:25:27,000","O, nee. Daar is hij.","O, nee. Daar is hij.",Oh no. There he is.,neutral,surprise,surprise,surprise
"00:25:27,000","00:25:29,000","O, nee. Wat doe je hier?","O, nee. Wat doe je hier?",Oh no. What are you doing here?,surprise,surprise,surprise,surprise
"00:25:29,000","00:25:31,000",Hoe kom jij nou hier? Hoe kom jij hier?,Hoe kom jij nou hier? Hoe kom jij hier?,How did you get here? How did you get here?,surprise,surprise,surprise,surprise
"00:25:31,000","00:25:34,000",Wat doe je? Snel? Ik moest drie keer knippen.,Wat doe je? Snel? Ik moest drie keer knippen.,What are you doing? Fast? I had to cut three times.,surprise,annoyance,anger,anger
"00:25:34,000","00:25:36,000",O.,O.,O.,neutral,confusion,sadness,surprise
"00:25:37,000","00:25:39,000",O. Ja.,O. Ja.,A. Me.,neutral,neutral,neutral,neutral
"00:25:39,000","00:25:41,000",Als politieman. Klein stukje binnen.,Als politieman. Klein stukje binnen.,As a police officer. Small piece inside.,neutral,neutral,neutral,neutral
"00:25:41,000","00:25:44,000","Ik rijd gewoon eventjes. Ja, is goed.","Ik rijd gewoon eventjes. Ja, is goed.",I'm just driving for a while. Yes that's OK.,neutral,neutral,neutral,neutral
"00:25:46,000","00:25:49,000",Raar. Dit ging echt... Dit is moeilijker dan verwacht.,Raar. Dit ging echt... Dit is moeilijker dan verwacht.,Weird. This really went... This is harder than expected.,sadness,disappointment,sadness,sadness
"00:25:49,000","00:25:51,000",...ziek slecht.,...ziek slecht.,...sick bad.,sadness,disgust,disgust,anger
"00:25:51,000","00:25:53,000",Eigenlijk hetgeen waarvan we hadden gezegd...,Eigenlijk hetgeen waarvan we hadden gezegd...,Actually what we said...,neutral,neutral,neutral,neutral
"00:25:53,000","00:25:56,000","we gaan niet naar bekenden toe, niet vanaf de start.","we gaan niet naar bekenden toe, niet vanaf de start.","we don't go to people we know, not from the start.",neutral,disappointment,sadness,anger
"00:25:56,000","00:25:58,000",Gaat gelijk mis.,Gaat gelijk mis.,Immediately goes wrong.,neutral,disappointment,sadness,sadness
"00:25:58,000","00:26:00,000","Wat een beetje stress met je doet, hè.","Wat een beetje stress met je doet, hè.","What a little stress does to you, right?",neutral,realization,surprise,happiness
"00:26:05,000","00:26:08,000",Met rustie. Ja.,Met rustie. Ja.,With peace. Yes.,neutral,relief,happiness,neutral
"00:26:08,000","00:26:11,000",We hebben een ANPR-hit. ANPR-hit.,We hebben een ANPR-hit. ANPR-hit.,We have an ANPR hit. ANPR hit.,neutral,excitement,happiness,neutral
"00:26:11,000","00:26:14,000",Op de vader van Rajiv John.,Op de vader van Rajiv John.,To Rajiv John's father.,neutral,neutral,neutral,neutral
"00:26:14,000","00:26:16,000",Vreelustweg in Rotterdam.,Vreelustweg in Rotterdam.,Vreelustweg in Rotterdam.,neutral,neutral,neutral,neutral
"00:26:16,000","00:26:19,000",Bij deze ANPR-hit gaan alle alarmbellen af.,Bij deze ANPR-hit gaan alle alarmbellen af.,This ANPR hit sets off all the alarm bells.,neutral,nervousness,fear,fear
"00:26:19,000","00:26:22,000",Een familielid van voortvluchtigen die in de stad rijdt...,Een familielid van voortvluchtigen die in de stad rijdt...,A relative of fugitives driving around town...,neutral,curiosity,neutral,neutral
"00:26:22,000","00:26:25,000",waar ze even daarvoor op de vlucht zijn geslagen?,waar ze even daarvoor op de vlucht zijn geslagen?,where they fled moments before?,neutral,confusion,sadness,neutral
"00:26:25,000","00:26:26,000",Dat is meer dan verdacht.,Dat is meer dan verdacht.,That is more than suspicious.,neutral,realization,surprise,sadness
"00:26:26,000","00:26:28,000",De kans dat hij ze heeft opgehaald...,De kans dat hij ze heeft opgehaald...,The chances that he picked them up...,neutral,curiosity,neutral,neutral
"00:26:28,000","00:26:31,000",Zou kunnen. Bewegend in? Zuidelijke? Zuidelijke richting.,Zou kunnen. Bewegend in? Zuidelijke? Zuidelijke richting.,Could be. Moving in? Southern? Southern direction.,neutral,confusion,sadness,neutral
"00:26:31,000","00:26:33,000",Waar is zijn telefoon geweest?,Waar is zijn telefoon geweest?,Where has his phone been?,neutral,curiosity,neutral,neutral
"00:26:33,000","00:26:36,000","Zodat als er gebeld wordt, dat we alles meekrijgen.","Zodat als er gebeld wordt, dat we alles meekrijgen.","So that when we call, we get everything.",neutral,optimism,happiness,neutral
"00:26:36,000","00:26:38,000","Hey, Rajiv. Ja.","Hey, Rajiv. Ja.","Hi, Rajiv. Yes.",neutral,neutral,neutral,neutral
"00:26:38,000","00:26:42,000",Als je iemand kent met een busje...,Als je iemand kent met een busje...,If you know someone with a van...,neutral,curiosity,neutral,neutral
"00:26:42,000","00:26:44,000",Maar niet bellen.,Maar niet bellen.,But don't call.,neutral,disapproval,disgust,neutral
"00:11:17,000","00:11:19,000",Lekker Niels!,Lekker Niels!,Nice Niels!,neutral,approval,happiness,happiness
"00:11:19,000","00:11:22,000","Ja, vakjes! Bam!","Ja, vakjes! Bam!","Yeah, boxes! Bam!",happiness,excitement,happiness,happiness
"00:11:22,000","00:11:24,000",Dinnertime!,Dinnertime!,Dinnertime!,neutral,joy,happiness,happiness
"00:11:24,000","00:11:27,000",Laten we dit ook gewoon warm houden tot vanavond.,Laten we dit ook gewoon warm houden tot vanavond.,Let's just keep this warm until tonight.,neutral,optimism,happiness,neutral
"00:11:27,000","00:11:29,000",Het mag niet meer uit.,Het mag niet meer uit.,It can't go off anymore.,neutral,relief,happiness,neutral
"00:11:29,000","00:11:32,000",Het is het olympisch vuur.,Het is het olympisch vuur.,It's the Olympic fire.,neutral,admiration,happiness,happiness
"00:11:32,000","00:11:35,000",GEROEZEMOES.,GEROEZEMOES.,BUZZ.,neutral,neutral,neutral,neutral
"00:11:35,000","00:11:40,000",We gaan Niels een hut bouwen om dat vuurkamp heen.,We gaan Niels een hut bouwen om dat vuurkamp heen.,We are going to build Niels a hut around that fire camp.,neutral,optimism,happiness,happiness
"00:11:40,000","00:11:44,000","Ga jij maar even blazen en doen en wij gaan ondertussen een hut eromheen bouwen,","Ga jij maar even blazen en doen en wij gaan ondertussen een hut eromheen bouwen,","You go ahead and blow and do something while we build a hut around it,",neutral,approval,happiness,happiness
"00:11:44,000","00:11:47,000",want met die regen is het niet te doen.,want met die regen is het niet te doen.,because with that rain it is impossible.,neutral,disappointment,sadness,sadness
"00:11:47,000","00:11:49,000",Hoe vervuurt het zo?,Hoe vervuurt het zo?,How does it get so hot?,surprise,curiosity,neutral,neutral
"00:11:49,000","00:11:54,000",We zetten de touw aan elkaar en dan zetten we hem op als stiefeling.,We zetten de touw aan elkaar en dan zetten we hem op als stiefeling.,We put the rope together and then we set him up as a stepling.,neutral,neutral,neutral,neutral
"00:11:54,000","00:11:56,000",We gaan nou jongens.,We gaan nou jongens.,Let's go now guys.,neutral,excitement,happiness,neutral
"00:11:56,000","00:11:57,000",MUZIEK.,MUZIEK.,MUSIC.,neutral,neutral,neutral,neutral
"00:11:59,000","00:12:04,000",Heel snel is er een oplossing en wordt er een soort wichtboom gecreëerd boven het vuur.,Heel snel is er een oplossing en wordt er een soort wichtboom gecreëerd boven het vuur.,Very quickly a solution is found and a kind of weight tree is created above the fire.,neutral,relief,happiness,neutral
"00:12:04,000","00:12:08,000",En zo kunnen we toch nog het beetje vuur dat we hebben redden.,En zo kunnen we toch nog het beetje vuur dat we hebben redden.,And so we can still save the little fire we have.,neutral,optimism,happiness,happiness
"00:12:09,000","00:12:13,000","Er komen nog een paar kleine druppels omheen, maar het is...","Er komen nog een paar kleine druppels omheen, maar het is...","There are still a few small drops coming around it, but it's...",neutral,disappointment,sadness,sadness
"00:12:13,000","00:12:15,000","Nee, het is niet droog.","Nee, het is niet droog.","No, it is not dry.",neutral,disappointment,sadness,sadness
"00:12:15,000","00:12:19,000","Als het nu zo blijft, daar word ik echt niet vrolijk van.","Als het nu zo blijft, daar word ik echt niet vrolijk van.","If it stays like this, I won't be happy at all.",neutral,sadness,sadness,sadness
"00:12:19,000","00:12:22,000","Nou ja, dat hoort er ook bij.","Nou ja, dat hoort er ook bij.","Well, that's part of it too.",neutral,acceptance,neutral,neutral
"00:12:22,000","00:12:23,000",MUZIEK.,MUZIEK.,MUSIC.,neutral,neutral,neutral,neutral
"00:12:24,000","00:12:28,000",Zon en regen wisselen elkaar op Zanzibar in hoog tempo af.,Zon en regen wisselen elkaar op Zanzibar in hoog tempo af.,Sun and rain alternate rapidly in Zanzibar.,neutral,neutral,neutral,neutral
"00:12:28,000","00:12:34,000","En waar het op het ene eiland plenst, is het op het andere gewoon lekker zonnig.","En waar het op het ene eiland plenst, is het op het andere gewoon lekker zonnig.","And while it's pouring on one island, it's simply sunny on another.",neutral,neutral,neutral,neutral
"00:12:34,000","00:12:39,000",Bertie en ik gaan eten zoeken en kijken wat er groeit en wat er te halen valt.,Bertie en ik gaan eten zoeken en kijken wat er groeit en wat er te halen valt.,Bertie and I go out to look for food and see what grows and what can be picked.,neutral,curiosity,neutral,neutral
"00:12:39,000","00:12:40,000",Oeh!,Oeh!,Oh!,surprise,surprise,surprise,surprise
"00:12:41,000","00:12:42,000",Kijk uit.,Kijk uit.,Watch out.,fear,fear,fear,fear
"00:12:42,000","00:12:43,000",Oeh!,Oeh!,Oh!,surprise,surprise,surprise,surprise
"00:12:43,000","00:12:44,000",Ja?,Ja?,And?,neutral,curiosity,neutral,neutral
"00:12:44,000","00:12:45,000","Ja, toch?","Ja, toch?","Yeah, right?",neutral,approval,happiness,happiness
"00:12:45,000","00:12:46,000","Ja, dat is cassave.","Ja, dat is cassave.","Yes, that is cassava.",neutral,realization,surprise,neutral
"00:12:46,000","00:12:47,000",Kijk.,Kijk.,Look.,neutral,curiosity,neutral,neutral
"00:12:47,000","00:12:48,000",Ja.,Ja.,And.,neutral,neutral,neutral,neutral
"00:12:48,000","00:12:49,000",Oeh!,Oeh!,Oh!,surprise,surprise,surprise,surprise
"00:12:49,000","00:12:50,000","Ja, kijk!","Ja, kijk!","Yes, look!",surprise,excitement,happiness,happiness
"00:12:50,000","00:12:51,000","Oeh, wauw!","Oeh, wauw!","Ooh, wow!",surprise,surprise,surprise,surprise
"00:12:51,000","00:12:54,000","Als je een cassave vond, dan heb je hem al natuurlijk.","Als je een cassave vond, dan heb je hem al natuurlijk.","If you found a cassava, then of course you already have it.",neutral,realization,surprise,neutral
"00:12:54,000","00:12:57,000","Als het een cassave is, dan ben ik happy.","Als het een cassave is, dan ben ik happy.","If it's cassava, then I'm happy.",neutral,joy,happiness,happiness
"00:12:57,000","00:13:02,000","Wat ik de vorige keer mee deed, was eerst een beetje zeewater inkoken en dan heb je zout.","Wat ik de vorige keer mee deed, was eerst een beetje zeewater inkoken en dan heb je zout.",What I did last time was first boil down a little seawater and then you have salt.,neutral,neutral,neutral,neutral
"00:13:02,000","00:13:03,000","Ja, lekker.","Ja, lekker.",Yes Nice.,neutral,approval,happiness,happiness
"00:13:03,000","00:13:09,000","Dan hier schuifjes, die koken en dan bakken.","Dan hier schuifjes, die koken en dan bakken.","Then here are sliders, which boil and then bake.",neutral,neutral,neutral,neutral
"00:13:10,000","00:13:11,000","Oeh, chippies!","Oeh, chippies!","Oh, chippies!",surprise,excitement,happiness,happiness
"00:13:11,000","00:13:12,000","Oeh, lekker!","Oeh, lekker!","Ooh, yummy!",happiness,joy,happiness,happiness
"00:13:15,000","00:13:18,000",Ik heb zo'n cassave een dag niet geleefd.,Ik heb zo'n cassave een dag niet geleefd.,I haven't eaten such cassava for a day.,neutral,disappointment,sadness,sadness
"00:13:18,000","00:13:19,000",MUZIEK.,MUZIEK.,MUSIC.,neutral,neutral,neutral,neutral
"00:14:54,000","00:14:57,000",Je weet tenslotte nooit wanneer er gestreden moet worden.,Je weet tenslotte nooit wanneer er gestreden moet worden.,"After all, you never know when a fight might arise.",neutral,nervousness,fear,fear
"00:14:57,000","00:14:58,000",MUZIEK.,MUZIEK.,MUSIC.,neutral,neutral,neutral,neutral
"00:15:01,000","00:15:03,000","Jezus, ik heb het echt heel druk jongens.","Jezus, ik heb het echt heel druk jongens.","Jesus, I'm really busy guys.",anger,annoyance,anger,anger
"00:15:03,000","00:15:05,000","Oh, dit is lekker, dit is lekker.","Oh, dit is lekker, dit is lekker.","Oh, this is good, this is good.",happiness,joy,happiness,happiness
"00:15:05,000","00:15:08,000","Deze kunnen bijna niet bijten, dus je kunt er een klauw op zetten.","Deze kunnen bijna niet bijten, dus je kunt er een klauw op zetten.","These are almost impossible to bite, so you can put a claw on them.",neutral,realization,surprise,surprise
"00:15:09,000","00:15:10,000",Wat is dit nou?,Wat is dit nou?,What is this now?,surprise,confusion,sadness,surprise
"00:15:10,000","00:15:11,000",MUZIEK.,MUZIEK.,MUSIC.,neutral,neutral,neutral,neutral
"00:15:12,000","00:15:13,000","Ik heb hem, ik heb hem.","Ik heb hem, ik heb hem.","I got him, I got him.",happiness,excitement,happiness,happiness
"00:15:13,000","00:15:14,000","Oh nee, nee.","Oh nee, nee.","Oh no, no.",neutral,disappointment,sadness,neutral
"00:15:14,000","00:15:15,000","Au, au, deze bijt wel.","Au, au, deze bijt wel.","Ouch, ow, this one bites.",surprise,surprise,surprise,surprise
"00:15:15,000","00:15:16,000",GELACH.,GELACH.,LAUGHTER.,happiness,amusement,happiness,happiness
"00:15:16,000","00:15:17,000",GELACH.,GELACH.,LAUGHTER.,happiness,amusement,happiness,happiness
"00:15:18,000","00:15:19,000",Deze bijt wel.,Deze bijt wel.,This one bites.,happiness,surprise,surprise,surprise
"00:15:19,000","00:15:20,000",GELACH.,GELACH.,LAUGHTER.,happiness,amusement,happiness,happiness
"00:15:20,000","00:15:21,000",Goed jas!,Goed jas!,Nice coat!,happiness,admiration,happiness,happiness
"00:15:21,000","00:15:22,000",MUZIEK.,MUZIEK.,MUSIC.,neutral,neutral,neutral,neutral
"00:15:30,000","00:15:31,000",Het was ook wel bijzonder.,Het was ook wel bijzonder.,It was also quite special.,neutral,admiration,happiness,neutral
"00:15:31,000","00:15:36,000",Thuis zit je nooit met zeven man naar een pand te kijken hoe je eten aan het garen is.,Thuis zit je nooit met zeven man naar een pand te kijken hoe je eten aan het garen is.,"At home, you never sit with seven people in a building watching your food being cooked.",neutral,realization,surprise,neutral
"00:15:36,000","00:15:37,000",Gaaf!,Gaaf!,Great!,happiness,joy,happiness,happiness
"00:15:37,000","00:15:40,000","Yes, we kunnen eten!","Yes, we kunnen eten!","Yes, we can eat!",happiness,joy,happiness,happiness
"00:15:40,000","00:15:43,000",We pakken ieder twee af en geven ze door.,We pakken ieder twee af en geven ze door.,We each take two and pass them on.,neutral,approval,happiness,neutral
"00:15:44,000","00:15:45,000","Kijk, die blijft.","Kijk, die blijft.","Look, that one stays.",neutral,surprise,surprise,surprise
"00:15:45,000","00:15:46,000",Heet!,Heet!,Is called!,surprise,neutral,neutral,neutral
"00:15:46,000","00:15:47,000",Smakelijk!,Smakelijk!,Tasty!,happiness,joy,happiness,happiness
"00:15:47,000","00:15:48,000",Smakelijk!,Smakelijk!,Tasty!,happiness,joy,happiness,happiness
"00:15:48,000","00:15:54,000","En dan krijg je die eerste gebakken cassave en dat brengt je wel terug naar je vorige expeditie,","En dan krijg je die eerste gebakken cassave en dat brengt je wel terug naar je vorige expeditie,","And then you get that first fried cassava and that takes you back to your previous expedition,",disgust,nostalgia,sadness,neutral
"00:15:54,000","00:15:59,000",want dat heb je daar ook zoveel gegeten en die smaak komt weer terug.,want dat heb je daar ook zoveel gegeten en die smaak komt weer terug.,because you ate so much of that there and that taste comes back.,disgust,joy,happiness,neutral
"00:15:59,000","00:16:01,000","En het was lekker, super!","En het was lekker, super!","And it was delicious, super!",happiness,joy,happiness,happiness
"00:16:01,000","00:16:05,000","Je moet gewoon heel langzaam eten, want niet doorhap je.","Je moet gewoon heel langzaam eten, want niet doorhap je.","You just have to eat very slowly, because you don't eat too much.",happiness,advice,neutral,neutral
"00:16:05,000","00:16:06,000",MUZIEK.,MUZIEK.,MUSIC.,neutral,neutral,neutral,neutral
"00:16:08,000","00:16:09,000",Niet slecht.,Niet slecht.,Not bad.,surprise,approval,happiness,happiness
"00:16:09,000","00:16:11,000","Zo, tien hele stukjes cassave!","Zo, tien hele stukjes cassave!","There, ten whole pieces of cassava!",happiness,joy,happiness,happiness
"00:16:12,000","00:16:14,000",Ik zie het ook al bijna vol hoor.,Ik zie het ook al bijna vol hoor.,I can see it almost being full already.,happiness,optimism,happiness,happiness
"00:16:14,000","00:16:15,000",GELACH.,GELACH.,LAUGHTER.,happiness,amusement,happiness,happiness
"00:16:15,000","00:16:16,000",Het kan echt niet meer.,Het kan echt niet meer.,It really can't go on anymore.,surprise,exhaustion,neutral,sadness
"00:16:16,000","00:16:18,000","Bertie, ben je tevreden?","Bertie, ben je tevreden?","Bertie, are you satisfied?",neutral,curiosity,neutral,neutral
"00:16:18,000","00:16:19,000",Ik ben tevreden.,Ik ben tevreden.,I am satisfied.,neutral,joy,happiness,happiness
"00:16:19,000","00:16:20,000",Ja.,Ja.,And.,neutral,neutral,neutral,neutral
"00:16:20,000","00:16:21,000",Toch?,Toch?,However?,surprise,confusion,sadness,surprise
"00:16:21,000","00:16:22,000",Mij ook!,Mij ook!,Me too!,neutral,joy,happiness,happiness
"00:16:22,000","00:16:23,000",MUZIEK.,MUZIEK.,MUSIC.,neutral,neutral,neutral,neutral
"00:16:33,000","00:16:34,000",GELUID VAN WATER.,GELUID VAN WATER.,SOUND OF WATER.,neutral,neutral,neutral,neutral
"00:16:34,000","00:16:35,000",MUZIEK.,MUZIEK.,MUSIC.,neutral,neutral,neutral,neutral
"00:16:42,000","00:16:46,000",Ik ben chef keuken en ik moet uiteindelijk onmisbaar worden.,Ik ben chef keuken en ik moet uiteindelijk onmisbaar worden.,I am a kitchen chef and I must ultimately become indispensable.,neutral,determination,neutral,neutral
"00:04:24,000","00:04:27,000",belangrijke informatie over het extractiepunt.,belangrijke informatie over het extractiepunt.,important information about the extraction point.,neutral ,curiosity,neutral,
"00:04:27,000","00:04:29,000",Onthoud die naam dus goed.,Onthoud die naam dus goed.,So remember that name well.,neutral ,neutral,neutral,
"00:04:29,000","00:04:31,000",Je moet nog iets op dat briefje schrijven.,Je moet nog iets op dat briefje schrijven.,You still have to write something on that note.,neutral ,neutral,neutral,
"00:04:31,000","00:04:33,000",Namelijk een codewoord.,Namelijk een codewoord.,Namely a code word.,neutral ,neutral,neutral,
"00:04:33,000","00:04:36,000",Een codewoord dat jullie allebei goed kunnen onthouden.,Een codewoord dat jullie allebei goed kunnen onthouden.,A code word that you can both remember well.,neutral ,neutral,neutral,
"00:04:36,000","00:04:38,000",Dat kent hij sowieso.,Dat kent hij sowieso.,He knows that anyway.,neutral ,realization,surprise,
"00:04:38,000","00:04:41,000",Dat kunnen ze nooit gehalen en dat kunnen we onthouden.,Dat kunnen ze nooit gehalen en dat kunnen we onthouden.,They can never achieve that and we can remember that.,surprise,optimism,happiness,
"00:04:41,000","00:04:43,000","Ja, ik vertrouw jou.","Ja, ik vertrouw jou.","Yes, I trust you.",neutral ,trust,neutral,
"00:04:43,000","00:04:45,000",Doe het niet.,Doe het niet.,Do not do it.,fear,disapproval,disgust,
"00:04:45,000","00:04:50,000",Zorg ervoor dat je op de dag van de extractie hier terug bent.,Zorg ervoor dat je op de dag van de extractie hier terug bent.,Make sure you are back here on the day of the extraction.,neutral ,neutral,neutral,
"00:04:50,000","00:04:55,000",Precies op deze plek waar je nu bent.,Precies op deze plek waar je nu bent.,Right in this place where you are now.,neutral ,neutral,neutral,
"00:04:55,000","00:04:57,000",Wat?,Wat?,What?,surprise,surprise,surprise,surprise
"00:04:57,000","00:04:59,000",Op deze plek?,Op deze plek?,In this place?,surprise,surprise,surprise,surprise
"00:04:59,000","00:05:01,000",En maak geen fouten.,En maak geen fouten.,And don't make mistakes.,fear,warning,anger,
"00:05:01,000","00:05:03,000",Want als jij een fout maakt...,Want als jij een fout maakt...,Because if you make a mistake...,neutral ,fear,fear,
"00:05:03,000","00:05:05,000",dan kan je ook een fout maken.,dan kan je ook een fout maken.,then you can also make a mistake.,neutral ,fear,fear,
"00:05:06,000","00:05:08,000",Want als jij een fout maakt...,Want als jij een fout maakt...,Because if you make a mistake...,neutral ,fear,fear,
"00:05:08,000","00:05:10,000",dan kan wat anderen de kop kosten.,dan kan wat anderen de kop kosten.,then something can cost others.,neutral ,fear,fear,
"00:05:10,000","00:05:13,000",Tot slot ligt er voor ieder duo bij de deur een telefoontje.,Tot slot ligt er voor ieder duo bij de deur een telefoontje.,"Finally, there is a phone call for each duo at the door.",surprise,curiosity,neutral,
"00:05:13,000","00:05:15,000",Pak er een als je gaat.,Pak er een als je gaat.,Grab one if you go.,neutral ,neutral,neutral,
"00:05:15,000","00:05:18,000",Er liggen zes oude mobiele telefoons.,Er liggen zes oude mobiele telefoons.,There are six old mobile phones.,neutral ,neutral,neutral,
"00:05:18,000","00:05:21,000",Die zijn nodig om de aanwijzing die de voortvluchtigen...,Die zijn nodig om de aanwijzing die de voortvluchtigen...,These are necessary to identify the fugitives...,neutral ,realization,surprise,
"00:05:21,000","00:05:24,000",na zeven dagen krijgen te ontcijferen.,na zeven dagen krijgen te ontcijferen.,after seven days to decipher.,neutral ,curiosity,neutral,
"00:05:24,000","00:05:28,000",Het is dus cruciaal dat iedereen er één meepakt.,Het is dus cruciaal dat iedereen er één meepakt.,So it is crucial that everyone grabs one.,neutral ,urgency,fear,
"00:05:28,000","00:05:31,000",De telefoons hoeven hiervoor niet te worden aangezet.,De telefoons hoeven hiervoor niet te worden aangezet.,The phones do not need to be turned on for this.,neutral ,neutral,neutral,
"00:05:31,000","00:05:34,000",En ze zijn niet voorzien van een simkaart.,En ze zijn niet voorzien van een simkaart.,And they are not equipped with a SIM card.,neutral ,neutral,neutral,
"00:05:35,000","00:05:38,000","Klaas, we gaan aftellen.","Klaas, we gaan aftellen.","Klaas, we're starting the countdown.",neutral ,excitement,happiness,
"00:05:38,000","00:05:41,000","Drie, twee, één.","Drie, twee, één.",Three two one.,neutral ,excitement,happiness,
"00:05:41,000","00:05:43,000",Let the hunt begin.,Let the hunt begin.,Let the hunt begin.,neutral ,excitement,happiness,
"00:05:43,000","00:05:45,000","Oké, let's go.","Oké, let's go.","Oké, let's go.",neutral ,excitement,happiness,
"00:05:47,000","00:05:49,000","Stukje redden, Mark.","Stukje redden, Mark.","Save a piece, Mark.",neutral ,neutral,neutral,
"00:05:49,000","00:05:52,000","Alsjeblieft, telefoon. Niet te veel kijken.","Alsjeblieft, telefoon. Niet te veel kijken.","Please, phone. Don't look too much.",fear,nervousness,fear,fear
"00:05:52,000","00:05:54,000","Oh, telefoon. Welke pakken? Deze.","Oh, telefoon. Welke pakken? Deze.","Oh, phone. Which suits? This.",neutral ,confusion,sadness,
"00:05:54,000","00:05:56,000","Welke pak zijn we, jongens?","Welke pak zijn we, jongens?","What suit are we, guys?",neutral ,confusion,sadness,
"00:05:56,000","00:05:58,000","O, tering. Waar zijn we?","O, tering. Waar zijn we?",Oh shit. Where are we?,fear,confusion,sadness,
"00:05:58,000","00:06:01,000","Ik weet waar we zijn. Fuck, ja, tuurlijk.","Ik weet waar we zijn. Fuck, ja, tuurlijk.","I know where we are. Fuck, yeah, sure.",neutral ,realization,surprise,
"00:06:01,000","00:06:04,000","Shit, waarom weten wij dat niet? Kijk boven.","Shit, waarom weten wij dat niet? Kijk boven.","Shit, why don't we know that? Look above.",neutral ,confusion,sadness,
"00:06:04,000","00:06:07,000","Ja, zeker, Euromast. Euromast, ja, fuck.","Ja, zeker, Euromast. Euromast, ja, fuck.","Yes, certainly, Euromast. Euromast, yeah, fuck.",fear,realization,surprise,
"00:06:07,000","00:06:09,000","Hé, jongens, attentie. Kom even bij.","Hé, jongens, attentie. Kom even bij.","Hey, guys, attention. Come relax for a moment.",neutral ,caring,happiness,
"00:06:09,000","00:06:11,000",Steencontainer. Godskuleren.,Steencontainer. Godskuleren.,Stone container. Godskuleer.,neutral ,surprise,surprise,
"00:06:11,000","00:06:13,000","Het is hier aan de overkant, man.","Het is hier aan de overkant, man.","It's across the street here, man.",neutral ,realization,surprise,
"00:06:13,000","00:06:17,000","Kut, de hoofdkantoor zit hier. We moeten hier weg.","Kut, de hoofdkantoor zit hier. We moeten hier weg.","Shit, the head office is here. We have to get out of here.",fear,fear,fear,fear
"00:06:17,000","00:06:19,000",Fuck.,Fuck.,Fuck.,fear,anger,anger,
"00:06:22,000","00:06:25,000","Denise, alle teams richting Rotterdam.","Denise, alle teams richting Rotterdam.","Denise, all teams heading to Rotterdam.",neutral ,neutral,neutral,
"00:31:48,000","00:31:49,000",Oké.,Oké.,Okay.,Neutral ,neutral,neutral,neutral
"00:31:49,000","00:31:50,000",Dit is de dagboekhouding.,Dit is de dagboekhouding.,This is the diary pose.,Neutral,neutral,neutral,neutral
"00:31:50,000","00:31:51,000",Ja.,Ja.,And.,Neutral ,neutral,neutral,neutral
"00:31:51,000","00:31:52,000",Daar kan je een verhaal krijgen.,Daar kan je een verhaal krijgen.,You can get a story there.,Neutral ,curiosity,neutral,neutral
"00:31:52,000","00:31:53,000","Nog eens, ja.","Nog eens, ja.","Again, yes.",Anger,neutral,neutral,neutral
"00:31:53,000","00:31:54,000",Ja.,Ja.,And.,Neutral ,neutral,neutral,neutral
"00:31:54,000","00:31:55,000",De bafel.,De bafel.,The bafel.,Neutral ,confusion,sadness,neutral
"00:31:55,000","00:31:56,000",Ah!,Ah!,Ah!,Surprise,surprise,surprise,surprise
"00:31:56,000","00:31:57,000","Oh, maar kijk.","Oh, maar kijk.","Oh, but look.",Surprise,curiosity,neutral,surprise
"00:31:57,000","00:31:58,000",Het is roze.,Het is roze.,It's pink.,Neutral ,realization,surprise,surprise
"00:31:58,000","00:31:59,000",Het is echt...,Het is echt...,It is real...,Surprise ,realization,surprise,surprise
"00:31:59,000","00:32:00,000",Mwah.,Mwah.,Wow.,Surprise,surprise,surprise,surprise
"00:32:00,000","00:32:01,000",Love it.,Love it.,Love it.,Happiness ,joy,happiness,happiness
"00:32:01,000","00:32:02,000","Ja, ik vind het ook leuk.","Ja, ik vind het ook leuk.","Yes, I like it too.",Happiness ,joy,happiness,happiness
"00:32:02,000","00:32:03,000","Maar jou is wel roze, hè?","Maar jou is wel roze, hè?","But yours is pink, right?",Surprise,curiosity,neutral,neutral
"00:32:03,000","00:32:05,000","Ja, ik ben echt in de Barbie-vibe.","Ja, ik ben echt in de Barbie-vibe.","Yep, I'm really into the Barbie vibe.",neutral ,joy,happiness,happiness
"00:32:05,000","00:32:06,000",Nee.,Nee.,Nee.,Neutral ,disapproval,disgust,neutral
"00:32:06,000","00:32:07,000",Nee.,Nee.,Nee.,Neutral ,disapproval,disgust,neutral
"00:32:07,000","00:32:08,000",Hoe schattig is dit?,Hoe schattig is dit?,How cute is this?,Happiness  ,joy,happiness,happiness
"00:32:08,000","00:32:09,000",Dit is zo schattig.,Dit is zo schattig.,This is so cute.,Happiness ,joy,happiness,happiness
"00:32:09,000","00:32:10,000","Oh, my God.","Oh, my God.","Oh, my God.",Surprise,surprise,surprise,surprise
"00:32:10,000","00:32:11,000",Wow.,Wow.,Wow.,Surprise,surprise,surprise,surprise
"00:32:11,000","00:32:12,000",Mooi Barbie-room.,Mooi Barbie-room.,Beautiful Barbie room.,Happiness ,admiration,happiness,happiness
"00:32:12,000","00:32:13,000","Leuk, hè?","Leuk, hè?","Nice, huh?",Happiness ,approval,happiness,happiness
"00:32:13,000","00:32:14,000",Dit is zo schattig.,Dit is zo schattig.,This is so cute.,Happiness ,joy,happiness,happiness
"00:32:14,000","00:32:15,000",Dit is toch te leuk?,Dit is toch te leuk?,"This is too much fun, isn't it?",Happiness ,joy,happiness,happiness
"00:32:15,000","00:32:16,000",Hier kunnen we gewoon...,Hier kunnen we gewoon...,Here we can just...,Neutral,neutral,neutral,neutral
"00:32:16,000","00:32:17,000",Maar waar is dit?,Maar waar is dit?,But where is this?,Neutral,confusion,sadness,neutral
"00:32:17,000","00:32:18,000",Is dat gewoon een plek om...,Is dat gewoon een plek om...,Is that just a place to...,Disgust ,curiosity,neutral,neutral
"00:32:18,000","00:32:19,000","...te chatten, ja?","...te chatten, ja?","...to chat, yes?",Neutral ,realization,surprise,neutral
"00:32:19,000","00:32:20,000",Natuurlijk.,Natuurlijk.,Naturally.,Neutral ,approval,happiness,neutral
"00:32:20,000","00:32:21,000","Oh, my God.","Oh, my God.","Oh, my God.",Surprise,surprise,surprise,surprise
"00:32:21,000","00:32:22,000",En we zijn ook alle drie bewoond.,En we zijn ook alle drie bewoond.,And all three of us are also occupied.,Neutral,realization,surprise,surprise
"00:32:22,000","00:32:23,000",Wij zitten alle drie bewoond.,Wij zitten alle drie bewoond.,All three of us are occupied.,Neutral,realization,surprise,surprise
"00:32:23,000","00:32:24,000",Wij zitten alle drie in hetzelfde schuitje.,Wij zitten alle drie in hetzelfde schuitje.,All three of us are in the same boat.,Neutral,realization,surprise,surprise
"00:32:24,000","00:32:25,000",Alle drie geen koffer.,Alle drie geen koffer.,All three have no suitcase.,Neutral ,disappointment,sadness,sadness
"00:32:25,000","00:32:26,000",Koffer.,Koffer.,Suitcase.,Neutral ,neutral,neutral,neutral
"00:32:26,000","00:32:27,000",We kunnen gewoon allemaal niet...,We kunnen gewoon allemaal niet...,We all just can't...,Fear ,disappointment,sadness,sadness
"00:32:27,000","00:32:28,000",Ja.,Ja.,And.,Neutral ,neutral,neutral,neutral
"00:32:28,000","00:32:29,000",...ons make-up eraf halen.,...ons make-up eraf halen.,...removing our makeup.,Neutral ,neutral,neutral,neutral
"00:32:29,000","00:32:30,000",Tanden poetsen.,Tanden poetsen.,Toothbrushing.,Neutral ,neutral,neutral,neutral
"00:32:30,000","00:32:31,000",Dat vind ik echt...,Dat vind ik echt...,I really think so...,Neutral ,realization,surprise,neutral
"00:32:31,000","00:32:32,000",Nee.,Nee.,Nee.,Neutral ,disapproval,disgust,disgust
"00:32:32,000","00:32:33,000",Het naars...,Het naars...,The nasty...,Disgust ,disgust,disgust,disgust
"00:51:51,000","00:51:53,000","O, leuk. Ja, ik heb twee kids.","O, leuk. Ja, ik heb twee kids.","Oh nice. Yes, I have two kids.",Happiness ,joy,happiness,happiness
"00:51:53,000","00:51:56,000",En ik ben daardoor... En van welke leeftijd?,En ik ben daardoor... En van welke leeftijd?,And that makes me... And what age?,neutral,curiosity,neutral,neutral
"00:51:56,000","00:51:58,000",Veertien en zeven.,Veertien en zeven.,Fourteen and seven.,neutral,neutral,neutral,neutral
"00:51:58,000","00:52:01,000","Veertien en zeven? Ja, dus het is best wel een hap.","Veertien en zeven? Ja, dus het is best wel een hap.","Fourteen and seven? Yeah, so it's quite a bite.",surprise,realization,surprise,surprise
"00:52:01,000","00:52:03,000","Ja, maar je bent ook een hapsje jong.","Ja, maar je bent ook een hapsje jong.","Yes, but you're also a bit young.",surprise,surprise,surprise,surprise
"00:52:03,000","00:52:05,000","Tuuriendertig, toch? Ja.","Tuuriendertig, toch? Ja.","Thirty-nine, right? Yes.",neutral,neutral,neutral,neutral
"00:52:05,000","00:52:07,000",Best wel veel jonge mensen.,Best wel veel jonge mensen.,Quite a lot of young people.,surprise,realization,surprise,surprise
"00:52:07,000","00:52:09,000","Echt veel jonge mensen. Hij is vroeg op, denk ik.","Echt veel jonge mensen. Hij is vroeg op, denk ik.","Really a lot of young people. He's up early, I think.",surprise,realization,surprise,surprise
"00:52:09,000","00:52:12,000",Echt veel jonge mensen. Ik vind het toch wel plezanter.,Echt veel jonge mensen. Ik vind het toch wel plezanter.,Really a lot of young people. I find it more fun anyway.,surprise,joy,happiness,happiness
"00:52:12,000","00:52:14,000",Kunnen we een beetje jongere taal praten.,Kunnen we een beetje jongere taal praten.,Can we talk a little younger language?,fear,desire,happiness,happiness
"00:52:14,000","00:52:17,000","Nee, maar met ouderen heb je wel een leuke dynamiek in de groep.","Nee, maar met ouderen heb je wel een leuke dynamiek in de groep.","No, but with older people you do have a nice dynamic in the group.",neutral,approval,happiness,neutral
"00:52:17,000","00:52:19,000","Heb ik, denk ik, ook. Leuk, hoor.","Heb ik, denk ik, ook. Leuk, hoor.",I think so too. Nice though.,neutral,approval,happiness,neutral
"00:52:19,000","00:52:23,000","Ik wil wel, zoals je zei in het begin, een moeder- of vaderfiguur moeten worden.","Ik wil wel, zoals je zei in het begin, een moeder- of vaderfiguur moeten worden.","I do want to have to become, as you said in the beginning, a mother or father figure.",Happiness ,desire,happiness,happiness
"00:52:23,000","00:52:25,000",Dat is leuk. Dat is leuk.,Dat is leuk. Dat is leuk.,That's nice. That's nice.,Happiness ,approval,happiness,happiness
"00:52:25,000","00:52:27,000",Ik hoop inderdaad wel dat we wat meer...,Ik hoop inderdaad wel dat we wat meer...,I certainly hope we get some more...,sadness,hope,happiness,happiness
"00:52:27,000","00:52:29,000",Maar we hebben sowieso Lee nu.,Maar we hebben sowieso Lee nu.,"But anyway, we have Lee now.",sadness,neutral,neutral,neutral
"00:52:29,000","00:52:31,000",Dat is sowieso onze papa al.,Dat is sowieso onze papa al.,That's our dad anyway.,anger,admiration,happiness,happiness
"00:52:31,000","00:52:35,000","Dat is sowieso onze papa al. Dat is sowieso nu onze papa, onze zanger.","Dat is sowieso onze papa al. Dat is sowieso nu onze papa, onze zanger.","That's already our daddy anyway. That's our daddy anyway, our singer.",Happiness ,admiration,happiness,happiness
"00:52:35,000","00:52:37,000",Wat voor muziek? Nederlandstalig.,Wat voor muziek? Nederlandstalig.,What kind of music? Dutch-speaking.,neutral,curiosity,neutral,neutral
"00:52:37,000","00:52:39,000","Een beetje pop, Nederlandstalig.","Een beetje pop, Nederlandstalig.","A bit of pop, in Dutch.",neutral,neutral,neutral,neutral
"00:52:39,000","00:52:41,000","Ja, ja, ja. O, mooi, mooi.","Ja, ja, ja. O, mooi, mooi.","Yes Yes Yes. Oh, beautiful, beautiful.",Happiness ,admiration,happiness,happiness
"00:52:41,000","00:52:43,000","Levenslied. Ja, ik luister veel muziek.","Levenslied. Ja, ik luister veel muziek.","Song of life. Yes, I listen to a lot of music.",Happiness ,joy,happiness,happiness
"00:52:43,000","00:52:45,000",Dus ik ben niet zo muzikaal.,Dus ik ben niet zo muzikaal.,So I'm not that musical.,sadness,neutral,neutral,neutral
"00:52:45,000","00:52:48,000",Maar ik vind muziek luisteren wel geweldig.,Maar ik vind muziek luisteren wel geweldig.,But I do enjoy listening to music.,Happiness ,joy,happiness,happiness
"00:52:48,000","00:52:50,000","Ja, want muziek is passie, hè? Ja, precies.","Ja, want muziek is passie, hè? Ja, precies.","Yes, because music is passion, right? Yes, exactly.",Happiness ,approval,happiness,happiness
"00:52:50,000","00:52:52,000",Laat de zon in je haren...,Laat de zon in je haren...,Let the sun in your hair...,neutral,joy,happiness,neutral
"00:52:52,000","00:52:54,000",Wat is dit?,Wat is dit?,What is this?,surprise,confusion,sadness,surprise
"00:52:57,000","00:52:59,000",Oeh. Jij schrok?,Oeh. Jij schrok?,Ooh. You were shocked?,surprise,surprise,surprise,surprise
"00:52:59,000","00:53:01,000","O, jij schrok?","O, jij schrok?","Oh, you were shocked?",disgust,surprise,surprise,surprise
"00:53:01,000","00:53:02,000",Nieuwe!,Nieuwe!,New ones!,surprise,excitement,happiness,surprise
"00:53:04,000","00:53:07,000","Ja, het is sowieso... Ja, ik schrok.","Ja, het is sowieso... Ja, ik schrok.","Yeah, it's anyway... Yeah, I was shocked.",anger,surprise,surprise,surprise
"00:53:07,000","00:53:09,000","O, ben ik groen!","O, ben ik groen!","Oh, am I green!",surprise,surprise,surprise,surprise
"00:53:11,000","00:53:14,000","Danny, jij voorst maakt Tyron een duo.","Danny, jij voorst maakt Tyron een duo.","Danny, you front make Tyron a duo.",neutral,neutral,neutral,neutral
"00:53:14,000","00:53:16,000","Hé, Danny. Hallo, Danny.","Hé, Danny. Hallo, Danny.","Hey, Danny. Hello, Danny.",neutral,neutral,neutral,neutral
"00:53:16,000","00:53:20,000","Doe jullie jas aan, want jullie gaan elkaar leren kennen in de buitenlounge.","Doe jullie jas aan, want jullie gaan elkaar leren kennen in de buitenlounge.","Put on your coat, because you will get to know each other in the outdoor lounge.",neutral,anticipation,happiness,neutral
"00:53:20,000","00:53:22,000",O. Oké. We moeten naar buiten.,O. Oké. We moeten naar buiten.,Oh okay. We have to go outside.,disgust,acceptance,neutral,neutral
"00:53:22,000","00:53:25,000",En de valies? Is dat van jou? Is dat je eigen? Ja.,En de valies? Is dat van jou? Is dat je eigen? Ja.,And the suitcase? Is that yours? Is that your own? Yes.,surprise,curiosity,neutral,neutral
"00:53:25,000","00:53:28,000","O. Is dat goed? Ja, dat is goed, dat is goed.","O. Is dat goed? Ja, dat is goed, dat is goed.","Oh. Is that okay? Yes, that's good, that's good.",Happiness ,relief,happiness,happiness
"00:53:28,000","00:53:31,000","Dat is beter, want anders had je misschien die van hem.","Dat is beter, want anders had je misschien die van hem.","That's better, because otherwise you might have his.",neutral,relief,happiness,happiness
"00:53:31,000","00:53:34,000",Dan is het voor jou niet fijn geweest. Wij hebben allemaal geen koffer.,Dan is het voor jou niet fijn geweest. Wij hebben allemaal geen koffer.,Then it wasn't nice for you. We all don't have a suitcase.,sadness,disappointment,sadness,sadness
"00:53:34,000","00:53:37,000","Als ik eentje had van een meisje, dan loop ik hier met benen aan.","Als ik eentje had van een meisje, dan loop ik hier met benen aan.","If I had one from a girl, I would be walking around here with legs on.",neutral,amusement,happiness,neutral
"00:53:37,000","00:53:39,000",En slippen. Nee.,En slippen. Nee.,And slipping. No.,disgust,disapproval,disgust,disgust
"00:53:39,000","00:53:41,000","Oké, we gaan, Danny. Let's go. Zes. Ja.","Oké, we gaan, Danny. Let's go. Zes. Ja.","Okay, let's go, Danny. Let's go. Six. Yes.",Happiness ,excitement,happiness,happiness
"00:32:33,000","00:32:34,000","Je hebt wel supermooie tanden, trouwens.","Je hebt wel supermooie tanden, trouwens.","You have really nice teeth, by the way.",neutral ,admiration,happiness,happiness
"00:32:34,000","00:32:35,000",Dank je.,Dank je.,Thank you.,neutral ,gratitude,happiness,neutral
"00:32:35,000","00:32:36,000",Lief.,Lief.,Lief.,neutral ,joy,happiness,happiness
"00:32:36,000","00:32:37,000","Ja, heel mooi.","Ja, heel mooi.","Yes, very beautiful.",neutral ,admiration,happiness,happiness
"00:32:37,000","00:32:38,000","Wow, thanks.","Wow, thanks.","Wow, thanks.",surprised,gratitude,happiness,surprise
"00:32:38,000","00:32:39,000",Ja.,Ja.,And.,neutral ,neutral,neutral,neutral
"00:32:39,000","00:32:40,000","Nou, dank je.","Nou, dank je.","Well, thank you.",neutral ,gratitude,happiness,neutral
"00:32:40,000","00:32:41,000",Dit is de voorraadkamer.,Dit is de voorraadkamer.,This is the pantry.,neutral ,neutral,neutral,neutral
"00:32:41,000","00:32:42,000","Oké, en dit?","Oké, en dit?","Okay, what about this?",neutral ,curiosity,neutral,neutral
"00:32:42,000","00:32:43,000",Wat denk je?,Wat denk je?,What do you think?,neutral ,curiosity,neutral,neutral
"00:32:43,000","00:32:44,000",Welk gevoel heb je hier?,Welk gevoel heb je hier?,What feeling do you have here?,neutral ,curiosity,neutral,neutral
"00:32:44,000","00:32:45,000",Wacht even.,Wacht even.,Wait a second.,neutral ,neutral,neutral,neutral
"00:32:46,000","00:32:47,000",Slaapkamer.,Slaapkamer.,Bedroom.,neutral ,neutral,neutral,neutral
"00:32:47,000","00:32:48,000",Slaapkamer.,Slaapkamer.,Bedroom.,neutral ,neutral,neutral,neutral
"00:32:48,000","00:32:49,000",Tegenover de kast.,Tegenover de kast.,Opposite the closet.,neutral ,neutral,neutral,neutral
"00:32:49,000","00:32:50,000",Game room.,Game room.,Game room.,neutral ,neutral,neutral,neutral
"00:32:50,000","00:32:51,000",Game room.,Game room.,Game room.,neutral ,neutral,neutral,neutral
"00:32:51,000","00:32:52,000",Bingo op tafel.,Bingo op tafel.,Bingo on the table.,neutral ,amusement,happiness,neutral
"00:32:52,000","00:32:53,000","Bewoners, kom naar de woonkamer.","Bewoners, kom naar de woonkamer.","Residents, come to the living room.",neutral ,neutral,neutral,neutral
"00:32:53,000","00:32:54,000",Wie?,Wie?,How?,neutral ,confusion,sadness,surprise
"00:32:54,000","00:32:55,000","Bewoners, kom.","Bewoners, kom.","Residents, come.",neutral ,neutral,neutral,neutral
"00:32:55,000","00:32:56,000",Ik hoorde dat niet goed.,Ik hoorde dat niet goed.,I didn't hear that right.,neutral ,confusion,sadness,neutral
"00:32:56,000","00:32:57,000",Er komt een nieuwe.,Er komt een nieuwe.,A new one is coming.,neutral ,surprise,surprise,neutral
"00:32:57,000","00:32:58,000",Ja.,Ja.,And.,neutral ,neutral,neutral,neutral
"00:32:58,000","00:32:59,000",Ja.,Ja.,And.,neutral ,neutral,neutral,neutral
"00:32:59,000","00:33:00,000",Ja.,Ja.,And.,neutral ,neutral,neutral,neutral
"00:33:00,000","00:33:01,000",Ja.,Ja.,And.,neutral ,neutral,neutral,neutral
"00:33:01,000","00:33:02,000",Ja.,Ja.,And.,neutral ,neutral,neutral,neutral
"00:33:02,000","00:33:03,000",Ja.,Ja.,And.,neutral ,neutral,neutral,neutral
"00:33:03,000","00:33:04,000",Ja.,Ja.,And.,neutral ,neutral,neutral,neutral
"00:33:04,000","00:33:05,000",Ja.,Ja.,And.,neutral ,neutral,neutral,neutral
"00:33:05,000","00:33:06,000",Ja.,Ja.,And.,neutral ,neutral,neutral,neutral
"00:33:06,000","00:33:07,000",Ja.,Ja.,And.,neutral ,neutral,neutral,neutral
"00:33:07,000","00:33:08,000",Ja.,Ja.,And.,neutral ,neutral,neutral,neutral
"00:33:08,000","00:33:09,000",Ja.,Ja.,And.,neutral ,neutral,neutral,neutral
"00:33:09,000","00:33:10,000",Ja.,Ja.,And.,neutral ,neutral,neutral,neutral
"00:33:10,000","00:33:11,000",Ja.,Ja.,And.,neutral ,neutral,neutral,neutral
"00:33:11,000","00:33:12,000",Ja.,Ja.,And.,neutral ,neutral,neutral,neutral
"00:33:12,000","00:33:13,000",Ja.,Ja.,And.,neutral ,neutral,neutral,neutral
"00:33:13,000","00:33:14,000",Ja.,Ja.,And.,neutral ,neutral,neutral,neutral
"00:33:15,000","00:33:20,000","Bewoners, welkom in het Big Brother huis.","Bewoners, welkom in het Big Brother huis.","Residents, welcome to the Big Brother house.",neutral ,joy,happiness,neutral
"00:33:20,000","00:33:22,000","Hallo, Big Brother.","Hallo, Big Brother.","Hallo, Big Brother.",neutral ,neutral,neutral,neutral
"00:33:22,000","00:33:28,000",Ik hoop dat jullie het leuk vinden en dat de eerste indruk van elkaar goed is.,Ik hoop dat jullie het leuk vinden en de eerste indruk van elkaar goed is.,I hope you like it and the first impression of each other is good.,neutral ,optimism,happiness,happiness
"00:33:28,000","00:33:29,000",Zeker?,Zeker?,Certainly?,neutral ,confusion,sadness,neutral
"00:48:38,000","00:48:39,000",Nee.,Nee.,Nee.,neutral,disapproval,disgust,neutral
"00:48:39,000","00:48:40,000","Oké, dus jullie hebben niet geholpen.","Oké, dus jullie hebben niet geholpen.","Okay, so you guys didn't help.",neutral,disappointment,sadness,sadness
"00:48:40,000","00:48:41,000",Geen enkele wijze.,Geen enkele wijze.,No way.,surprise,disapproval,disgust,surprise
"00:48:41,000","00:48:43,000",Jullie hebben ze de afgelopen dagen niet gezien.,Jullie hebben ze de afgelopen dagen niet gezien.,You haven't seen them for the past few days.,neutral,surprise,surprise,surprise
"00:48:43,000","00:48:44,000",Nee.,Nee.,Nee.,neutral,disapproval,disgust,neutral
"00:48:44,000","00:48:45,000",Jij hebt ze niet gezien?,Jij hebt ze niet gezien?,You didn't see them?,neutral,surprise,surprise,surprise
"00:48:45,000","00:48:46,000",Wel gesproken.,Wel gesproken.,Well spoken.,neutral,approval,happiness,happiness
"00:48:46,000","00:48:47,000",Wel gesproken?,Wel gesproken?,Well spoken?,neutral,curiosity,neutral,neutral
"00:48:47,000","00:48:48,000","Ja, van de week dan.","Ja, van de week dan.","Yes, this week then.",neutral,approval,happiness,neutral
"00:48:48,000","00:48:49,000",Van de week.,Van de week.,This week.,neutral,neutral,neutral,neutral
"00:48:49,000","00:48:50,000",Ze zijn afscheid willen komen nemen.,Ze zijn afscheid willen komen nemen.,They wanted to come and say goodbye.,neutral,sadness,sadness,sadness
"00:48:50,000","00:48:51,000",Ja.,Ja.,And.,neutral,neutral,neutral,neutral
"00:48:51,000","00:48:52,000",Oké.,Oké.,Okay.,neutral,neutral,neutral,neutral
"00:48:53,000","00:48:54,000","Maar Romee, even.","Maar Romee, even.","But Romee, just a moment.",neutral,curiosity,neutral,neutral
"00:48:54,000","00:48:55,000",Ja.,Ja.,And.,neutral,neutral,neutral,neutral
"00:48:55,000","00:48:56,000",Maar met wie?,Maar met wie?,But with whom?,neutral,curiosity,neutral,neutral
"00:48:56,000","00:48:57,000",Twee auto's.,Twee auto's.,Two cars.,neutral,neutral,neutral,neutral
"00:48:57,000","00:48:58,000",Met wie kom je dan?,Met wie kom je dan?,Who are you coming with then?,neutral,curiosity,neutral,neutral
"00:48:58,000","00:48:59,000",Twee auto's.,Twee auto's.,Two cars.,neutral,neutral,neutral,neutral
"00:48:59,000","00:49:00,000",Zeker?,Zeker?,Certainly?,neutral,curiosity,neutral,neutral
"00:49:00,000","00:49:01,000","Ja, zeker.","Ja, zeker.",Of course.,neutral,approval,happiness,neutral
"00:49:01,000","00:49:02,000",Ja?,Ja?,And?,neutral,curiosity,neutral,neutral
"00:49:02,000","00:49:03,000",Top.,Top.,Top.,neutral,approval,happiness,neutral
"00:49:03,000","00:49:04,000",Niet vergeten.,Niet vergeten.,Do not forget.,neutral,nervousness,fear,fear
"00:49:04,000","00:49:05,000",Alsjeblieft.,Alsjeblieft.,Please.,neutral,caring,happiness,neutral
"00:49:05,000","00:49:06,000",Morgen.,Morgen.,Morning.,neutral,neutral,neutral,neutral
"00:49:06,000","00:49:07,000",Morgen shift.,Morgen shift.,Tomorrow shift.,neutral,neutral,neutral,neutral
"00:49:07,000","00:49:08,000",Om tien uur met twee auto's.,Om tien uur met twee auto's.,At ten o'clock with two cars.,neutral,neutral,neutral,neutral
"00:49:08,000","00:49:09,000",Tot morgen.,Tot morgen.,See you tomorrow.,neutral,optimism,happiness,happiness
"00:49:09,000","00:49:10,000","Ciao, ciao, ciao.","Ciao, ciao, ciao.",Hello Hello hello.,neutral,amusement,happiness,happiness
"00:49:10,000","00:49:11,000",Contactverwijdering.,Contactverwijdering.,Contact deletion.,neutral,neutral,neutral,neutral
"00:49:11,000","00:49:12,000","Ja, contactverwijdering.","Ja, contactverwijdering.","Yes, contact deletion.",neutral,approval,happiness,neutral
"00:49:12,000","00:49:13,000",Gebelde nummer ook verbijderen.,Gebelde nummer ook verbijderen.,Also hide the number called.,neutral,neutral,neutral,neutral
"00:49:13,000","00:49:14,000",Sorry voor de overlast.,Sorry voor de overlast.,Sorry for the inconvenience.,neutral,remorse,sadness,sadness
"00:49:14,000","00:49:18,000",De hunters voelen dat Rajiv's ouders niet de waarheid vertellen.,De hunters voelen dat Rajiv's ouders niet de waarheid vertellen.,The hunters sense that Rajiv's parents are not telling the truth.,neutral,realization,surprise,surprise
"00:49:18,000","00:49:21,000",Maar hebben ook door dat ze niks zullen gaan loslaten.,Maar hebben ook door dat ze niks zullen gaan loslaten.,But they also realize that they are not going to let anything go.,neutral,determination,neutral,neutral
"00:49:21,000","00:49:23,000",Voorlopig nemen ze daar genoegen mee.,Voorlopig nemen ze daar genoegen mee.,"For now, they are content with that.",neutral,satisfaction,happiness,happiness
"00:49:23,000","00:49:24,000",Tot ziens.,Tot ziens.,Bye.,neutral,neutral,neutral,neutral
"00:49:24,000","00:49:25,000","Hoi, hoi.","Hoi, hoi.",Hi Hi.,neutral,joy,happiness,happiness
"00:49:25,000","00:49:30,000","En omdat de bus van Rajiv's vader is uitgeleend, kan het baken nu niet geplaatst worden.","En omdat de bus van Rajiv's vader is uitgeleend, kan het baken nu niet geplaatst worden.","And because Rajiv's father's bus has been loaned out, the beacon cannot be placed now.",neutral,disappointment,sadness,sadness
"00:49:30,000","00:49:32,000",Toch was het bezoek niet voor niks.,Toch was het bezoek niet voor niks.,Yet the visit was not in vain.,neutral,relief,happiness,
"00:49:32,000","00:49:33,000",Had wijze geworden?,Had wijze geworden?,Had become wise?,neutral,curiosity,neutral,neutral
"00:49:33,000","00:49:35,000","Zeker wel, ja.","Zeker wel, ja.","Definitely, yes.",neutral,approval,happiness,happiness
"00:49:35,000","00:49:37,000",Hij heeft veel verklaard.,Hij heeft veel verklaard.,He has explained a lot.,neutral,gratitude,happiness,happiness
"00:28:47,000","00:28:49,000","Ja, genomen.","Ja, genomen.","Yes, taken.",neutral,neutral,neutral,neutral
"00:28:49,000","00:28:52,000","Zet jij gewoon vragen? Ja, ik vraag het wel.","Zet jij gewoon vragen? Ja, ik vraag het wel.","Do you just ask questions? Yes, I'll ask.",neutral,curiosity,neutral,neutral
"00:28:52,000","00:28:55,000",Mogen we misschien bellen met één van je telefoons?,Mogen we misschien bellen met één van je telefoons?,Can we perhaps call one of your phones?,neutral,curiosity,neutral,neutral
"00:28:55,000","00:28:57,000",Heb ik niet. Facetimen.,Heb ik niet. Facetimen.,I do not have. Facetime.,neutral,neutral,neutral,neutral
"00:28:59,000","00:29:01,000",Heb je een iPhone?,Heb je een iPhone?,Do you have an iPhone?,neutral,curiosity,neutral,neutral
"00:29:01,000","00:29:04,000","Wil je naar binnen? Als het mag, heel graag.","Wil je naar binnen? Als het mag, heel graag.","Do you want to go inside? If possible, I would very much like to.",neutral,desire,happiness,neutral
"00:29:04,000","00:29:07,000","Kun je een adres doorgeven? Ja, als het mag, heel graag.","Kun je een adres doorgeven? Ja, als het mag, heel graag.","Can you provide an address? Yes, if possible, very much.",neutral,curiosity,neutral,neutral
"00:29:07,000","00:29:10,000","Even cool blijven nadenken, dus we gaan vanaf hier bellen.","Even cool blijven nadenken, dus we gaan vanaf hier bellen.","Let's keep thinking cool, so we're going to call from here.",neutral,calm,neutral,neutral
"00:29:10,000","00:29:13,000",Heb je het adres kunnen aan mevrouw vragen? Ja.,Heb je het adres kunnen aan mevrouw vragen? Ja.,Were you able to ask madam for the address? Yes.,neutral,curiosity,neutral,neutral
"00:29:13,000","00:29:15,000","Vragen we twee auto's, als het lukt.","Vragen we twee auto's, als het lukt.","We will ask for two cars, if possible.",neutral,desire,happiness,neutral
"00:29:15,000","00:29:19,000",We zitten in ieder geval veilig. Ik wil dat we even kunnen zitten.,We zitten in ieder geval veilig. Ik wil dat we even kunnen zitten.,At least we're safe. I want us to sit down for a moment.,fear,relief,happiness,happiness
"00:29:19,000","00:29:21,000",Mag ik dan gelijk even facetimen?,Mag ik dan gelijk even facetimen?,Can I use FaceTime right away?,neutral,curiosity,neutral,neutral
"00:29:21,000","00:29:25,000","Celmarkt, zou jij willen schakelen naar de info in de box?","Celmarkt, zou jij willen schakelen naar de info in de box?","Celmarkt, would you like to switch to the information in the box?",neutral,curiosity,neutral,neutral
"00:29:25,000","00:29:27,000",Ikon en regif.,Ikon en regif.,Icon in regif.,neutral,confusion,sadness,neutral
"00:29:27,000","00:29:29,000",Er staan een aantal postcodes in...,Er staan een aantal postcodes in...,There are a number of zip codes in...,neutral,neutral,neutral,neutral
"00:29:29,000","00:29:32,000",van de weg die de vader heeft gereden met een busje.,van de weg die de vader heeft gereden met een busje.,of the road the father drove with a van.,neutral,neutral,neutral,neutral
"00:29:32,000","00:29:35,000",Ja. Wil je die even analyseren? Doe ik.,Ja. Wil je die even analyseren? Doe ik.,Yes. Would you like to analyze it? I will.,neutral,curiosity,neutral,neutral
"00:29:37,000","00:29:39,000","Ja, jonge. Wat ze opneemt.","Ja, jonge. Wat ze opneemt.","Yes, young one. What she records.",neutral,curiosity,neutral,neutral
"00:29:41,000","00:29:43,000","S, listen.","S, listen.","S, listen.",neutral,neutral,neutral,neutral
"00:29:43,000","00:29:46,000",Ik heb jullie nodig met twee auto's naar Rotterdam.,Ik heb jullie nodig met twee auto's naar Rotterdam.,I need you with two cars to Rotterdam.,neutral,desire,happiness,neutral
"00:29:46,000","00:29:49,000",Goed zo. Twee auto's naar Rotterdam.,Goed zo. Twee auto's naar Rotterdam.,Well done. Two cars to Rotterdam.,neutral,approval,happiness,neutral
"00:29:49,000","00:29:51,000",Is dat gelijk? Stap je in?,Is dat gelijk? Stap je in?,Is that right? Are you getting in?,neutral,curiosity,neutral,neutral
"00:29:51,000","00:29:54,000",Moet je een adres geven? Wat is het adres hier?,Moet je een adres geven? Wat is het adres hier?,Do you have to provide an address? What's the address here?,neutral,curiosity,neutral,neutral
"00:29:54,000","00:29:56,000",Wat zijn de verdere instructies?,Wat zijn de verdere instructies?,What are the further instructions?,neutral,curiosity,neutral,neutral
"00:29:58,000","00:30:00,000",Cornelis Mus.,Cornelis Mus.,Cornelis Mus.,neutral,neutral,neutral,neutral
"00:30:00,000","00:30:02,000","Straat? Telefoon thuislaten, alsjeblieft.","Straat? Telefoon thuislaten, alsjeblieft.",Street? Please leave your phone at home.,neutral,request,neutral,neutral
"00:30:02,000","00:30:04,000",Doe ik. Shop ook?,Doe ik. Shop ook?,I will. Shop too?,neutral,curiosity,neutral,neutral
"00:30:04,000","00:30:06,000","Ja. Oké, thanks. Ik zie je zo.","Ja. Oké, thanks. Ik zie je zo.","Yes. Okay, thanks. I see you soon.",happiness,gratitude,happiness,happiness
"00:30:06,000","00:30:08,000","Doei. Doei, doei, doei.","Doei. Doei, doei, doei.",Bye. Bye Bye Bye.,happiness,neutral,neutral,neutral
"00:30:08,000","00:30:10,000",Geniaal. Top. Oké.,Geniaal. Top. Oké.,Genius. Top. Okay.,happiness,admiration,happiness,happiness
"00:30:13,000","00:30:16,000","Jongens, jullie zijn echt heldig. Mochten ze jullie aanspreken...","Jongens, jullie zijn echt heldig. Mochten ze jullie aanspreken...","Guys, you are really heroic. If they speak to you...",happiness,admiration,happiness,happiness
"00:30:16,000","00:30:20,000","zeg alsjeblieft iets anders waar je ons hebt afgezet. Niet hier, ja?","zeg alsjeblieft iets anders waar je ons hebt afgezet. Niet hier, ja?","please say something else where you dropped us off. Not here, yes?",fear,request,neutral,fear
"00:30:20,000","00:30:22,000",Vriendinnen en huisgenoten Romy en Kelly...,Vriendinnen en huisgenoten Romy en Kelly...,Friends and housemates Romy and Kelly...,neutral,neutral,neutral,neutral
"00:30:22,000","00:30:25,000",hebben weliswaar meteen na de start een slinger gekregen.,hebben weliswaar meteen na de start een slinger gekregen.,admittedly got a swing immediately after the start.,neutral,excitement,happiness,neutral
"00:30:25,000","00:30:28,000",Toch zijn ze nog steeds Rotterdam niet uit.,Toch zijn ze nog steeds Rotterdam niet uit.,Yet they are still not out of Rotterdam.,neutral,disappointment,sadness,neutral
"00:30:28,000","00:30:32,000",Ze willen maar één ding. Zo snel mogelijk onder de radar.,Ze willen maar één ding. Zo snel mogelijk onder de radar.,They only want one thing. Under the radar as quickly as possible.,neutral,desire,happiness,neutral
"00:30:32,000","00:30:36,000","Oké, wat gaan we doen? Er is hier heel veel OV-mogelijkheden...","Oké, wat gaan we doen? Er is hier heel veel OV-mogelijkheden...","Okay, what are we going to do? There are many public transport options here...",neutral,curiosity,neutral,neutral
"00:30:36,000","00:30:40,000","want we zitten hier volgens mij bij Blaak, station Blaak.","want we zitten hier volgens mij bij Blaak, station Blaak.","because I think we are here at Blaak, Blaak station.",neutral,realization,surprise,neutral
"00:30:40,000","00:30:45,000",Dus willen we een trein? Heb je een gezichtsherkenning sowieso?,Dus willen we een trein? Heb je een gezichtsherkenning sowieso?,So do we want a train? Do you have facial recognition anyway?,neutral,curiosity,neutral,neutral
"00:30:45,000","00:30:47,000",We zitten altijd thuis te kijken en denken altijd dat we het beter kunnen...,We zitten altijd thuis te kijken en denken altijd dat we het beter kunnen...,We always sit at home watching and always think we can do better...,neutral,optimism,happiness,neutral
"00:30:47,000","00:30:49,000","zoals, denk ik, iedereen thuis.","zoals, denk ik, iedereen thuis.","like, I think, everyone at home.",neutral,neutral,neutral,neutral
"00:30:49,000","00:30:53,000",Ik denk dat wij heel erg zijn van de stappenplannen en de checklistjes.,Ik denk dat wij heel erg zijn van de stappenplannen en de checklistjes.,I think we really like the step-by-step plans and checklists.,neutral,joy,happiness,neutral
"00:30:53,000","00:30:57,000",En altijd gewoon drie stappen vooruitdenken. Het liefst vijf stappen vooruitdenken.,En altijd gewoon drie stappen vooruitdenken. Het liefst vijf stappen vooruitdenken.,And always just think three steps ahead. Preferably think five steps ahead.,neutral,optimism,happiness,neutral
"00:30:57,000","00:31:00,000","Zullen we vijf minuten busjes hier proberen? Als het niet lukt, gaan we...","Zullen we vijf minuten busjes hier proberen? Als het niet lukt, gaan we...","Shall we try five minute vans here? If it doesn't work out, we'll...",neutral,curiosity,neutral,neutral
"00:02:15,000","00:02:16,000",Spannend.,Spannend.,Exciting.,happiness,excitement,happiness,happiness
"00:02:20,000","00:02:22,000","Oh, my God.","Oh, my God.","Oh, my God.",surprise,surprise,surprise,surprise
"00:02:24,000","00:02:26,000","Rona, hier. Welkom.","Rona, hier. Welkom.","Rona, here. Welcome.",neutral,joy,happiness,neutral
"00:02:27,000","00:02:29,000","Hallo. Dag, mijn brother.","Hallo. Dag, mijn broer.","Hello. Hello, my brother.",neutral,joy,happiness,neutral
"00:02:30,000","00:02:32,000",Jouw avontuur kan beginnen.,Jouw avontuur kan beginnen.,Your adventure can begin.,neutral,excitement,happiness,happiness
"00:02:33,000","00:02:35,000","Ja, eindelijk. Heb je er zin in?","Ja, eindelijk. Heb je er zin in?","Yes, finally. Are you excited?",happiness,excitement,happiness,happiness
"00:02:35,000","00:02:39,000","Ik had nooit gedacht dat ik hier zou zitten, maar ik zit hier toch.","Ik had nooit gedacht dat ik hier zou zitten, maar ik zit hier toch.","I never thought I would be sitting here, but here I am.",surprise,surprise,surprise,surprise
"00:02:39,000","00:02:42,000",Dus ik heb er heel veel zin in. Ja.,Dus ik heb er heel veel zin in. Ja.,So I'm really looking forward to it. Yes.,happiness,excitement,happiness,happiness
"00:02:42,000","00:02:44,000",Ik heb belangrijk nieuws voor je.,Ik heb belangrijk nieuws voor je.,I have important news for you.,neutral,curiosity,neutral,neutral
"00:02:44,000","00:02:45,000",Nee. Hoe?,Nee. Hoe?,No. How?,surprise,confusion,sadness,sadness
"00:02:45,000","00:02:48,000",Jij blijft niet in dit huis.,Jij blijft niet in dit huis.,You are not staying in this house.,neutral,disapproval,disgust,neutral
"00:02:49,000","00:02:51,000",Jij start het avontuur elders.,Jij start het avontuur elders.,You start the adventure elsewhere.,neutral,curiosity,neutral,neutral
"00:02:52,000","00:02:53,000",Wat?,Wat?,What?,surprise,confusion,sadness,surprise
"00:02:55,000","00:02:56,000",Nee.,Nee.,Nee.,neutral,disapproval,disgust,disgust
"00:02:58,000","00:03:00,000","Nee, maar ik wil hier niet meer.","Nee, maar ik wil hier niet zijn.","No, but I don't want to be here.",disgust,disapproval,disgust,disgust
"00:03:00,000","00:03:05,000",Om de hoek waar het grote tv-scherm hangt vind je een geheime deur.,"Om de hoek waar de grote tv hangt, vind je een geheime deur.","Around the corner where the large TV hangs, you will find a secret door.",neutral,curiosity,neutral,neutral
"00:03:06,000","00:03:08,000",Met daarachter een geheime gang.,Daarachter zit een geheime gang.,Behind it is a secret passage.,neutral,curiosity,neutral,neutral
"00:03:09,000","00:03:13,000",Deze gang brengt je naar mijn tweede huis.,Deze gang brengt je naar mijn tweede huis.,This hallway takes you to my second home.,neutral,curiosity,neutral,neutral
"00:03:16,000","00:03:19,000",Dit is de plek waar jouw avontuur start.,Dit is de plek waar jouw avontuur begint.,This is the place where your adventure begins.,neutral,excitement,happiness,happiness
"00:03:20,000","00:03:24,000","Als je daar bent, wacht je op verdere instructies.","Als je daar bent, wacht dan op verdere instructies.","Once there, wait for further instructions.",neutral,curiosity,neutral,neutral
"00:03:27,000","00:03:29,000",What the fuck?,What the fuck?,What the fuck?,surprise,surprise,surprise,surprise
"00:03:32,000","00:03:33,000","Oh, my God.","Oh, my God.","Oh, my God.",surprise,surprise,surprise,surprise
"00:03:33,000","00:03:36,000",Ik weet wel niet wat ik hiervan moet vinden.,Ik weet echt niet wat ik hiervan moet denken.,I really don't know what to think about this.,surprise,confusion,sadness,sadness
"00:03:36,000","00:03:37,000",Eerlijk.,Eerlijk.,Honestly.,neutral,neutral,neutral,neutral
"00:03:38,000","00:03:41,000",Wacht. Laat me eerst die gang vinden.,Wacht. Laat me eerst eens die gang vinden.,Guard. Let me find that hallway first.,neutral,curiosity,neutral,neutral
"00:03:43,000","00:03:44,000",Wacht.,Wacht.,Guard.,neutral,neutral,neutral,neutral
"00:03:45,000","00:03:48,000",Een gang links om de hoek.,Een gang links om de hoek.,A hallway around the corner on the left.,neutral,curiosity,neutral,neutral
"00:03:51,000","00:03:52,000",Wacht even.,Wacht even.,Wait a second.,neutral,neutral,neutral,neutral
"00:03:58,000","00:04:01,000",Ik kan hier toch nooit mijn koffer doorkrijgen?,Ik kan hier mijn koffer toch nooit doorheen krijgen?,"I'll never be able to get my suitcase through here, will I?",surprise,disappointment,sadness,sadness
"00:04:06,000","00:04:07,000",Ah.,Ah.,Ah.,neutral,neutral,neutral,neutral
"00:04:11,000","00:04:13,000",What the fuck?,What the fuck?,What the fuck?,surprise,surprise,surprise,surprise
"00:04:15,000","00:04:16,000",What the...,What the...,What the...,surprise,surprise,surprise,surprise
"00:04:19,000","00:04:21,000",What the fuck? Wacht even.,What the fuck? Wacht even.,What the fuck? Wacht even.,fear,surprise,surprise,fear
"00:04:26,000","00:04:27,000","Oh, my God.","Oh, my God.","Oh, my God.",fear,surprise,surprise,fear
"00:04:31,000","00:04:34,000",Ik ga hier toch niet alleen zijn?,Ik ga hier toch niet alleen zijn?,"I'm not going to be alone here, am I?",fear,fear,fear,fear
"00:04:36,000","00:04:40,000",Hallo Vlaanderen en Nederland. Zijn jullie er klaar voor?,Hallo Vlaanderen en Nederland. Zijn jullie er klaar voor?,Hello Flanders and the Netherlands. Are you ready?,neutral,excitement,happiness,neutral
"00:04:42,000","00:04:43,000",Ik ben weer terug.,Ik ben weer terug.,I am back again.,neutral,joy,happiness,neutral
"00:04:45,000","00:04:47,000",Terug met mijn experiment.,Terug met mijn experiment.,Back with my experiment.,neutral,curiosity,neutral,neutral
"00:04:48,000","00:04:51,000",Een emotionele rollercoaster.,Een emotionele rollercoaster.,An emotional rollercoaster.,neutral,excitement,happiness,neutral
"00:04:51,000","00:04:52,000",Welkom in de hel.,Welkom in de hel.,Welcome to Hell.,neutral,fear,fear,neutral
"00:04:52,000","00:04:57,000","Waarin een groep wildvreemden, totaal afgesloten van de buitenwereld...","Waarin een groep wildvreemden, totaal afgesloten van de buitenwereld...","In which a group of complete strangers, completely cut off from the outside world...",neutral,curiosity,neutral,neutral
"00:04:57,000","00:05:02,000",gaat strijden voor de hoofdprijs van 100.000 euro.,gaat strijden voor de hoofdprijs van 100.000 euro.,"will compete for the main prize of 100,000 euros.",neutral,desire,happiness,neutral
"00:05:02,000","00:05:04,000",Ik zit er uiteindelijk voor het geld.,Ik ben er uiteindelijk voor het geld.,"Ultimately, I'm in it for the money.",neutral,desire,happiness,happiness
"00:05:04,000","00:05:08,000","En de ervaring, maar als het geld er niet was, had ik er niet gezeten.","En de ervaring, maar als het geld er niet was, zou ik hier niet zitten.","And the experience, but if the money wasn't there, I wouldn't be here.",happiness,realization,surprise,surprise
"00:16:46,000","00:16:49,000","Zo, dat ziet er wel lekker uit hoor!","Zo, dat ziet er wel lekker uit hoor!","Wow, that looks really tasty!",Happiness,desire,happiness,happiness
"00:16:49,000","00:16:51,000","Ze hebben eten nodig, dus ze hebben Hugo nodig.","Ze hebben eten nodig, dus ze hebben Hugo nodig.","They need food, so they need Hugo.",Neutral,realization,surprise,neutral
"00:16:51,000","00:16:53,000",En dat probeer ik te bereiken.,En dat probeer ik te bereiken.,And that's what I'm trying to achieve.,Neutral,determination,neutral,neutral
"00:16:53,000","00:16:57,000","Dus als ze honger krijgen, dan zeg ik Hugo, in plaats van eten.","Dus als ze honger krijgen, dan zeg ik Hugo, in plaats van eten.","So when they get hungry, I say Hugo, instead of food.",Neutral,amusement,happiness,neutral
"00:16:57,000","00:16:59,000",Moet je een bakje hebben Hugo?,Moet je een bakje hebben Hugo?,Do you need a cup Hugo?,Neutral,amusement,happiness,neutral
"00:16:59,000","00:17:04,000","Nee, het is nog niet klaar, maar het werkt niet echt.","Nee, het is nog niet klaar, maar het werkt niet echt.","No, it's not done yet, but it doesn't really work.",Anger,disappointment,sadness,sadness
"00:17:04,000","00:17:06,000",Er komt best veel water in.,Er komt best veel water in.,Quite a lot of water gets in there.,Neutral,neutral,neutral,neutral
"00:17:06,000","00:17:09,000",Het wordt lekker soepel in het gras nu.,Het wordt lekker soepel in het gras nu.,It's getting nice and smooth in the grass now.,Happiness,satisfaction,happiness,happiness
"00:17:09,000","00:17:13,000",En op zich is het gewoon een groep water en het komt niet regenen.,En op zich is het gewoon een groep water en het komt niet regenen.,And in itself it's just a group of water and it doesn't rain.,Neutral,neutral,neutral,neutral
"00:17:13,000","00:17:15,000",GELUID VAN WATER.,GELUID VAN WATER.,SOUND OF WATER.,Neutral,neutral,neutral,neutral
"00:17:15,000","00:17:19,000","Ik moet zeggen dat als het er heel erg regent, dat het dan door mijn hoofd kan schieten.","Ik moet zeggen dat als het er heel erg regent, dat het dan door mijn hoofd kan schieten.","I have to say that when it rains really heavily, it can cross my mind.",Neutral,nervousness,fear,neutral
"00:17:19,000","00:17:20,000",Ver!,Ver!,Ver!,Neutral,neutral,neutral,neutral
"00:17:20,000","00:17:23,000",Je kan ook gewoon je spul pakken en in een lekker bed liggen.,Je kan ook gewoon je spul pakken en in een lekker bed liggen.,You can also just grab your stuff and lie down in a nice bed.,Neutral,desire,happiness,happiness
"00:17:23,000","00:17:24,000",GELACH.,GELACH.,LAUGHTER.,Happiness,amusement,happiness,happiness
"00:17:25,000","00:17:26,000",MUZIEK.,MUZIEK.,MUSIC.,Neutral,neutral,neutral,neutral
"00:17:26,000","00:17:27,000",GELUID VAN WATER.,GELUID VAN WATER.,SOUND OF WATER.,Neutral,neutral,neutral,neutral
"00:17:27,000","00:17:28,000",MUZIEK.,MUZIEK.,MUSIC.,Neutral,neutral,neutral,neutral
"00:17:35,000","00:17:36,000",MUZIEK.,MUZIEK.,MUSIC.,Neutral,neutral,neutral,neutral
"00:17:52,000","00:17:53,000",Vandaag is een bunkerdag.,Vandaag is een bunkerdag.,Today is a bunker day.,Sadness,neutral,neutral,neutral
"00:17:53,000","00:17:55,000",We moeten de proef gewoon winnen.,We moeten de proef gewoon winnen.,We just have to win the test.,Sadness,determination,neutral,neutral
"00:17:55,000","00:18:00,000","En als je op de proef komt, dan moet je goed gevuld zijn met cassave en...","En als je op de proef komt, dan moet je goed gevuld zijn met cassave en...","And when you come to the test, you have to be well stocked with cassava and...",Sadness,anticipation,happiness,neutral
"00:18:00,000","00:18:02,000",En een beetje rijst toch?,En een beetje rijst toch?,"And a little bit of rice, right?",Neutral,curiosity,neutral,neutral
"00:18:02,000","00:18:05,000","Ja, maar die olie geeft ook nog wat extra energie.","Ja, maar die olie geeft ook nog wat extra energie.","Yes, but that oil also gives some extra energy.",Neutral,realization,surprise,neutral
"00:18:05,000","00:18:07,000",Cassave en rijst geven meer energie dan meel.,Cassave en rijst geven meer energie dan meel.,Cassava and rice provide more energy than flour.,Neutral,realization,surprise,neutral
"00:18:07,000","00:18:09,000",Het is gewoon eigenlijk doping.,Het is gewoon eigenlijk doping.,It's basically just doping.,Anger,amusement,happiness,happiness
"00:18:09,000","00:18:10,000",GELACH.,GELACH.,LAUGHTER.,Neutral,amusement,happiness,happiness
"00:18:10,000","00:18:11,000",Het is gewoon doping.,Het is gewoon doping.,It's just doping.,Anger,amusement,happiness,happiness
"00:18:11,000","00:18:14,000",Thomas zou nu de grap maken dat hij even een zakje bloed maakt.,Thomas zou nu de grap maken dat hij even een zakje bloed maakt.,Thomas would now joke that he is making a bag of blood.,Surprise,amusement,happiness,happiness
"00:18:14,000","00:18:15,000",GELACH.,GELACH.,LAUGHTER.,Happiness,amusement,happiness,happiness
"00:18:16,000","00:18:19,000",Ik vind echt dat hij stoppen gemaakt heeft.,Ik vind echt dat hij stoppen gemaakt heeft.,I really think he quit.,Sadness,realization,surprise,happiness
"00:18:19,000","00:18:22,000","Hij is heel ontspannend, dat vind ik echt mooi.","Hij is heel ontspannend, dat vind ik echt mooi.","He's very relaxing, I really like that.",Happiness,admiration,happiness,happiness
"00:18:23,000","00:18:26,000",Heel veel mensen hebben Thomas nog in het vizier van hoe hij zijn vorige expeditie heeft gedaan.,Heel veel mensen hebben Thomas nog in het vizier van hoe hij zijn vorige expeditie heeft gedaan.,Many people still have Thomas in their sights from how he did his previous expedition.,Neutral,curiosity,neutral,neutral
"00:18:26,000","00:18:29,000",En daar was hij aan het konkelen en aan het draaien.,En daar was hij aan het konkelen en aan het draaien.,"And there he was, scheming and twisting.",Anger,disapproval,disgust,anger
"00:18:29,000","00:18:32,000",En in mijn optiek ook een stuk onzekerder over zichzelf.,En in mijn optiek ook een stuk onzekerder over zichzelf.,And in my view also a lot more insecure about herself.,Sadness,sympathy,neutral,neutral
"00:18:32,000","00:18:34,000",Hij is echt in mijn optiek veranderd.,Hij is echt in mijn optiek veranderd.,He has really changed in my opinion.,Sadness,realization,surprise,surprise
"00:18:34,000","00:18:36,000",We hebben het nog over je gehad toen je er was.,We hebben het nog over je gehad toen je er was.,We talked about you when you were here.,Neutral,neutral,neutral,neutral
"00:18:36,000","00:18:38,000",We hebben het over je gerodd.,We hebben het over je gerodd.,We've been gossiping about you.,Neutral,amusement,happiness,neutral
"00:18:38,000","00:18:41,000",Over hoe je veranderd bent en in positieve zin.,Over hoe je veranderd bent en in positieve zin.,About how you have changed and in a positive way.,Happiness,approval,happiness,happiness
"00:18:41,000","00:18:46,000","Ik vond dat je gewoon zachter was geworden en zelfbewuster en zelfreflectiever,","Ik vond dat je gewoon zachter was geworden en zelfbewuster en zelfreflectiever,","I thought you just became softer and more self-aware and self-reflective,",Neutral,admiration,happiness,happiness
"00:18:46,000","00:18:49,000",alsof je gewoon volwassener bent geworden.,alsof je gewoon volwassener bent geworden.,like you've just grown up.,Happiness,admiration,happiness,happiness
"00:18:49,000","00:18:53,000","Ik denk dat het als topsport op jonge leeftijd, en zeker als je heel succesvol bent,","Ik denk dat het als topsport op jonge leeftijd, en zeker als je heel succesvol bent,","I think that as a top sport at a young age, and certainly if you are very successful,",Surprise,admiration,happiness,neutral
"00:18:53,000","00:18:55,000",dat je gewoon heel veel stappen overslaat.,dat je gewoon heel veel stappen overslaat.,that you simply skip a lot of steps.,Neutral,realization,surprise,neutral
"00:18:55,000","00:18:57,000",Het gaat altijd om jou.,Het gaat altijd om jou.,It's always about you.,Neutral,annoyance,anger,anger
"00:18:57,000","00:19:00,000","Maar of je daar per se een beter mens van wordt, Edith?","Maar of je daar per se een beter mens van wordt, Edith?","But does that necessarily make you a better person, Edith?",Neutral,curiosity,neutral,neutral
"00:22:49,000","00:22:51,000",kun je naar de stok grijpen.,kun je naar de stok grijpen.,you can grab the stick.,neutral,neutral,neutral,neutral
"00:22:51,000","00:22:53,000",Als je er één te pakken hebt...,Als je er één te pakken hebt...,If you get one...,neutral,neutral,neutral,neutral
"00:22:53,000","00:22:56,000",plaat je die zo snel mogelijk in de trap hier achter jullie.,plaat je die zo snel mogelijk in de trap hier achter jullie.,place that as quickly as possible in the stairs behind you.,neutral,neutral,neutral,neutral
"00:22:57,000","00:23:00,000","Als die compleet is, komt er een vlag tevoorschijn.","Als die compleet is, komt er een vlag tevoorschijn.","When it is complete, a flag will appear.",neutral,neutral,neutral,neutral
"00:23:00,000","00:23:03,000",En het team bij wie dat als eerste gebeurt...,En het team bij wie dat als eerste gebeurt...,And the team that does this first...,neutral,neutral,neutral,neutral
"00:23:03,000","00:23:07,000",wint deze proef en deze immuniteitstrofee.,wint deze proef en deze immuniteitstrofee.,wins this test and this immunity trophy.,neutral,joy,happiness,neutral
"00:23:08,000","00:23:12,000",We moeten deze winnen. We moeten dit team hiermee kunnen inmaken.,We moeten deze winnen. We moeten dit team hiermee kunnen inmaken.,We have to win this one. We have to beat this team with this one.,neutral,determination,neutral,neutral
"00:23:12,000","00:23:15,000","Kampsuits, jullie wonnen bij de landing.","Kampsuits, jullie wonnen bij de landing.","Kampsuits, you won on landing.",neutral,joy,happiness,neutral
"00:23:15,000","00:23:17,000",En dus kregen jullie de faïda.,En dus kregen jullie de faïda.,And so you got the faïda.,neutral,joy,happiness,neutral
"00:23:17,000","00:23:18,000",Die mogen jullie inzetten.,Die mogen jullie inzetten.,You may use those.,neutral,neutral,neutral,neutral
"00:23:18,000","00:23:20,000",Je krijgt een extra voordeel bij deze proef.,Je krijgt een extra voordeel bij deze proef.,You will receive an extra benefit with this trial.,neutral,optimism,happiness,neutral
"00:23:20,000","00:23:21,000",Wat is het voordeel?,Wat is het voordeel?,What is the advantage?,neutral,curiosity,neutral,neutral
"00:23:21,000","00:23:23,000","Mogen we weten wat het voordeel is, Art?","Mogen we weten wat het voordeel is, Art?","May we know what the advantage is, Art?",neutral,curiosity,neutral,neutral
"00:23:23,000","00:23:25,000",Ik ga niet zeggen wat het voordeel is.,Ik ga niet zeggen wat het voordeel is.,I'm not going to say what the advantage is.,neutral,disapproval,disgust,neutral
"00:23:25,000","00:23:27,000","Ehm, moment.","Ehm, moment.","Ehm, moment.",neutral,confusion,sadness,sadness
"00:23:27,000","00:23:30,000",Ik wil Tante Fagita houden.,Ik wil Tante Fagita houden.,I want to keep Aunt Fagita.,neutral,desire,happiness,neutral
"00:23:30,000","00:23:32,000","Echt waar, niet inzetten, houden.","Echt waar, niet inzetten, houden.","Seriously, don't bet, keep.",neutral,disapproval,disgust,disgust
"00:23:32,000","00:23:34,000","Ik zou zeggen, ja.","Ik zou zeggen, ja.","I would say, yes.",neutral,approval,happiness,happiness
"00:23:34,000","00:23:36,000",Inzetten.,Inzetten.,To stake.,neutral,neutral,neutral,neutral
"00:23:36,000","00:23:38,000",Ik zeg gewoon inzetten.,Ik zeg gewoon inzetten.,I just say bet.,neutral,approval,happiness,neutral
"00:23:38,000","00:23:40,000","Ja, why not?","Ja, why not?","Ja, why not?",neutral,approval,happiness,happiness
"00:23:40,000","00:23:42,000","Oké, wat wordt het antwoord?","Oké, wat wordt het antwoord?","Okay, what's the answer going to be?",neutral,curiosity,neutral,neutral
"00:23:42,000","00:23:44,000",We gaan hem inzetten.,We gaan hem inzetten.,We're going to put him to use.,neutral,approval,happiness,neutral
"00:23:44,000","00:23:46,000","Kom erop, wil ik hem ook meteen hebben.","Kom erop, wil ik hem ook meteen hebben.","Come on, I want it right away.",neutral,desire,happiness,happiness
"00:23:46,000","00:23:49,000","Ik ben het er niet mee eens, maar we gaan hem wel inzetten.","Ik ben het er niet mee eens, maar we gaan hem wel inzetten.","I don't agree with it, but we're going to use it anyway.",neutral,disapproval,disgust,anger
"00:23:49,000","00:23:54,000",En dat betekent dat jullie een voorsprong krijgen van een halve minuut.,En dat betekent dat jullie een voorsprong krijgen van een halve minuut.,And that means you get a half-minute head start.,neutral,approval,happiness,neutral
"00:23:54,000","00:23:56,000","Ik ben vrij hier, Julio.","Ik ben vrij hier, Julio.","I'm free here, Julio.",neutral,joy,happiness,neutral
"00:23:56,000","00:24:01,000",Wat is nu 30 seconden op een zwempartij naar die rol toe?,Wat is nu 30 seconden op een zwempartij naar die rol toe?,Now what is 30 seconds on a swim to that roll?,neutral,curiosity,neutral,neutral
"00:24:03,000","00:24:06,000","Kampsuits, klaar? Ja!","Kampsuits, klaar? Ja!","Sweater, okay? And!",neutral,neutral,neutral,neutral
"00:24:06,000","00:24:09,000","3, 2, 1, start!","3, 2, 1, start!","3, 2, 1, start!",neutral,excitement,happiness,neutral
"00:24:09,000","00:24:11,000","Oké, kom op, Ferry.","Oké, kom op, Ferry.","Okay, come on, Ferry.",neutral,encouragement,happiness,happiness
"00:24:15,000","00:24:17,000",Ik ben als eerste.,Ik ben als eerste.,I'm first.,neutral,pride,happiness,neutral
"00:24:17,000","00:24:20,000","Die 30 seconden, dat is natuurlijk zo voorbij.","Die 30 seconden, dat is natuurlijk zo voorbij.","Those 30 seconds, of course, pass by so quickly.",neutral,realization,surprise,neutral
"00:24:20,000","00:24:22,000",15 seconden zijn voorbij.,15 seconden zijn voorbij.,15 seconds have passed.,neutral,neutral,neutral,neutral
"00:24:31,000","00:24:35,000","Nog 3, 2, 1, en start!","Nog 3, 2, 1, en start!","3, 2, 1 more and go!",neutral,excitement,happiness,happiness
"00:24:41,000","00:24:45,000","Ferry is natuurlijk een levend stambeeld geweest, professioneel.","Ferry is natuurlijk een levend stambeeld geweest, professioneel.","Ferry was of course a living figure, professional.",neutral,admiration,happiness,happiness
"00:24:45,000","00:24:47,000",Dat was zijn eerste baan.,Dat was zijn eerste baan.,That was his first job.,neutral,neutral,neutral,neutral
"00:24:48,000","00:24:50,000","Dan moet je balans houden, dat kan hij.","Dan moet je balans houden, dat kan hij.","Then you have to keep your balance, he can do that.",neutral,approval,happiness,neutral
"00:24:50,000","00:24:52,000",Heel goed.,Heel goed.,Very good.,happiness,approval,happiness,happiness
"00:24:52,000","00:24:54,000","Oh, fuck, fuck, fuck.","Oh, fuck, fuck, fuck.","Oh, fuck, fuck, fuck.",anger,disgust,disgust,anger
"00:24:58,000","00:25:00,000","Mijne hemel, man.","Mijne hemel, man.","My goodness, man.",anger,surprise,surprise,surprise
"00:25:00,000","00:25:02,000","Nee, nee, nee!","Nee, nee, nee!",No no no!,anger,disapproval,disgust,anger
"00:25:02,000","00:25:04,000","Oké, goed, goed. Rustig, rustig.","Oké, goed, goed. Rustig, rustig.","Okay, good, good. Easy, easy.",neutral,approval,happiness,happiness
"00:25:04,000","00:25:06,000",Oké.,Oké.,Okay.,neutral,neutral,neutral,neutral
"00:19:51,000","00:19:54,000","Dat zijn namelijk vijf coins, vijf Big Brother coins.","Dat zijn namelijk vijf coins, vijf Big Brother coins.","That's five coins, five Big Brother coins.",neutral,surprise,surprise,neutral
"00:19:54,000","00:19:57,000","Die zijn belangrijk, daar kun je allemaal dingen mee kopen.","Die zijn belangrijk, daar kun je allemaal dingen mee kopen.","These are important, you can buy all kinds of things with them.",neutral,realization,surprise,neutral
"00:19:57,000","00:19:59,000",Maar ik heb ook een hint.,Maar ik heb ook een hint.,But I also have a hint.,neutral,curiosity,neutral,neutral
"00:20:00,000","00:20:03,000",Die hint kost je twee coins.,Die hint kost je twee coins.,That hint costs you two coins.,neutral,surprise,surprise,neutral
"00:20:03,000","00:20:04,000","Kijk, mijn vrienden.","Kijk, mijn vrienden.","Look, my friends.",neutral,joy,happiness,
"00:20:04,000","00:20:07,000",Onthoudt iedere coin geld.,Onthoudt iedere coin geld.,Remembers every coin as money.,neutral,realization,surprise,neutral
"00:20:09,000","00:20:11,000",Let's go. Geen hint.,Let's go. Geen hint.,Let's go. No hint.,neutral,determination,neutral,neutral
"00:20:11,000","00:20:14,000",Geen hint. Je krijgt geen coins meer. Goed.,Geen hint. Je krijgt geen coins meer. Goed.,No hint. You won't get any more coins. Good.,neutral,disapproval,disgust,neutral
"00:20:14,000","00:20:17,000","Duidelijk, duidelijk. De hoek heeft gesproken.","Duidelijk, duidelijk. De hoek heeft gesproken.","Clear, clear. The corner has spoken.",neutral,realization,surprise,
"00:20:17,000","00:20:20,000",Daar is een draaideur. Het moment is aangebroken.,Daar is een draaideur. Het moment is aangebroken.,There's a revolving door. The moment has arrived.,neutral,excitement,happiness,
"00:20:21,000","00:20:23,000",Ik wens jou ontzettend veel succes.,Ik wens jou ontzettend veel succes.,I wish you much success.,neutral,optimism,happiness,happiness
"00:20:23,000","00:20:26,000",Geef nog een heel oud applaus voor Tyron.,Geef nog een heel oud applaus voor Tyron.,Give another very old round of applause for Tyron.,neutral,admiration,happiness,happiness
"00:20:26,000","00:20:29,000",Je mag vertrekken.,Je mag vertrekken.,You can leave.,neutral,neutral,neutral,neutral
"00:20:29,000","00:20:30,000","Nee, nee, nee.","Nee, nee, nee.",No no no.,neutral,disapproval,disgust,anger
"00:20:43,000","00:20:46,000","Hij is van... O, jij bent ook zo'n pin.","Hij is van... O, jij bent ook zo'n pin.","He's like... Oh, you're one of those guys too.",surprise,realization,surprise,surprise
"00:20:46,000","00:20:48,000","Ja. Hoi, aangenaam.","Ja. Hoi, aangenaam.","Yes. Hi, nice.",neutral,joy,happiness,neutral
"00:20:48,000","00:20:50,000","Tyron, aangenaam. Hey, Basiri.","Tyron, aangenaam. Hey, Basiri.","Tyron, nice. Hey, Basiri.",neutral,joy,happiness,neutral
"00:20:50,000","00:20:52,000",Hoe gaat het? Goed?,Hoe gaat het? Goed?,How are you? Good?,neutral,caring,happiness,neutral
"00:20:52,000","00:20:53,000","Hoi, Esli. Hoi.","Hoi, Esli. Hoi.","Come on, Esli. Back.",happiness,neutral,neutral,neutral
"00:20:54,000","00:20:55,000","Tyron, aangenaam.","Tyron, aangenaam.","Tyron, nice.",neutral,joy,happiness,neutral
"00:20:55,000","00:20:57,000","Hij heeft een koffer. Jij niet, hè?","Hij heeft een koffer. Jij niet, hè?","He has a suitcase. Not you, huh?",surprise,curiosity,neutral,surprise
"00:20:57,000","00:20:59,000","Nee. Oh, jij hebt echt geen koffer.","Nee. Oh, jij hebt echt geen koffer.","No. Oh, you really don't have a suitcase.",sadness,realization,surprise,sadness
"00:20:59,000","00:21:01,000","Nee, jij ook niet. Ik ook niet, nee.","Nee, jij ook niet. Ik ook niet, nee.","No, not you either. Me neither, no.",neutral,disappointment,sadness,neutral
"00:21:01,000","00:21:02,000","Dat is de enige, ja.","Dat is de enige, ja.","That's the only one, yes.",neutral,realization,surprise,neutral
"00:21:02,000","00:21:05,000","O, dus daarom hebben wij zo'n eentje, denk ik.","O, dus daarom hebben wij zo'n eentje, denk ik.","Oh, so that's why we have one, I guess.",surprise,realization,surprise,surprise
"00:21:05,000","00:21:06,000",O. Ja.,O. Ja.,A. Me.,neutral,neutral,neutral,neutral
"00:21:06,000","00:21:08,000","Ja, maar ja, hij heeft wel weer een andere kleur.","Ja, maar ja, hij heeft wel weer een andere kleur.","Yes, but yes, it does have a different color.",neutral,curiosity,neutral,neutral
"00:21:08,000","00:21:11,000","Dus wat daar dan weer verdient. Jullie ook, toch?","Dus wat daar dan weer verdient. Jullie ook, toch?","So what's worth it then? You too, right?",surprise,curiosity,neutral,neutral
"00:21:11,000","00:21:12,000",Ja. Heel raar.,Ja. Heel raar.,Yes. Very strange.,surprise,confusion,sadness,neutral
"00:21:26,000","00:21:30,000","Je zag net wat mysterieuze beelden van de koffers van Esli, Alice en Tyron.","Je zag net wat mysterieuze beelden van de koffers van Esli, Alice en Tyron.","You just saw some mysterious images of Esli, Alice and Tyron's suitcases.",neutral,curiosity,neutral,neutral
"00:21:30,000","00:21:33,000",Zij mochten alle drie hun koffer niet meenemen.,Zij mochten alle drie hun koffer niet meenemen.,All three of them were not allowed to take their suitcases with them.,neutral,disapproval,disgust,neutral
"00:21:33,000","00:21:35,000",Desto vreemder was het dat Basiri dat wel mocht.,Desto vreemder was het dat Basiri dat wel mocht.,It was even stranger that Basiri was allowed to do that.,neutral,surprise,surprise,neutral
"00:21:35,000","00:21:38,000","Raadsels, raadsels, raadsels.","Raadsels, raadsels, raadsels.","Riddles, riddles, riddles.",neutral,confusion,sadness,neutral
"00:21:38,000","00:21:42,000",Straks openen de livestreams en kan je alles 24 uur per dag...,Straks openen de livestreams en kan je alles 24 uur per dag...,Soon the live streams will open and you can watch everything 24 hours a day...,neutral,excitement,happiness,neutral
"00:21:42,000","00:21:45,000",zeven dagen per week van al onze bewoners op de voet volgen.,zeven dagen per week van al onze bewoners op de voet volgen.,We closely monitor all our residents seven days a week.,neutral,neutral,neutral,neutral
"00:21:45,000","00:21:47,000","Ja, vijf bewoners zijn inmiddels in het huis...","Ja, vijf bewoners zijn inmiddels in het huis...","Yes, five residents are now in the house...",neutral,realization,surprise,neutral
"00:21:47,000","00:21:51,000",en alleen Ronahee houdt zich verborgen in het geheime huis.,en alleen Ronahee houdt zich verborgen in het geheime huis.,and only Ronahee is hiding in the secret house.,neutral,curiosity,neutral,neutral
"00:21:51,000","00:21:53,000",En dan heb je de andere vier bewoners.,En dan heb je de andere vier bewoners.,And then you have the other four residents.,neutral,neutral,neutral,neutral
"00:21:53,000","00:21:54,000",Die zijn momenteel in de veronderstelling...,Die zijn momenteel in de veronderstelling...,They are currently assuming...,neutral,neutral,neutral,neutral
"00:21:55,000","00:21:57,000",dat ze alleen maar bespied worden door Big Brother.,dat ze alleen maar bespied worden door Big Brother.,that they are only being spied on by Big Brother.,neutral,fear,fear,neutral
"00:21:57,000","00:21:59,000",En dit is nog lang niet alles.,En dit is nog lang niet alles.,And this is far from all.,neutral,neutral,neutral,neutral
"00:21:59,000","00:22:02,000","Nee, want straks staan er nog meer nieuwe bewoners te trappelen...","Nee, want straks staan er nog meer nieuwe bewoners te trappelen...","No, because soon more new residents will be waiting...",neutral,excitement,happiness,neutral
"00:22:02,000","00:22:03,000",om naar binnen te gaan.,om naar binnen te gaan.,to go inside.,neutral,neutral,neutral,neutral
"00:22:03,000","00:22:06,000",Eén iemand daarvan mag niet door die draaideur.,Eén iemand daarvan mag niet door die draaideur.,One person is not allowed through that revolving door.,neutral,disapproval,disgust,neutral
"00:51:39,000","00:51:41,000",Wij gaan een ronde maken.,Wij gaan een ronde maken.,We're going to make a round.,neutral,neutral,neutral,neutral
"00:51:41,000","00:51:43,000",We moeten zorgen dat we die jacht openen...,We moeten zorgen dat we die jacht openen...,We need to make sure we open that hunt...,neutral,determination,neutral,neutral
"00:51:43,000","00:51:45,000",en continu een lead-in krijgen.,en continu een lead-in krijgen.,and continuously get a lead-in.,neutral,determination,neutral,neutral
"00:51:45,000","00:51:48,000",Stapelen om zekerheid te krijgen waar ze kunnen zitten.,Stapelen om zekerheid te krijgen waar ze kunnen zitten.,Stacking to ensure where they can sit.,neutral,determination,neutral,neutral
"00:51:50,000","00:51:52,000",We moeten gewoon doorgaan.,We moeten gewoon doorgaan.,We just have to keep going.,neutral,determination,neutral,neutral
"00:00:00,000","00:00:05,000",Volg ons kanaal voor meer handige video's!,Volg ons kanaal voor meer handige video's!,Follow our channel for more helpful videos!,happiness,approval,happiness,happiness
"00:00:30,000","00:00:31,000",Wat is dit? Wat is dit?,Wat is dit? Wat is dit?,What is this? What is this?,anger,confusion,sadness,sadness
"00:00:31,000","00:00:34,000",Ze moeten proberen onder de radar te blijven.,Ze moeten proberen onder de radar te blijven.,They have to try to stay under the radar.,neutral,nervousness,fear,neutral
"00:00:34,000","00:00:35,000",Ik kan hier heel de weg ook niet h󿿨.,Ik kan hier heel de weg ook niet h󿿨.,I can't go all the way here either.,neutral,disappointment,sadness,sadness
"00:00:35,000","00:00:39,000",In een land waar alles wat we digitaal doen dagelijks sporen nalaat.,In een land waar alles wat we digitaal doen dagelijks sporen nalaat.,In a country where everything we do digitally leaves traces every day.,anger,fear,fear,fear
"00:00:41,000","00:00:44,000",En dat volhangt met miljoenen toezichtcamera's.,En dat volhangt met miljoenen toezichtcamera's.,And it is full of millions of surveillance cameras.,disgust,fear,fear,fear
"00:00:44,000","00:00:46,000",Uit het zicht. Uit het zicht. Uit het zicht.,Uit het zicht. Uit het zicht. Uit het zicht.,Out of sight. Out of sight. Out of sight.,anger,desire,happiness,sadness
"00:00:46,000","00:00:48,000",Straks worden we verraad door die mensen.,Straks worden we verraad door die mensen.,Soon we will be betrayed by those people.,sadness,fear,fear,fear
"00:00:50,000","00:00:52,000",Ze moeten uit handen zien te blijven van de hunters.,Ze moeten uit handen zien te blijven van de hunters.,They have to stay out of the hands of the hunters.,neutral,fear,fear,fear
"00:00:53,000","00:00:55,000",De top van de Nederlandse opspoering.,De top van de Nederlandse opspoering.,The top of Dutch investigation.,neutral,admiration,happiness,neutral
"00:00:55,000","00:00:56,000","Jongens, attentie.","Jongens, attentie.","Boys, attention.",neutral,neutral,neutral,neutral
"00:00:56,000","00:00:58,000","Elie, zeker? We zitten in de vlak achter.","Elie, zeker? We zitten vlak achter.","Elie, right? We're right behind.",neutral,excitement,happiness,neutral
"00:00:58,000","00:01:01,000",Zij beschikken over alle denkbare middelen om de wortvluchtigen op te pakken.,Zij beschikken over alle denkbare middelen om de voortvluchtigen op te pakken.,They have every conceivable means to arrest the fugitives.,disgust,fear,fear,fear
"00:01:01,000","00:01:03,000",What the fuck? Wat doet die politie hier?,What the fuck? Wat doet die politie hier?,What the fuck? What are the police doing here?,anger,surprise,surprise,anger
"00:01:05,000","00:01:06,000",Fuck you.,Fuck you.,Fuck you.,anger,anger,anger,anger
"00:01:07,000","00:01:09,000",Wie lukt het om de hunters een stap voor te blijven?,Wie lukt het om de hunters een stap voor te blijven?,Who will manage to stay one step ahead of the hunters?,neutral,curiosity,neutral,neutral
"00:01:09,000","00:01:11,000",Zoeken in de panden. Zoeken in de panden.,Zoeken in de panden. Zoeken in de panden.,Search the buildings. Search the buildings.,neutral,desire,happiness,neutral
"00:01:11,000","00:01:13,000",Waar zullen ze zich verschuilen?,Waar zullen ze zich verschuilen?,Where will they hide?,suprise,curiosity,neutral,neutral
"00:01:13,000","00:01:14,000",Kut. Kut. Kut. Kut.,Kut. Kut. Kut. Kut.,Kut. Kut. Kut. Kut.,anger,disgust,disgust,anger
"00:01:15,000","00:01:17,000",Wat zou jij doen?,Wat zou jij doen?,What would you do?,fear,curiosity,neutral,neutral
"00:01:18,000","00:01:20,000",Alles opentrekken. Gewoon in die tuin kijken.,Alles opentrekken. Gewoon in die tuin kijken.,Open everything. Just look in that garden.,neutral,desire,happiness,neutral
"00:01:20,000","00:01:21,000",Gewoon helemaal uitbangen.,Gewoon helemaal uitbangen.,Just freak out completely.,anger,fear,fear,anger
"00:01:22,000","00:01:23,000",Hij komt hierin. Hij komt hierin.,Hij komt hierin. Hij komt hierin.,He comes in here. He comes in here.,suprise,fear,fear,surprise
"00:01:24,000","00:01:25,000","O, daar is hij!","O, daar is hij!","Oh, there he is!",suprise,surprise,surprise,surprise
"00:01:25,000","00:01:27,000",Ze roepen je rond. Koop ze. Koop ze.,Ze roepen je rond. Koop ze. Koop ze.,They call you around. Buy them. Buy them.,neutral,confusion,sadness,neutral
"00:01:28,000","00:01:29,000",Als je niemand kan vertrouwen...,Als je niemand kan vertrouwen...,If you can't trust anyone...,sadness,fear,fear,fear
"00:01:29,000","00:01:31,000","Goed, goed, goed. Boxen!","Goed, goed, goed. Boxen!","Good, good, good. Boxes!",happiness,excitement,happiness,happiness
"00:01:32,000","00:01:34,000",Waar kan je dan nog heen?,Waar kan je dan nog heen?,Where else can you go?,anger,curiosity,neutral,neutral
"00:01:41,000","00:01:43,000",De regels zijn simpel.,De regels zijn simpel.,The rules are simple.,anger,neutral,neutral,neutral
"00:01:43,000","00:01:45,000",Er staat 300 euro op hun bankrekening.,Er staat 300 euro op hun bankrekening.,There is 300 euros in their bank account.,disgust,neutral,neutral,neutral
"00:01:48,000","00:01:50,000",De wortvluchtigen mogen Nederland niet verlaten.,De wortvluchtigen mogen Nederland niet verlaten.,The wort fugitives are not allowed to leave the Netherlands.,disgust,disapproval,disgust,disgust
"00:01:50,000","00:01:51,000",Oh my god.,Oh my god.,Oh my god.,suprise,surprise,surprise,surprise
"00:01:51,000","00:01:54,000",Ze mogen niet langer dan 48 uur op dezelfde plek blijven.,Ze mogen niet langer dan 48 uur op dezelfde plek blijven.,They should not remain in the same place for more than 48 hours.,neutral,disapproval,disgust,neutral
"00:01:55,000","00:01:57,000","Wat is dit dan? Hunters, man.","Wat is dit dan? Hunters, man.","What is this then? Hunters, man.",neutral,surprise,surprise,neutral
"00:01:57,000","00:01:59,000",Wie op de dag van de finale niet is opgepakt...,Wie op de dag van de finale niet is opgepakt...,Anyone who is not arrested on the day of the final...,neutral,neutral,neutral,neutral
"00:01:59,000","00:02:02,000",verlaat via een extractiepunt het land.,verlaat via een extractiepunt het land.,leaves the country via an extraction point.,neutral,neutral,neutral,neutral
"00:02:02,000","00:02:04,000",De exacte locatie voor dat punt...,De exacte locatie voor dat punt...,The exact location for that point...,neutral,curiosity,neutral,neutral
"00:02:04,000","00:02:07,000",moeten de wortvluchtigen achterhalen via aanwijzingen...,moeten de wortvluchtigen achterhalen via aanwijzingen...,must determine the wort volatiles through clues...,neutral,neutral,neutral,neutral
"00:02:07,000","00:02:09,000",die ze onderweg krijgen.,die ze onderweg krijgen.,that they get along the way.,neutral,neutral,neutral,neutral
"00:47:32,000","00:47:33,000",Mogen we even binnenkomen?,Mogen we even binnenkomen?,Can we come in for a moment?,neutral,desire,happiness,happiness
"00:47:33,000","00:47:34,000",Ja.,Ja.,And.,neutral,neutral,neutral,neutral
"00:47:34,000","00:47:35,000",Vertel.,Vertel.,Tell.,neutral,curiosity,neutral,neutral
"00:47:35,000","00:47:37,000",Waarvoor verwacht je ons?,Waarvoor verwacht je ons?,What do you expect us for?,neutral,confusion,sadness,sadness
"00:47:37,000","00:47:39,000","Nou ja, we zijn helemaal op zoek.","Nou ja, we zijn helemaal op zoek.","Well, we're totally looking.",neutral,curiosity,neutral,neutral
"00:47:39,000","00:47:41,000",We zijn zeker op zoek.,We zijn zeker op zoek.,We are definitely looking.,neutral,curiosity,neutral,neutral
"00:47:41,000","00:47:48,000","Terwijl de huiszoeking op gang komt, zijn Aygun en Rajiv op hun slaapadres in Amersfoort bezig met de dag van morgen.","Terwijl de huiszoeking op gang komt, zijn Aygun en Rajiv op hun slaapadres in Amersfoort bezig met de dag van morgen.","While the search is underway, Aygun and Rajiv are busy preparing for tomorrow at their sleeping address in Amersfoort.",neutral,neutral,neutral,neutral
"00:47:48,000","00:47:51,000",Zij heeft een...,Zij heeft een...,She has a...,neutral,curiosity,neutral,neutral
"00:47:51,000","00:47:52,000",Yo.,Yo.,Yo.,neutral,neutral,neutral,neutral
"00:47:52,000","00:47:53,000",Yo.,Yo.,Yo.,neutral,neutral,neutral,neutral
"00:47:53,000","00:47:54,000","Hé, luister dan.","Hé, luister dan.","Hey, listen up.",neutral,neutral,neutral,neutral
"00:47:54,000","00:47:55,000","Oh, wacht.","Oh, wacht.",Oh wait.,surprise,surprise,surprise,surprise
"00:47:55,000","00:47:56,000",Niet ontbreken.,Niet ontbreken.,Not to be missed.,neutral,neutral,neutral,neutral
"00:47:56,000","00:47:59,000","Luister even, jij moet ons helpen morgen als het kan.","Luister even, jij moet ons helpen morgen als het kan.","Listen up, you have to help us tomorrow if you can.",neutral,desire,happiness,anger
"00:47:59,000","00:48:00,000",Morgen?,Morgen?,Morning?,neutral,confusion,sadness,neutral
"00:48:00,000","00:48:01,000",Ja.,Ja.,And.,neutral,neutral,neutral,neutral
"00:48:01,000","00:48:04,000","Oké, en ik zie dat neef Siraj, die is ook gebeld.","Oké, en ik zie dat neef Siraj, die is ook gebeld.","Okay, and I see that cousin Siraj, he has also been called.",neutral,realization,surprise,surprise
"00:48:04,000","00:48:05,000","Ja, dat is geleefd.","Ja, dat is geleefd.","Yes, that is lived.",neutral,neutral,neutral,neutral
"00:48:05,000","00:48:06,000",Die is...,Die is...,Die is...,neutral,confusion,sadness,neutral
"00:48:06,000","00:48:07,000",Om 12.28.,Om 12.28.,At 12.28.,neutral,neutral,neutral,neutral
"00:48:07,000","00:48:08,000",Ja.,Ja.,And.,neutral,neutral,neutral,neutral
"00:48:08,000","00:48:09,000",Of 11.28.,Of 11.28.,Of 11.28.,neutral,neutral,neutral,neutral
"00:48:09,000","00:48:10,000","Ja, om 11.28.","Ja, om 11.28.","Yes, about 11.28.",neutral,neutral,neutral,neutral
"00:48:10,000","00:48:11,000",En waarom heeft u die gebeld?,En waarom heeft u die gebeld?,And why did you call him?,neutral,curiosity,neutral,neutral
"00:48:11,000","00:48:13,000","Hij heeft de bus even geleend, dus...","Hij heeft de bus even geleend, dus...","He borrowed the bus for a moment, so...",neutral,neutral,neutral,neutral
"00:48:13,000","00:48:14,000",De bus geleend?,De bus geleend?,Borrowed the bus?,neutral,surprise,surprise,surprise
"00:48:14,000","00:48:15,000",Ja.,Ja.,And.,neutral,neutral,neutral,neutral
"00:48:15,000","00:48:17,000","Nou, waarom heeft hij de bus geleend?","Nou, waarom heeft hij de bus geleend?","Well, why did he borrow the bus?",neutral,curiosity,neutral,neutral
"00:48:17,000","00:48:20,000",Hij moest even wat meten bij de centrum ophalen.,Hij moest even wat meten bij de centrum ophalen.,He had to pick up some measurements at the center.,neutral,neutral,neutral,neutral
"00:48:20,000","00:48:22,000","Ja, die moeten ze komen ophalen morgenochtend om tien uur.","Ja, die moeten ze komen ophalen morgenochtend om tien uur.","Yes, they have to come and pick them up tomorrow morning at ten o'clock.",neutral,approval,happiness,neutral
"00:48:22,000","00:48:23,000",In Amersfoort?,In Amersfoort?,In Amersfoort?,neutral,curiosity,neutral,neutral
"00:48:23,000","00:48:24,000",In Amersfoort.,In Amersfoort.,In Amersfoort.,neutral,neutral,neutral,neutral
"00:48:24,000","00:48:25,000",In Amersfoort.,In Amersfoort.,In Amersfoort.,neutral,neutral,neutral,neutral
"00:48:25,000","00:48:26,000",Amersfoort.,Amersfoort.,Amersfoort.,neutral,neutral,neutral,neutral
"00:48:26,000","00:48:27,000",Ja.,Ja.,And.,neutral,neutral,neutral,neutral
"00:48:27,000","00:48:28,000",Dus?,Dus?,So?,neutral,curiosity,neutral,neutral
"00:48:28,000","00:48:29,000",Dus niks.,Dus niks.,So nothing.,neutral,disappointment,sadness,sadness
"00:48:29,000","00:48:30,000",Zijn we jullie ook nog niet benaderd?,Zijn we jullie ook nog niet benaderd?,Have we not contacted you yet?,neutral,confusion,sadness,neutral
"00:48:30,000","00:48:31,000",Nee.,Nee.,Nee.,neutral,disapproval,disgust,neutral
"00:48:31,000","00:48:32,000",100 procent.,100 procent.,100 percent.,neutral,approval,happiness,neutral
"00:48:32,000","00:48:33,000",100 procent.,100 procent.,100 percent.,neutral,approval,happiness,neutral
"00:48:33,000","00:48:34,000",Dat gaat nergens uit blijken.,Dat gaat nergens uit blijken.,That will not be evident anywhere.,neutral,realization,surprise,surprise
"00:48:34,000","00:48:35,000",Nee.,Nee.,Nee.,neutral,disapproval,disgust,neutral
"00:48:35,000","00:48:38,000","Niet het telefoonverkeer, niet het voertuigen, niet het verklaren van anderen.","Niet het telefoonverkeer, niet het voertuigen, niet het verklaren van anderen.","Not the telephone traffic, not the vehicles, not the explanations of others.",neutral,disapproval,disgust,sadness
"00:06:00,000","00:06:02,000","Dan kan je ook een greppel maken om je dak heen,","Dan kan je ook een greppel maken om je dak heen,","Then you can also make a ditch around your roof,",neutral,realization,surprise,neutral
"00:06:02,000","00:06:06,000",zodat het water niet over die greppel heen komt.,zodat het water niet over die greppel heen komt.,so that the water does not come over that ditch.,neutral,realization,surprise,neutral
"00:06:06,000","00:06:09,000","We hebben natuurlijk een dakje, want dat hebben we meegenomen.","We hebben natuurlijk een dakje, want dat hebben we meegenomen.","Of course we have a roof, because we brought that with us.",happiness,relief,happiness,happiness
"00:06:09,000","00:06:11,000",En we hebben gewonnen.,En we hebben gewonnen.,And we won.,happiness,joy,happiness,happiness
"00:06:22,000","00:06:24,000","Dit wordt echt tof, man.","Dit wordt echt tof, man.","This is gonna be awesome, man.",happiness,excitement,happiness,happiness
"00:06:24,000","00:06:25,000",Toch?,Toch?,However?,neutral,confusion,sadness,neutral
"00:06:25,000","00:06:28,000","Ja, we gaan in ieder geval droog zitten, dat is het enige.","Ja, we gaan in ieder geval droog zitten, dat is het enige.","Yes, at least we'll be sitting dry, that's the only thing.",neutral,relief,happiness,neutral
"00:06:28,000","00:06:31,000","Ik reageer wel dat wij nu gewoon alles hebben, jongens.","Ik reageer wel dat wij nu gewoon alles hebben, jongens.","I do respond that we now have everything, guys.",neutral,joy,happiness,neutral
"00:06:31,000","00:06:36,000","En dit, we hebben superveel hout gegeten en zij hebben daar niks.","En dit, we hebben superveel hout gegeten en zij hebben daar niks.","And this, we ate a lot of wood and they have nothing there.",disgust,pride,happiness,happiness
"00:06:36,000","00:06:40,000","Ik ben helemaal niet wat ze hebben, ik moet nu een beetje met ze bezoeken.","Ik ben helemaal niet wat ze hebben, ik moet nu een beetje met ze bezoeken.","I'm not what they have at all, I have to visit with them a little now.",sadness,curiosity,neutral,sadness
"00:06:54,000","00:06:56,000","Zo, daar zijn we weer.","Zo, daar zijn we weer.","So, here we are again.",neutral,neutral,neutral,neutral
"00:06:56,000","00:06:59,000","Echt een bizar gevoel, dit.","Echt een bizar gevoel, dit.",This is a really strange feeling.,surprise,confusion,sadness,surprise
"00:07:00,000","00:07:03,000",Dat ik na vier jaar weer meedoe aan Expeditie Rommersland.,Dat ik na vier jaar weer meedoe aan Expeditie Rommersland.,That I am participating in Expedition Rommersland again after four years.,happiness,excitement,happiness,happiness
"00:07:03,000","00:07:05,000",Dat maakt me echt wel heel blij.,Dat maakt me echt wel heel blij.,That makes me really happy.,happiness,joy,happiness,happiness
"00:07:05,000","00:07:08,000",Ik ben heel blij met het kamp waarin ik in zit.,Ik ben heel blij met het kamp waarin ik in zit.,I am very happy with the camp I am in.,happiness,joy,happiness,happiness
"00:07:08,000","00:07:12,000",Ik denk echt dat we heel sterk zijn samen.,Ik denk echt dat we heel sterk zijn samen.,I really think we are very strong together.,happiness,optimism,happiness,happiness
"00:07:12,000","00:07:15,000","Het graaft altijd lekker in die boomwokkels, hè.","Het graaft altijd lekker in die boomwokkels, hè.","It always digs nicely into those tree hollows, doesn't it?",neutral,neutral,neutral,neutral
"00:07:15,000","00:07:18,000",En ik heb heel veel zin in dit nieuwe avontuur weer.,En ik heb heel veel zin in dit nieuwe avontuur weer.,And I'm really looking forward to this new adventure again.,happiness,excitement,happiness,happiness
"00:07:18,000","00:07:22,000","Ik hoop dat ik een beetje af kan vallen, want het was niet meer zoals vroeger.","Ik hoop dat ik een beetje af kan vallen, want het was niet meer zoals vroeger.",I hope I can lose a little weight because it wasn't like it used to be.,disgust,hope,happiness,disgust
"00:07:22,000","00:07:24,000",Het was niet meer zoals vroeger.,Het was niet meer zoals vroeger.,It wasn't like it used to be.,sadness,disappointment,sadness,sadness
"00:07:24,000","00:07:27,000",Ik vond het ook wel weer even wennen om hier te slapen.,Ik vond het ook wel weer even wennen om hier te slapen.,It took me some time to get used to sleeping here again.,neutral,neutral,neutral,neutral
"00:07:27,000","00:07:29,000","Ik lag ook echt op geen enkele manier lekker, weet je wel.","Ik lag ook echt op geen enkele manier lekker, weet je wel.","I really wasn't sleeping well at all, you know.",anger,disappointment,sadness,anger
"00:07:29,000","00:07:32,000","Je hebt zo'n soort van ritme, eerst naar links totdat het pijn gaat doen...","Je hebt zo'n soort van ritme, eerst naar links totdat het pijn gaat doen...","You have this kind of rhythm, first to the left until it starts to hurt...",anger,neutral,neutral,anger
"00:07:32,000","00:07:34,000",dan op je rug en dan naar rechts.,dan op je rug en dan naar rechts.,then on your back and then to the right.,anger,neutral,neutral,anger
"00:07:34,000","00:07:38,000",Maar ik was ook wel vergeten hoe pittig dat slapen eigenlijk is...,Maar ik was ook wel vergeten hoe pittig dat slapen eigenlijk is...,But I had also forgotten how tough sleeping actually is...,neutral,realization,surprise,neutral
"00:07:38,000","00:07:40,000",buiten op het stand.,buiten op het stand.,outside on the stand.,neutral,neutral,neutral,neutral
"00:07:40,000","00:07:42,000","Dat vergeet je dan toch weer snel, hè.","Dat vergeet je dan toch weer snel, hè.","You quickly forget that, don't you?",surprise,neutral,neutral,neutral
"00:07:42,000","00:07:45,000",Slapen is wel weer even wennen.,Slapen is wel weer even wennen.,Sleeping takes some getting used to again.,neutral,neutral,neutral,neutral
"00:07:45,000","00:07:49,000","En ik denk nu ook wel van, oh ja, dat was toch wel een dingetje.","En ik denk nu ook wel van, oh ja, dat was toch wel een dingetje.","And now I also think, oh yeah, that was quite a thing.",surprise,realization,surprise,surprise
"00:07:49,000","00:07:51,000",Dat ben ik helemaal vergeten.,Dat ben ik helemaal vergeten.,I completely forgot about that.,sadness,realization,surprise,surprise
"00:07:51,000","00:07:53,000",Hebben we het nu? Ja.,Hebben we het nu? Ja.,Do we have it now? Yes.,neutral,curiosity,neutral,neutral
"00:07:53,000","00:07:55,000",Woehoe!,Woehoe!,Woehoe!,happiness,excitement,happiness,happiness
"00:07:57,000","00:07:59,000",Fuck!,Fuck!,Fuck!,anger,anger,anger,anger
"00:08:09,000","00:08:14,000","We hebben allemaal minimaal, minimaal 30 dagen mogen testen in het verleden.","We hebben allemaal minimaal, minimaal 30 dagen mogen testen in het verleden.",We've all been able to test for at least 30 days in the past.,neutral,neutral,neutral,neutral
"00:08:14,000","00:08:16,000","Nou, dat was dan een beetje aanmodderen.","Nou, dat was dan een beetje aanmodderen.","Well, that was a bit of a muddle.",neutral,disappointment,sadness,neutral
"00:08:16,000","00:08:18,000","Nu gaan we gewoon de real deal doen, hè.","Nu gaan we gewoon de real deal doen, hè.","Now let's just do the real deal, okay?",neutral,determination,neutral,neutral
"00:08:18,000","00:08:20,000","Dit is top, hoor. Ja, dit is fijn.","Dit is top, hoor. Ja, dit is fijn.","This is great, listen. Yeah, this is nice.",happiness,joy,happiness,happiness
"00:08:21,000","00:08:24,000",Nu gaan we even laten zien hoe het moet aan Nederland.,Nu gaan we even laten zien hoe het moet aan Nederland.,Now we are going to show the Netherlands how it should be done.,happiness,pride,happiness,happiness
"00:08:26,000","00:08:28,000",Lekker eten vind ik belangrijk.,Lekker eten vind ik belangrijk.,I think good food is important.,neutral,neutral,neutral,neutral
"00:08:28,000","00:08:30,000","Ik heb ook gewoon, ja, honger mag ik dat misschien niet noemen...","Ik heb ook gewoon, ja, honger mag ik dat misschien niet noemen...","I'm also just, well, I guess I shouldn't call it hungry...",sadness,desire,happiness,sadness
"00:08:30,000","00:08:32,000",maar ik heb wel echt gewoon trek. Ik heb er wel zin in iets.,maar ik heb wel echt gewoon trek. Ik heb er wel zin in iets.,but I'm really hungry. I'm in the mood for something.,neutral,desire,happiness,neutral
"00:08:32,000","00:08:35,000",Zat jij te denken aan Eric Benedict of heb je zin in een beetje...,Zat jij te denken aan Eric Benedict of heb je zin in een beetje...,Were you thinking about Eric Benedict or are you in the mood for a little...,neutral,curiosity,neutral,neutral
"00:08:35,000","00:08:38,000",Ik was hetzelfde te denken aan een lekker broodje met zand.,Ik was hetzelfde te denken aan een lekker broodje met zand.,I was thinking the same thing about a nice sandwich with sand.,disgust,amusement,happiness,happiness
"00:08:38,000","00:08:40,000","Broodje zand, komt goed.","Broodje zand, komt goed.","Sand sandwich, it'll be fine.",disgust,optimism,happiness,happiness
"00:08:18,000","00:08:20,000","Zet het weg bij Lucia, bij Dusty.","Zet het weg bij Lucia, bij Dusty.","Put it away with Lucia, with Dusty.",neutral,neutral,neutral,neutral
"00:08:20,000","00:08:22,000",Mogen we mee?,Mogen we mee?,Can we come along?,neutral,desire,happiness,neutral
"00:08:22,000","00:08:24,000",Wij zijn op de vlucht.,Wij zijn op de vlucht.,We are on the run.,neutral,fear,fear,fear
"00:08:24,000","00:08:26,000",Wij zijn op de vlucht voor Hunters. Mogen we alsjeblieft mee?,Wij zijn op de vlucht voor Hunters. Mogen we alsjeblieft mee?,We're running from Hunters. Can we please come along?,fear,fear,fear,fear
"00:08:26,000","00:08:28,000","We hebben geen telefoon, geen portemonnee, helemaal niks.","We hebben geen telefoon, geen portemonnee, helemaal niks.","We have no phone, no wallet, nothing.",sadness,despair,sadness,sadness
"00:08:28,000","00:08:30,000","Graag. Ja, graag.","Graag. Ja, graag.",Please. Yes please.,neutral,desire,happiness,neutral
"00:08:30,000","00:08:32,000",Wij moeten ook daarheen. Komt u terug?,Wij moeten ook daarheen. Komt u terug?,We have to go there too. Will you be back?,neutral,curiosity,neutral,neutral
"00:08:32,000","00:08:34,000",Wat nou? Komt u...,Wat nou? Komt u...,What now? Are you coming...,anger,confusion,sadness,neutral
"00:08:34,000","00:08:36,000","Jongens, we moeten reageren.","Jongens, we moeten reageren.","Guys, we have to respond.",neutral,urgency,fear,fear
"00:08:36,000","00:08:38,000",Hé.,Hé.,Heh.,neutral,amusement,happiness,neutral
"00:08:38,000","00:08:40,000",Snel mogelijk erachteraan.,Snel mogelijk erachteraan.,Get after it as quickly as possible.,fear,urgency,fear,fear
"00:08:40,000","00:08:44,000",Twaalf voortvluchtige foto's volgen zometeen via Signal Open.,Twaalf voortvluchtige foto's volgen zometeen via Signal Open.,Twelve fugitive photos will follow shortly via Signal Open.,neutral,neutral,neutral,neutral
"00:08:44,000","00:08:46,000",Ben je Duits? Duits of Engels?,Ben je Duits? Duits of Engels?,Are you German? German or English?,neutral,curiosity,neutral,neutral
"00:08:46,000","00:08:48,000",Engels? Nederlands?,Engels? Nederlands?,English Dutch?,neutral,curiosity,neutral,neutral
"00:08:48,000","00:08:50,000",Ga je in een minuut of blijf je hier?,Ga je in een minuut of blijf je hier?,Are you going in a minute or are you staying here?,neutral,curiosity,neutral,neutral
"00:08:50,000","00:08:52,000",Klein dorpje. Heel klein dorpje.,Klein dorpje. Heel klein dorpje.,Small village. Very small village.,neutral,neutral,neutral,neutral
"00:08:52,000","00:08:54,000","Heel klein dorpje. Ja, maar best wel weg.","Heel klein dorpje. Ja, maar best wel weg.","Very small village. Yes, but quite gone.",neutral,neutral,neutral,neutral
"00:08:54,000","00:08:56,000",Vijftien kilometer of zo.,Vijftien kilometer of zo.,Fifteen kilometers or so.,neutral,neutral,neutral,neutral
"00:08:56,000","00:08:58,000","Nou, dat wordt niks.","Nou, dat wordt niks.","Well, that won't work.",anger,disappointment,sadness,sadness
"00:09:00,000","00:09:02,000",Over tien minuutjes komt mijn boot in.,Over tien minuutjes komt mijn boot in.,My boat will arrive in ten minutes.,neutral,neutral,neutral,neutral
"00:09:02,000","00:09:04,000",Zullen we meegaan? Zullen we dat doen?,Zullen we meegaan? Zullen we dat doen?,Shall we come along? Shall we do that?,fear,desire,happiness,happiness
"00:09:04,000","00:09:06,000","Maar het is over een kwartier, dus dat is wel spannend.","Maar het is over een kwartier, dus dat is wel spannend.","But it's in fifteen minutes, so that's exciting.",surprise,excitement,happiness,happiness
"00:09:06,000","00:09:08,000","Wacht, ik heb iets!","Wacht, ik heb iets!","Wait, I have something!",happiness,excitement,happiness,happiness
"00:09:08,000","00:09:10,000","Check. Kijk, hierin.","Check. Kijk, hierin.","Check. Look, in here.",neutral,curiosity,neutral,neutral
"00:09:10,000","00:09:12,000",Wij zijn op de vlucht. We moeten ergens heen.,Wij zijn op de vlucht. We moeten ergens heen.,We are on the run. We have to go somewhere.,fear,fear,fear,fear
"00:09:12,000","00:09:14,000","Maakt niet uit, maar een stukje Rotterdam uit.","Maakt niet uit, maar een stukje Rotterdam uit.","Doesn't matter, just get out of Rotterdam for a bit.",neutral,desire,happiness,neutral
"00:09:14,000","00:09:16,000",Mogen we misschien hier achterin? Ja?,Mogen we misschien hier achterin? Ja?,Can we maybe go in the back here? Yes?,fear,desire,happiness,happiness
"00:09:16,000","00:09:18,000","Dankjes. Lekker, maatje. Eerste lift.","Dankjes. Lekker, maatje. Eerste lift.","Thanks. Nice, buddy. First elevator.",neutral,gratitude,happiness,neutral
"00:09:20,000","00:09:22,000",Oké.,Oké.,Okay.,neutral,neutral,neutral,neutral
"00:09:22,000","00:09:24,000",Top.,Top.,Top.,neutral,approval,happiness,neutral
"00:09:24,000","00:09:26,000",Alsjeblieft.,Alsjeblieft.,Please.,neutral,desire,happiness,neutral
"00:09:26,000","00:09:28,000","Als dat het hoofdkantoor is, dan lopen wij nu","Als dat het hoofdkantoor is, dan lopen wij nu","If that's the headquarters, then we're walking now",neutral,nervousness,fear,neutral
"00:09:28,000","00:09:30,000",richting de straat van waar zij uitrijden.,richting de straat van waar zij uitrijden.,towards the street from which they exit.,neutral,nervousness,fear,neutral
"00:09:30,000","00:09:32,000",Alsjeblieft.,Alsjeblieft.,Please.,neutral,desire,happiness,neutral
"00:09:32,000","00:09:34,000","Drie minuten, echt waar.","Drie minuten, echt waar.","Three minutes, really.",neutral,annoyance,anger,anger
"00:09:34,000","00:09:36,000",Anders zijn we meteen gepakt.,Anders zijn we meteen gepakt.,Otherwise we will be caught immediately.,fear,fear,fear,fear
"00:09:36,000","00:09:38,000","Team 1, ETA.","Team 1, ETA.","Team 1, AND.",neutral,neutral,neutral,neutral
"00:09:38,000","00:09:40,000",Negen minuten.,Negen minuten.,Nine minutes.,neutral,nervousness,fear,neutral
"00:09:40,000","00:09:42,000",Ik denk dat wij nu aansluiten in de file.,Ik denk dat wij nu aansluiten in de file.,I think we are now stuck in a traffic jam.,neutral,annoyance,anger,neutral
"00:09:42,000","00:09:44,000",Alsjeblieft.,Alsjeblieft.,Please.,neutral,desire,happiness,neutral
"00:09:44,000","00:09:46,000",Alsjeblieft vragen.,Alsjeblieft vragen.,Please ask.,neutral,desire,happiness,neutral
"00:09:48,000","00:09:50,000",Stop!,Stop!,Stop!,anger,fear,fear,fear
"00:09:50,000","00:09:52,000",We moeten van die weg af.,We moeten van die weg af.,We have to get off that road.,neutral,fear,fear,fear
"00:09:52,000","00:09:54,000","Gun, ik wil van die weg af.","Gun, ik wil van die weg af.","Gun, I want to get off that road.",fear,fear,fear,fear
"00:50:08,000","00:50:11,000","Dat is wel tof, hè? Dat is wel leuk.","Dat is wel tof, hè? Dat is wel leuk.","That's pretty cool, isn't it? That's nice.",happiness,joy,happiness,happiness
"00:50:11,000","00:50:12,000",Ja.,Ja.,And.,neutral,neutral,neutral,neutral
"00:50:12,000","00:50:15,000",Dus dit jaar spelen we niet alleen. Het is echt met twee.,Dus dit jaar spelen we niet alleen. Het is echt met twee.,So this year we won't be playing alone. It really is two.,neutral,realization,surprise,surprise
"00:50:15,000","00:50:18,000","Het is leuk, hè? Het is iets nieuws.","Het is leuk, hè? Het is iets nieuws.","It's fun, isn't it? It's something new.",happiness,joy,happiness,happiness
"00:50:18,000","00:50:20,000",Ik ben benieuwd. Gezellig.,Ik ben benieuwd. Gezellig.,I'm curious. Pleasant.,happiness,curiosity,neutral,neutral
"00:50:20,000","00:50:23,000",Ik ben wel echt blij dat ik mijn koffer heb.,Ik ben wel echt blij dat ik mijn koffer heb.,I'm really glad I have my suitcase.,happiness,relief,happiness,happiness
"00:50:23,000","00:50:25,000","Wel, ja. Dank je wel. Echt. Top, hè?","Wel, ja. Dank je wel. Echt. Top, hè?","Well, yeah. Thank you. Really. Great, huh?",happiness,gratitude,happiness,happiness
"00:50:26,000","00:50:27,000",Hoe oud ben je?,Hoe oud ben je?,How old are you?,neutral,curiosity,neutral,neutral
"00:50:27,000","00:50:29,000",Ik ben 36. Jij?,Ik ben 36. Jij?,I'm 36. You?,neutral,neutral,neutral,neutral
"00:50:29,000","00:50:31,000",Ik ben 33. Dus daar ben ik wel heel blij mee.,Ik ben 33. Dus daar ben ik wel heel blij mee.,I'm 33. So I'm very happy with that.,happiness,joy,happiness,happiness
"00:50:31,000","00:50:34,000",Want je bent de eerste die een beetje dezelfde leeftijd heeft.,Want je bent de eerste die een beetje dezelfde leeftijd heeft.,Because you are the first one who is somewhat the same age.,neutral,relief,happiness,neutral
"00:50:34,000","00:50:38,000","Maar iedereen is wel superknap. Ja, het zijn allemaal mooie mensen.","Maar iedereen is wel superknap. Ja, het zijn allemaal mooie mensen.","But everyone is super handsome. Yes, they are all beautiful people.",happiness,admiration,happiness,happiness
"00:50:38,000","00:50:40,000",Ik ga trouwens wel straks even iets zeggen.,Ik ga trouwens wel straks even iets zeggen.,"By the way, I'm going to say something later.",neutral,neutral,neutral,neutral
"00:50:40,000","00:50:43,000",Het is natuurlijk voor ieder hier hartstikke spannend.,Het is natuurlijk voor ieder hier hartstikke spannend.,It is of course very exciting for everyone here.,neutral,excitement,happiness,happiness
"00:50:43,000","00:50:45,000","Ik bedoel, je gaat een avontuur aan.","Ik bedoel, je gaat een avontuur aan.","I mean, you're going on an adventure.",neutral,excitement,happiness,neutral
"00:50:45,000","00:50:49,000","Maar voor mij is het misschien iets spannender, omdat ik namelijk stotter.","Maar voor mij is het misschien iets spannender, omdat ik namelijk stotter.","But for me it might be a little more exciting, because I stutter.",fear,nervousness,fear,fear
"00:50:49,000","00:50:51,000",Dus vandaar heb ik het ook spannend zien.,Dus vandaar heb ik het ook spannend zien.,So that's why I found it exciting.,neutral,excitement,happiness,neutral
"00:50:51,000","00:50:53,000","Hé, Max. Ik help je erdoorheen.","Hé, Max. Ik help je erdoorheen.","Hey, Max. I'll help you through it.",neutral,caring,happiness,neutral
"00:50:53,000","00:50:56,000","O, god. Sorry, hoor. O, echt? Dat heb je gewoon van jezelf?","O, god. Sorry, hoor. O, echt? Dat heb je gewoon van jezelf?","Oh, God. Sorry, listen. Oh, really? You just got that from yourself?",anger,surprise,surprise,surprise
"00:50:56,000","00:50:58,000","Ja, klopt. Dat is ook de reden dat ik meedoe.","Ja, klopt. Dat is ook de reden dat ik meedoe.",That's right. That is also the reason I participate.,neutral,pride,happiness,neutral
"00:50:58,000","00:51:00,000",Ik wil gewoon echt een statement maken.,Ik wil gewoon echt een statement maken.,I just really want to make a statement.,neutral,desire,happiness,neutral
"00:51:00,000","00:51:02,000",Dat ook met een stotter kan je gewoon meedoen.,Dat ook met een stotter kan je gewoon meedoen.,You can still participate even if you stutter.,neutral,approval,happiness,neutral
"00:51:03,000","00:51:05,000",Maar dan ga ik je meteen een vraag stellen.,Maar dan ga ik je meteen een vraag stellen.,But then I'm going to ask you a question right away.,neutral,curiosity,neutral,neutral
"00:51:05,000","00:51:07,000",Want allereerst adem.,Want allereerst adem.,"Because first of all, breath.",neutral,caring,happiness,neutral
"00:51:07,000","00:51:09,000",Bij mij kan je helemaal jezelf zijn.,Bij mij kan je helemaal jezelf zijn.,With me you can be completely yourself.,neutral,caring,happiness,neutral
"00:51:09,000","00:51:11,000","Nee, dat is superlief. Jullie zijn ook superlief.","Nee, dat is superlief. Jullie zijn ook superlief.","No, that's super sweet. You are also super sweet.",happiness,admiration,happiness,happiness
"00:51:11,000","00:51:14,000",En ik voel me ook echt wel... Ik ben zo dankbaar dat ik hier mag zijn.,En ik voel me ook echt wel... Ik ben zo dankbaar dat ik hier mag zijn.,And I really feel... I'm so grateful to be here.,happiness,gratitude,happiness,happiness
"00:51:14,000","00:51:16,000","Nou, ik wil het even voorop stellen.","Nou, ik wil het even voorop stellen.","Well, let me put it first.",neutral,neutral,neutral,neutral
"00:51:16,000","00:51:18,000","Maar ik dacht, ik ga het wel straks...","Maar ik dacht, ik ga het wel straks...","But I thought, I'll do it later...",neutral,neutral,neutral,neutral
"00:51:18,000","00:51:20,000","Als iedereen er is, ga ik het wel even zeggen.","Als iedereen er is, ga ik het wel even zeggen.","When everyone is there, I'll just say it.",neutral,anticipation,happiness,neutral
"00:51:20,000","00:51:22,000",Dan is voor mij de spanning ervan af.,Dan is voor mij de spanning ervan af.,Then the tension is gone for me.,neutral,relief,happiness,neutral
"00:51:23,000","00:51:25,000","Ik... O, fucking spannend.","Ik... O, fucking spannend.","I... Oh, fucking exciting.",surprise,excitement,happiness,happiness
"00:51:25,000","00:51:27,000","Ik vind het ook echt raar, dit.","Ik vind het ook echt raar, dit.","I find it really strange too, this.",disgust,confusion,sadness,surprise
"00:51:27,000","00:51:29,000","Wat ziek, jongen.","Wat ziek, jongen.","How sick, boy.",surprise,surprise,surprise,surprise
"00:51:29,000","00:51:32,000",Maar het wordt dan echt druk als je hier straks met z'n allen zit.,Maar het wordt dan echt druk als je hier straks met z'n allen zit.,But it will be really busy when you're all here together.,neutral,anticipation,happiness,neutral
"00:51:32,000","00:51:34,000","Dat is gewoon, denk ik, tien man of meer.","Dat is gewoon, denk ik, tien man of meer.","That's just, I think, ten people or more.",neutral,neutral,neutral,neutral
"00:51:34,000","00:51:36,000","Nee, twaalf. We waren met zes.","Nee, twaalf. We waren met zes.","No, twelve. There were six of us.",neutral,realization,surprise,neutral
"00:51:36,000","00:51:39,000","O ja, en dan iedereen... Dus dan nog een keer zes is twaalf.","O ja, en dan iedereen... Dus dan nog een keer zes is twaalf.","Oh yes, and then everyone... So then six again is twelve.",neutral,realization,surprise,surprise
"00:51:39,000","00:51:41,000","Hé, Mara, vertel eens.","Hé, Mara, vertel eens.","Hey, Mara, tell me.",neutral,curiosity,neutral,neutral
"00:51:41,000","00:51:43,000","Single, geen kids.","Single, geen kids.","Single, no kids.",neutral,neutral,neutral,neutral
"00:51:43,000","00:51:46,000","Ik ben PA, personal assistant.","Ik ben PA, personal assistant.","I am a PA, personal assistant.",neutral,neutral,neutral,neutral
"00:51:46,000","00:51:48,000","O, wat leuk. En jij?","O, wat leuk. En jij?","Oh, how nice. And you?",happiness,curiosity,neutral,happiness
"00:51:48,000","00:51:51,000",Ik ben start-up-payer in de telemarketing.,Ik ben start-up-payer in de telemarketing.,I am a start-up payer in telemarketing.,neutral,neutral,neutral,neutral
"00:31:20,000","00:31:21,000","Stop, stop!","Stop, stop!","Stop, stop!",fear,fear,fear,fear
"00:31:22,000","00:31:23,000",Lekker!,Lekker!,Tasty!,happiness,joy,happiness,happiness
"00:31:23,000","00:31:25,000",GELUID VAN WATER,GELUID VAN WATER,SOUND OF WATER,neutral,neutral,neutral,neutral
"00:31:25,000","00:31:27,000",Lekker!,Lekker!,Tasty!,happiness,joy,happiness,happiness
"00:31:27,000","00:31:31,000","Oké, rustig aan, rustig aan. Alle tijd, alle tijd!","Oké, rustig aan, rustig aan. Alle tijd, alle tijd!","Okay, take it easy, take it easy. All the time, all the time!",fear,nervousness,fear,fear
"00:31:31,000","00:31:37,000",MUZIEK,MUZIEK,MUSIC,neutral,neutral,neutral,neutral
"00:31:37,000","00:31:40,000","Niels ook, over fanatiekelingen gesproken.","Niels ook, over fanatiekelingen gesproken.","Niels too, speaking of fanatics.",neutral,admiration,happiness,neutral
"00:31:40,000","00:31:42,000","Rustig jongens, rustig!","Rustig jongens, rustig!","Easy guys, easy!",neutral,nervousness,fear,fear
"00:31:42,000","00:31:46,000",MUZIEK,MUZIEK,MUSIC,neutral,neutral,neutral,neutral
"00:31:46,000","00:31:49,000","Op het moment dat Thomas probeert op die ton te komen,","Op het moment dat Thomas probeert op die ton te komen,","The moment Thomas tries to get on that barrel,",neutral,anticipation,happiness,neutral
"00:31:49,000","00:31:53,000",dan staat aan de andere kant Niels en die Moonwalk letterlijk achteruit.,dan staat aan de andere kant Niels en die Moonwalk letterlijk achteruit.,then on the other side there is Niels and that Moonwalk literally backwards.,surprise,amusement,happiness,happiness
"00:31:53,000","00:31:55,000","Ja, even rustig, stoppen jongens!","Ja, even rustig, stoppen jongens!","Yeah, calm down, stop guys!",anger,nervousness,fear,anger
"00:31:55,000","00:31:57,000","Kom op, de kant nooit!","Kom op, de kant nooit!","Come on, never leave the shore!",anger,fear,fear,anger
"00:31:57,000","00:32:01,000","En ik denk, was ik nou zo langzaam of is hij nou zo snel?","En ik denk, was ik nou zo langzaam of is hij nou zo snel?","And I think, was I that slow or is he that fast?",sadness,confusion,sadness,sadness
"00:32:01,000","00:32:03,000","Als het niet meer gaat, zit, he!","Als het niet meer gaat, zit, he!","If it doesn't work anymore, sit down, hey!",anger,disappointment,sadness,anger
"00:32:03,000","00:32:04,000","Als het niet gaat, stop, stop, stop!","Als het niet gaat, stop, stop, stop!","If it doesn't work, stop, stop, stop!",anger,disappointment,sadness,anger
"00:32:04,000","00:32:07,000","Bizar! Ik denk, hoe doet die gast dat?","Bizar! Ik denk, hoe doet die gast dat?","Weird! I think, how does this guy do that?",surprise,surprise,surprise,surprise
"00:32:07,000","00:32:10,000",Het is gewoon een aapje als je hem ziet.,Het is gewoon een aapje als je hem ziet.,He's just a monkey when you see him.,surprise,amusement,happiness,happiness
"00:32:10,000","00:32:14,000","We zijn er bijna, we zijn er bijna.","We zijn er bijna, we zijn er bijna.","We're almost there, we're almost there.",neutral,excitement,happiness,happiness
"00:32:14,000","00:32:18,000","Wacht, wacht, wacht, Niels, pak nog een klein stukje.","Wacht, wacht, wacht, Niels, pak nog een klein stukje.","Wait, wait, wait, Niels, take another little piece.",neutral,nervousness,fear,neutral
"00:32:18,000","00:32:19,000","Kom op, kom op!","Kom op, kom op!",Come on come on!,neutral,excitement,happiness,happiness
"00:32:19,000","00:32:23,000","Maar toen dacht ik, don't do shit, don't fucking help.","Maar toen dacht ik, don't do shit, don't fucking help.","But then I thought, don't do shit, don't fucking help.",anger,anger,anger,anger
"00:32:23,000","00:32:27,000","Wacht, wacht, wacht, Niels, pak nog een klein stukje.","Wacht, wacht, wacht, Niels, pak nog een klein stukje.","Wait, wait, wait, Niels, take another little piece.",neutral,nervousness,fear,neutral
"00:32:27,000","00:32:29,000","Nee, nee, Niels, rustig, relax.","Nee, nee, Niels, rustig, relax.","No, no, Niels, calm down, relax.",anger,nervousness,fear,anger
"00:32:29,000","00:32:32,000","Ik ben gewoon alleen oprecht bang dat door zijn fanatisme,","Ik ben gewoon alleen oprecht bang dat door zijn fanatisme,","I'm just genuinely afraid that because of his fanaticism,",neutral,fear,fear,fear
"00:32:33,000","00:32:35,000",dat hij misschien te vroeg gaat springen.,dat hij misschien te vroeg gaat springen.,that he might jump too early.,neutral,fear,fear,fear
"00:32:35,000","00:32:36,000","Kijk uit, jongens!","Kijk uit, jongens!","Watch out, boys!",neutral,fear,fear,fear
"00:32:36,000","00:32:38,000","Kom op, kom op!","Kom op, kom op!",Come on come on!,anger,excitement,happiness,anger
"00:32:38,000","00:32:42,000",GELUID VAN GELUID VAN FANATISME,GELUID VAN GELUID VAN FANATISME,SOUND OF SOUND OF FANATISM,neutral,neutral,neutral,neutral
"00:32:42,000","00:32:49,000",GELUID VAN GELUID VAN GELUID VAN FANATISME,GELUID VAN GELUID VAN GELUID VAN FANATISME,SOUND OF SOUND OF SOUND OF FANATISM,neutral,neutral,neutral,neutral
"00:32:49,000","00:32:59,000",GELUID VAN GELUID VAN GELUID VAN GELUID VAN FANATISME,GELUID VAN GELUID VAN GELUID VAN GELUID VAN FANATISME,SOUND OF SOUND OF SOUND OF SOUND OF FANATISM,neutral,neutral,neutral,neutral
"00:32:59,000","00:33:01,000","Kamp Zuid, knap gespeeld!","Kamp Zuid, knap gespeeld!","Camp South, well played!",happiness,admiration,happiness,happiness
"00:33:01,000","00:33:03,000","Niels, een prachtig slot van jou.","Niels, een prachtig slot van jou.","Niels, a beautiful ending from you.",happiness,admiration,happiness,happiness
"00:33:03,000","00:33:05,000",Dank je wel.,Dank je wel.,Thank you.,neutral,gratitude,happiness,happiness
"00:33:05,000","00:33:08,000",Dat betekent dat jullie deze immuniteits-trofee krijgen.,Dat betekent dat jullie deze immuniteits-trofee krijgen.,That means you get this immunity trophy.,neutral,approval,happiness,neutral
"00:33:08,000","00:33:12,000",GELUID VAN GELUID VAN FANATISME,GELUID VAN GELUID VAN FANATISME,SOUND OF SOUND OF FANATISM,neutral,excitement,happiness,happiness
"00:33:12,000","00:33:13,000",Hoppa!,Hoppa!,Jump!,neutral,excitement,happiness,neutral
"00:33:13,000","00:33:18,000","Kamp Noord, ik zie jullie vanavond op de eilandraad.","Kamp Noord, ik zie jullie vanavond op de eilandraad.","Camp North, I'll see you tonight at the Island Council.",neutral,neutral,neutral,neutral
"00:33:18,000","00:33:21,000","Gewonnen, superblij, maar wel Tante Frida kwijt.","Gewonnen, superblij, maar wel Tante Frida kwijt.","Won, super happy, but lost Aunt Frida.",surprise,mixed,neutral,surprise
"00:33:21,000","00:33:24,000",En ik wist al eigenlijk dat we het niet hadden moeten doen.,En ik wist al eigenlijk dat we het niet hadden moeten doen.,And I already knew that we shouldn't have done it.,neutral,regret,sadness,sadness
"00:33:24,000","00:33:27,000",Het gevoel is gewoon heel moeilijk uit te leggen.,Het gevoel is gewoon heel moeilijk uit te leggen.,The feeling is just really hard to explain.,neutral,confusion,sadness,sadness
"00:33:27,000","00:33:29,000","Als je de tweede keer meedoet aan Expeditie Robbenzon,","Als je de tweede keer meedoet aan Expeditie Robbenzon,","If you participate in Expedition Robbenzon for the second time,",neutral,neutral,neutral,neutral
"00:33:29,000","00:33:32,000","dat zo'n proef vindt, dat geeft gewoon een heel fijn gevoel.","dat zo'n proef vindt, dat geeft gewoon een heel fijn gevoel.","that finds such a test, that just gives a very nice feeling.",neutral,joy,happiness,happiness
"00:33:32,000","00:33:36,000",En dan ook nog met zo'n immuniteits-totem.,En dan ook nog met zo'n immuniteits-totem.,And then also with such an immunity totem.,happiness,joy,happiness,happiness
"00:49:37,000","00:49:40,000",In ieder geval heel veel wat we kunnen verifiëren.,In ieder geval heel veel wat we kunnen verifiëren.,At least quite a lot that we can verify.,happiness,satisfaction,happiness,happiness
"00:49:40,000","00:49:43,000",Hij zit ook gewoon glashard te liggen.,Hij zit ook gewoon glashard te liggen.,He also just sits there as hard as a rock.,neutral,admiration,happiness,neutral
"00:49:43,000","00:49:45,000","Zoekgeschiedenis, safari.","Zoekgeschiedenis, safari.","Search history, safari.",neutral,curiosity,neutral,neutral
"00:49:45,000","00:49:47,000",Gisteren nog gezocht op...,Gisteren nog gezocht op...,Yesterday I searched for...,neutral,neutral,neutral,neutral
"00:49:47,000","00:49:50,000",Waar staan overal camera's langs de snelweg?,Waar staan overal camera's langs de snelweg?,Where are there cameras along the highway?,neutral,curiosity,neutral,neutral
"00:49:50,000","00:49:53,000","Dus weet je wel, die vent zit er keihard in.","Dus weet je wel, die vent zit er keihard in.","So you know, this guy is really into it.",neutral,admiration,happiness,neutral
"00:49:53,000","00:49:55,000","Weet je wel, tot zijn vuist diep.","Weet je wel, tot zijn vuist diep.","You know, up to his fist deep.",neutral,amusement,happiness,neutral
"00:49:56,000","00:49:59,000","Maar goed, laten we maar het idee hebben dat we...","Maar goed, laten we maar het idee hebben dat we...","Anyway, let's just have the idea that we...",neutral,optimism,happiness,happiness
"00:49:59,000","00:50:01,000","Sterk, dat was het doel, hè? Ja.","Sterk, dat was het doel, hè? Ja.","Strong, that was the goal, right? Yes.",neutral,approval,happiness,happiness
"00:50:03,000","00:50:04,000",Daar zijn ze. Daar zijn ze.,Daar zijn ze. Daar zijn ze.,There they are. There they are.,neutral,excitement,happiness,neutral
"00:50:04,000","00:50:08,000",In Breda wordt het wachten van Bishan en Shiva beloond.,In Breda wordt het wachten van Bishan en Shiva beloond.,"In Breda, Bishan and Shiva's wait is rewarded.",neutral,relief,happiness,neutral
"00:50:08,000","00:50:11,000",Het stel dat beloofde terug te komen staat nu voor ze.,Het stel dat beloofde terug te komen staat nu voor ze.,The couple who promised to return now stands before them.,neutral,joy,happiness,neutral
"00:50:11,000","00:50:13,000",Ze hebben inderdaad een slaapplek geregeld.,Ze hebben inderdaad een slaapplek geregeld.,They did indeed arrange a place to sleep.,neutral,gratitude,happiness,neutral
"00:50:13,000","00:50:17,000","En twee studenten, die ze ieder moment opkomen halen.","En twee studenten, die ze ieder moment opkomen halen.","And two students, who will pick them up at any moment.",neutral,anticipation,happiness,neutral
"00:50:17,000","00:50:20,000",Ik sta nu in het park. Weet me wel te vinden.,Ik sta nu in het park. Weet me wel te vinden.,I'm in the park now. You know where to find me.,neutral,neutral,neutral,neutral
"00:50:20,000","00:50:22,000",Begin van die steiger. Top.,Begin van die steiger. Top.,Start of that scaffolding. Great.,neutral ,approval,happiness,happiness
"00:50:22,000","00:50:25,000","Super, dank je wel. Dank je wel.","Super, dank je wel. Dank je wel.","Great, thank you. Thank you.",happiness,gratitude,happiness,happiness
"00:50:25,000","00:50:27,000",Echt top.,Echt top.,Really great.,happiness,joy,happiness,happiness
"00:50:27,000","00:50:29,000",Team 1 is inmiddels ook in Breda.,Team 1 is inmiddels ook in Breda.,Team 1 is now also in Breda.,neutral,neutral,neutral,neutral
"00:50:29,000","00:50:33,000",Op het hoofdkwartier weten ze niet beter dan dat Bishan en Shiva...,Op het hoofdkwartier weten ze niet beter dan dat Bishan en Shiva...,"At headquarters, they know nothing better than that Bishan and Shiva...",neutral,confusion,sadness,neutral
"00:50:33,000","00:50:36,000",ruim een uur geleden daar met de trein zijn aangekomen.,ruim een uur geleden daar met de trein zijn aangekomen.,arrived there by train just over an hour ago.,neutral,neutral,neutral,neutral
"00:50:36,000","00:50:39,000",Michael en Bo proberen nu in kaart te brengen...,Michael en Bo proberen nu in kaart te brengen...,Michael and Bo are now trying to map out...,neutral,curiosity,neutral,neutral
"00:50:39,000","00:50:41,000",wat de looproute van de jongens is geweest.,wat de looproute van de jongens is geweest.,what the boys' walking route was.,neutral,curiosity,neutral,neutral
"00:50:41,000","00:50:43,000",We staan hier bij het Stadspark.,We staan hier bij het Stadspark.,We are standing here at the City Park.,neutral,neutral,neutral,neutral
"00:50:43,000","00:50:45,000","Op de kruising Willemstraat, Spoorstraat.","Op de kruising Willemstraat, Spoorstraat.",At the intersection of Willemstraat and Spoorstraat.,neutral,neutral,neutral,neutral
"00:50:45,000","00:50:48,000",Daar heb je ook wifi-sensoren staan.,Daar heb je ook wifi-sensoren staan.,There you also have WiFi sensors.,neutral,neutral,neutral,neutral
"00:50:48,000","00:50:52,000",Dus als daar gebeld is...,Dus als daar gebeld is...,So if there was a call...,neutral,curiosity,neutral,neutral
"00:50:52,000","00:50:55,000",of als wij op de camera's mensen zien met telefoons...,of als wij op de camera's mensen zien met telefoons...,or when we see people with phones on the cameras...,disgust ,curiosity,neutral,neutral
"00:50:55,000","00:50:58,000",dan zou het zomaar kunnen zijn dat ze daar via een hotspot...,dan zou het zomaar kunnen zijn dat ze daar via een hotspot...,then it could well be that they got there via a hotspot...,suprise ,realization,surprise,surprise
"00:50:58,000","00:51:01,000",of een spot van de wifi zijn opgepakt.,of een spot van de wifi zijn opgepakt.,or a spot of the wifi has been picked up.,neutral ,realization,surprise,neutral
"00:51:01,000","00:51:03,000",Ik ga jullie even verder helpen. Top.,Ik ga jullie even verder helpen. Top.,I'll help you out a bit further. Great.,happiness,caring,happiness,happiness
"00:51:03,000","00:51:05,000",Zorg dat je een beetje een route loopt.,Zorg dat je een beetje een route loopt.,Make sure you walk a bit of a route.,neutral ,neutral,neutral,neutral
"00:51:05,000","00:51:09,000","Wat we ook kunnen doen, als wij een meter of 30 achter jullie lopen...","Wat we ook kunnen doen, als wij een meter of 30 achter jullie lopen...","Whatever we can do, if we walk about 30 meters behind you...",disgust ,caring,happiness,neutral
"00:51:09,000","00:51:11,000",dan bellen we gewoon aan als jullie daar staan.,dan bellen we gewoon aan als jullie daar staan.,then we will simply ring the bell when you are there.,neutral ,neutral,neutral,neutral
"00:51:11,000","00:51:13,000",Dan lopen jullie eerst naar binnen.,Dan lopen jullie eerst naar binnen.,Then you first walk inside.,neutral ,neutral,neutral,neutral
"00:51:13,000","00:51:16,000",Dan lopen wij 30 meter achter jullie aan.,Dan lopen wij 30 meter achter jullie aan.,Then we will walk 30 meters behind you.,neutral,neutral,neutral,neutral
"00:51:17,000","00:51:19,000",Lopen wij achter jullie aan? Ja.,Lopen wij achter jullie aan? Ja.,Are we following you? Yes.,neutral ,curiosity,neutral,neutral
"00:51:19,000","00:51:22,000","Super, bedankt. Loop maar op. We lopen jullie achterna.","Super, bedankt. Loop maar op. We lopen jullie achterna.","Great, thanks. Go ahead. We'll follow you.",happiness,approval,happiness,happiness
"00:51:22,000","00:51:24,000",Dank je wel voor het regelen. Tot snel.,Dank je wel voor het regelen. Tot snel.,Thank you for arranging. See you soon.,happiness,gratitude,happiness,happiness
"00:51:24,000","00:51:27,000","Kruising Willemstraat, Spoorstraat.","Kruising Willemstraat, Spoorstraat.",Intersection of Willemstraat and Spoorstraat.,neutral ,neutral,neutral,neutral
"00:51:27,000","00:51:31,000",Drie camera's bij de ingang van het park.,Drie camera's bij de ingang van het park.,Three cameras at the entrance of the park.,neutral ,neutral,neutral,neutral
"00:51:31,000","00:51:34,000",Loop maar daarheen. Daar? Ja.,Loop maar daarheen. Daar? Ja.,Just walk over there. Over there? Yes.,neutral ,neutral,neutral,neutral
"00:51:34,000","00:51:36,000",Loop maar hier. Beter hier.,Loop maar hier. Beter hier.,Just walk here. Better here.,neutral ,approval,happiness,neutral
"00:51:36,000","00:51:39,000",Wij staan nu aan de zijkant van het park.,Wij staan nu aan de zijkant van het park.,We are now standing at the side of the park.,neutral ,neutral,neutral,neutral
"00:29:28,000","00:29:30,000",Ga ervoor.,Ga ervoor.,Go for it.,neutral,encouragement,happiness,happiness
"00:29:30,000","00:29:32,000",Ja!,Ja!,And!,neutral,neutral,neutral,neutral
"00:29:32,000","00:29:34,000","Oké, volgende!","Oké, volgende!","Okay, next!",neutral,anticipation,happiness,happiness
"00:29:34,000","00:29:36,000",Let's go!,Let's go!,Let's go!,neutral,excitement,happiness,happiness
"00:29:36,000","00:29:38,000","Concentreren, blijf erbij.","Concentreren, blijf erbij.","Concentrate, stay with it.",neutral,encouragement,happiness,happiness
"00:29:38,000","00:29:42,000","Ik loop naar links, want daar hangt een stokje dat het meest laag hangt.","Ik loop naar links, want daar hangt een stokje dat het meest laag hangt.","I walk to the left, because there is a stick hanging there that hangs the lowest.",neutral,neutral,neutral,neutral
"00:29:42,000","00:29:45,000","En ik denk, oké, dit is echt best wel een eind.","En ik denk, oké, dit is echt best wel een eind.","And I think, okay, this is actually quite a distance.",neutral,realization,surprise,surprise
"00:29:46,000","00:29:48,000","Kom op nou, nu moet ik het echt niet verknallen.","Kom op nou, nu moet ik het echt niet verknallen.","Come on now, I really mustn't screw this up.",fear,nervousness,fear,fear
"00:29:48,000","00:29:50,000",Dat zou helemaal lullig zijn.,Dat zou helemaal lullig zijn.,That would totally suck.,neutral,disappointment,sadness,sadness
"00:29:51,000","00:29:53,000",Ja! Goed zo!,Ja! Goed zo!,Yes! Well done!,happiness,admiration,happiness,happiness
"00:29:53,000","00:29:55,000","Aantrekken, aantrekken!","Aantrekken, aantrekken!","Put it on, put it on!",neutral,encouragement,happiness,happiness
"00:29:55,000","00:29:57,000","Zeker, kom op!","Zeker, kom op!","Sure, come on!",neutral,encouragement,happiness,happiness
"00:29:57,000","00:29:59,000",De stand is nu 3-2.,De stand is nu 3-2.,The score is now 3-2.,neutral,neutral,neutral,neutral
"00:30:00,000","00:30:02,000",Dus we gaan nu gewoon tempo maken.,Dus we gaan nu gewoon tempo maken.,So we're just going to pick up the pace now.,neutral,determination,neutral,neutral
"00:30:02,000","00:30:11,000","Eén, twee, één, twee, één, rustig, twee.","Eén, twee, één, twee, één, rustig, twee.","One, two, one, two, one, easy, two.",neutral,neutral,neutral,neutral
"00:30:11,000","00:30:15,000",Zij zijn alweer bezig om naar het vierde staafje te gaan.,Zij zijn alweer bezig om naar het vierde staafje te gaan.,They are already working on moving on to the fourth bar.,neutral,neutral,neutral,neutral
"00:30:15,000","00:30:20,000","Ja, dan weet je gewoon dat Thomas nu iets moet forceren.","Ja, dan weet je gewoon dat Thomas nu iets moet forceren.","Yes, then you just know that Thomas has to force something now.",neutral,realization,surprise,neutral
"00:30:20,000","00:30:21,000","Rustig, rustig!","Rustig, rustig!",Calm down!,anger,encouragement,happiness,anger
"00:30:21,000","00:30:25,000","Ik heb mijn positie al heel gauw, heel stevig en stabiel erop staan.","Ik heb mijn positie al heel gauw, heel stevig en stabiel erop staan.",I quickly established my position very firmly and stably.,neutral,pride,happiness,happiness
"00:30:25,000","00:30:27,000","Ik denk, jongens, trek maar.","Ik denk, jongens, trek maar.","I think, guys, go ahead.",neutral,encouragement,happiness,neutral
"00:30:27,000","00:30:31,000",Laten we gewoon zo snel mogelijk onze voorsprong vergroten.,Laten we gewoon zo snel mogelijk onze voorsprong vergroten.,Let's just increase our lead as quickly as possible.,neutral,determination,neutral,neutral
"00:30:31,000","00:30:32,000",Dit is mijn moment.,Dit is mijn moment.,This is my moment.,neutral,excitement,happiness,happiness
"00:30:33,000","00:30:37,000","Ik had wel het gevoel, ja, ik moet iets proberen, ik moet sneller.","Ik had wel het gevoel, ja, ik moet iets proberen, ik moet sneller.","I did have the feeling, yes, I have to try something, I have to go faster.",neutral,determination,neutral,neutral
"00:30:37,000","00:30:38,000","Oh, shit!","Oh, shit!","Oh, shit!",surprise,disappointment,sadness,surprise
"00:30:38,000","00:30:40,000","Nog een keer, nog een keer!","Nog een keer, nog een keer!","One more time, one more time!",neutral,determination,neutral,neutral
"00:30:40,000","00:30:45,000","Uiteindelijk val ik eraf, maar dan ga ik er de tweede keer op.","Uiteindelijk val ik eraf, maar dan ga ik er de tweede keer op.","Eventually I fall off, but then I get on the second time.",neutral,relief,happiness,happiness
"00:30:45,000","00:30:46,000",Oh!,Oh!,Oh!,surprise,surprise,surprise,surprise
"00:30:46,000","00:30:48,000",Zullen we het zo doen? Zo!,Zullen we het zo doen? Zo!,Shall we do it like this? Like this!,anger,curiosity,neutral,neutral
"00:30:48,000","00:30:50,000","Snel, snel, snel!","Snel, snel, snel!","Quick, quick, quick!",anger,excitement,happiness,happiness
"00:30:50,000","00:30:51,000",Oh!,Oh!,Oh!,surprise,surprise,surprise,surprise
"00:30:51,000","00:30:52,000",Het lukt niet.,Het lukt niet.,It does not work.,sadness,disappointment,sadness,sadness
"00:30:52,000","00:30:56,000",Ik heb al een paar keer aan de andere kant geplonst in het water gehoord.,Ik heb al een paar keer aan de andere kant geplonst in het water gehoord.,I've heard splashes in the water on the other side a few times already.,neutral,curiosity,neutral,neutral
"00:30:56,000","00:30:58,000","En ik denk, gaan we dat flikken?","En ik denk, gaan we dat flikken?","And I think, are we going to pull this off?",neutral,nervousness,fear,fear
"00:30:58,000","00:30:59,000",Ja!,Ja!,And!,neutral,excitement,happiness,neutral
"00:30:59,000","00:31:01,000",GELUID VAN WATER,GELUID VAN WATER,SOUND OF WATER,neutral,neutral,neutral,neutral
"00:31:01,000","00:31:03,000","Hier, hier!","Hier, hier!",Here here!,happiness,excitement,happiness,happiness
"00:31:03,000","00:31:04,000",Ja!,Ja!,And!,neutral,excitement,happiness,neutral
"00:31:04,000","00:31:05,000",Lekker!,Lekker!,Tasty!,happiness,joy,happiness,happiness
"00:31:05,000","00:31:07,000",Let's go!,Let's go!,Let's go!,neutral,excitement,happiness,happiness
"00:31:07,000","00:31:10,000",We hebben natuurlijk diep stokjes achter elkaar gepakt.,We hebben natuurlijk diep stokjes achter elkaar gepakt.,Of course we grabbed deep sticks one after the other.,neutral,neutral,neutral,neutral
"00:31:10,000","00:31:13,000",Maar dat wil nog niks zeggen over het vijfde stokje.,Maar dat wil nog niks zeggen over het vijfde stokje.,But that doesn't say anything about the fifth stick.,neutral,curiosity,neutral,neutral
"00:31:13,000","00:31:16,000","Als het daar weer fout gaat, als die persoon elke keer blijft vallen,","Als het daar weer fout gaat, als die persoon elke keer blijft vallen,","If it goes wrong again, if that person keeps falling,",neutral,fear,fear,neutral
"00:31:16,000","00:31:18,000",je weet het nooit met het laatste.,je weet het nooit met het laatste.,you never know with the latter.,neutral,uncertainty,sadness,sadness
"00:31:18,000","00:31:20,000","Eén, twee, één, twee, één, twee.","Eén, twee, één, twee, één, twee.","One, two, one, two, one, two.",neutral,neutral,neutral,neutral
"00:53:11,000","00:53:14,000",Ze voelen zich daar veilig genoeg om de oude mobiele telefoon...,Ze voelen zich daar veilig genoeg om de oude mobiele telefoon...,They feel safe enough there to throw away the old mobile phone...,neutral,relief,happiness,neutral
"00:53:14,000","00:53:17,000","die ze uit de container mee moesten nemen, nader te inspecteren.","die ze uit de container mee moesten nemen, nader te inspecteren.",that they had to take with them from the container.,neutral,neutral,neutral,neutral
"00:53:17,000","00:53:19,000",Er zit niks in.,Er zit niks in.,There's nothing in it.,neutral,disappointment,sadness,neutral
"00:53:19,000","00:53:21,000",Dus dat is toch ook raar?,Dus dat is toch ook raar?,"So that's weird too, right?",surprise,confusion,sadness,surprise
"00:53:23,000","00:53:26,000","Ik had hem prongelijk aangezet, maar ik had meteen die accu er weer uitgehaald.","Ik had hem prongelijk aangezet, maar ik had meteen die accu er weer uitgehaald.","I turned it on immediately, but I immediately took the battery out again.",neutral,nervousness,fear,neutral
"00:53:26,000","00:53:30,000","Nou, hou mij ook een bij, want dit kunnen ze toch ook niet streamen?","Nou, hou mij ook een bij, want dit kunnen ze toch ook niet streamen?","Well, keep me updated too, because they can't stream this either, can they?",fear,curiosity,neutral,surprise
"00:53:30,000","00:53:31,000",En dan...,En dan...,And then...,neutral,anticipation,happiness,surprise
"00:53:31,000","00:53:32,000",Nee.,Nee.,Nee.,neutral,disapproval,disgust,neutral
"00:53:32,000","00:53:33,000",Is dat nou al weg? Weet ik niet.,Is dat nou al weg? Weet ik niet.,Is that gone already? I do not know.,surprise,confusion,sadness,surprise
"00:53:33,000","00:53:34,000",We moeten hem denk ik wel aanzetten.,We moeten hem denk ik wel aanzetten.,I think we should turn it on.,neutral,curiosity,neutral,neutral
"00:53:34,000","00:53:35,000",Ik denk wel dat er iets in staat.,Ik denk wel dat er iets in staat.,I think there's something in there.,neutral,curiosity,neutral,neutral
"00:53:35,000","00:53:36,000",Ja.,Ja.,And.,neutral,neutral,neutral,neutral
"00:53:36,000","00:53:39,000",Het waarschuwingsbelletje van helper Mark is uitgebleven.,Het waarschuwingsbelletje van helper Mark is uitgebleven.,The warning bell from helper Mark did not ring.,neutral,disappointment,sadness,neutral
"00:53:39,000","00:53:41,000",Davy en Linda blijven dus in pernis.,Davy en Linda blijven dus in pernis.,So Davy and Linda stay in Pernis.,neutral,neutral,neutral,neutral
"00:53:41,000","00:53:45,000",Want wie zegt er nou nee tegen zo'n lekker bordje Chinees eten?,Want wie zegt er nou nee tegen zo'n lekker bordje Chinees eten?,Because who could say no to such a delicious plate of Chinese food?,anger,amusement,happiness,happiness
"00:53:45,000","00:53:48,000",Je moet wel genoeg eten. Misschien neemt een paar lagen niks.,Je moet wel genoeg eten. Misschien neemt een paar lagen niks.,You have to eat enough. Maybe a few coats won't do anything.,neutral,caring,happiness,neutral
"00:53:48,000","00:53:50,000",Precies. De laatste dat er voorlopig bijgaat.,Precies. De laatste dat er voorlopig bijgaat.,Precisely. The last one for the time being.,neutral,neutral,neutral,neutral
"00:53:52,000","00:53:55,000",Romy en Kelly hebben besloten toch een andere slaapplek te zoeken.,Romy en Kelly hebben besloten toch een andere slaapplek te zoeken.,Romy and Kelly have decided to find another place to sleep.,neutral,neutral,neutral,neutral
"00:53:55,000","00:53:59,000",En tot hun blijdschap is het bij de eerste de beste poging meteen raar.,En tot hun blijdschap is het bij de eerste de beste poging meteen raar.,"And to their delight, it's weird at the first try.",neutral,surprise,surprise,neutral
"00:53:59,000","00:54:00,000",Heel erg bedankt.,Heel erg bedankt.,Thank you very much.,happiness,gratitude,happiness,happiness
"00:54:00,000","00:54:01,000","Ja, wil je nog een?","Ja, wil je nog een?","Yes, do you want another one?",neutral,curiosity,neutral,neutral
"00:54:01,000","00:54:02,000",Nee.,Nee.,Nee.,neutral,neutral,neutral,neutral
"00:54:02,000","00:54:04,000",Mogen we nog een kopje mee eten?,Mogen we nog een kopje mee eten?,Can we have another cup for dinner?,neutral,desire,happiness,happiness
"00:54:04,000","00:54:05,000",Niet? Meent u?,Niet? Meent u?,Not? Are you serious?,surprise,surprise,surprise,surprise
"00:54:05,000","00:54:06,000",Heel erg fijn.,Heel erg fijn.,Very nice.,happiness,joy,happiness,happiness
"00:54:06,000","00:54:07,000",Superfijn.,Superfijn.,Super nice.,happiness,joy,happiness,happiness
"00:54:07,000","00:54:08,000","Dank u, dank u.","Dank u, dank u.",Thank you thank you.,happiness,gratitude,happiness,happiness
"00:54:08,000","00:54:11,000",Ook de vriendinnen veilig voor de eerste nacht.,Ook de vriendinnen veilig voor de eerste nacht.,The girlfriends are also safe for the first night.,neutral,relief,happiness,neutral
"00:54:11,000","00:54:12,000",Die tas af.,Die tas af.,The bag off.,anger,neutral,neutral,neutral
"00:54:12,000","00:54:13,000",Zo.,Zo.,Like this.,neutral,neutral,neutral,neutral
"00:54:19,000","00:54:20,000",Goedendag. Goedendag.,Goedendag. Goedendag.,Good day. Good day.,neutral,neutral,neutral,neutral
"00:54:20,000","00:54:21,000",Mijn naam is Tom. Ja.,Mijn naam is Tom. Ja.,My name is Tom. Yes.,neutral,neutral,neutral,neutral
"00:54:21,000","00:54:22,000",Hallo.,Hallo.,Hallo.,neutral,neutral,neutral,neutral
"00:54:22,000","00:54:23,000",Mijn naam is Tom.,Mijn naam is Tom.,My name is Tom.,neutral,neutral,neutral,neutral
"00:54:23,000","00:54:24,000","Ja, u mag binnenkomen.","Ja, u mag binnenkomen.","Yes, you can come in.",neutral,approval,happiness,neutral
"00:54:24,000","00:54:25,000",Ja?,Ja?,And?,surprise,curiosity,neutral,neutral
"00:54:25,000","00:54:27,000","U weet al, u verwacht ons al?","U weet al, u verwacht ons al?","You already know, you're already expecting us?",surprise,curiosity,neutral,surprise
"00:54:27,000","00:54:28,000","Ik verwacht jullie al, ja.","Ik verwacht jullie al, ja.","I'm already expecting you, yes.",neutral,realization,surprise,neutral
"00:54:28,000","00:54:29,000","Oké, hallo.","Oké, hallo.","Okay, hello.",neutral,neutral,neutral,neutral
"00:54:29,000","00:54:34,000",Team 2 is samen met digitaal rechercheur Martijn bij de ouders van Rajiv gearriveerd.,Team 2 is samen met digitaal rechercheur Martijn bij de ouders van Rajiv gearriveerd.,Team 2 arrived at Rajiv's parents together with digital detective Martijn.,neutral,neutral,neutral,neutral
"00:54:34,000","00:54:38,000",Het doel is subtiel te achterhalen hoe groot de rol van vader is.,Het doel is subtiel te achterhalen hoe groot de rol van vader is.,The goal is to subtly find out how important the role of a father is.,neutral,curiosity,neutral,neutral
"00:54:38,000","00:54:40,000",En om een baken onder zijn bus te plaatsen.,En om een baken onder zijn bus te plaatsen.,And to place a beacon under his bus.,neutral,neutral,neutral,neutral
"00:54:40,000","00:54:41,000",Mogen we even binnenkomen?,Mogen we even binnenkomen?,Can we come in for a moment?,neutral,desire,happiness,neutral
"00:54:41,000","00:54:42,000",Ja.,Ja.,And.,neutral,neutral,neutral,neutral
"00:30:04,000","00:30:05,000",Nee.,Nee.,Nee.,neutral,disapproval,disgust,neutral
"00:30:05,000","00:30:06,000","Tatjana, jij weet het antwoord?","Tatjana, jij weet het antwoord?","Tatjana, you know the answer?",neutral,curiosity,neutral,neutral
"00:30:06,000","00:30:07,000",Ja.,Ja.,And.,neutral,neutral,neutral,neutral
"00:30:07,000","00:30:08,000","Je voelt hem al aankomen, hè?","Je voelt hem al aankomen, hè?","You can feel it coming, right?",neutral,anticipation,happiness,neutral
"00:30:08,000","00:30:11,000","Ja, maar ik ben al voorbereid dat ik die niet mag meenemen.","Ja, maar ik ben al voorbereid dat ik die niet mag meenemen.","Yes, but I'm already prepared that I won't be allowed to take it with me.",sadness,disappointment,sadness,sadness
"00:30:11,000","00:30:12,000",Dus...,Dus...,So...,neutral,neutral,neutral,neutral
"00:30:12,000","00:30:13,000","Good girl, je koffer blijft hier.","Dus... Goed zo, je koffer blijft hier.","So... Good, your suitcase stays here.",neutral,disappointment,sadness,neutral
"00:30:13,000","00:30:14,000","Ja, is oké.","Ja, is oké.","Yeah, that's okay.",neutral,acceptance,neutral,neutral
"00:30:14,000","00:30:18,000","Maar wat je wel meekrijgt, zijn vijf big brother coins.","Maar wat je wel meekrijgt, zijn vijf big brother coins.",But what you do get are five big brother coins.,happiness,surprise,surprise,neutral
"00:30:18,000","00:30:19,000",Kijk eens aan.,Kijk eens aan.,Look at that.,neutral,surprise,surprise,neutral
"00:30:19,000","00:30:20,000",Je mag ze pakken.,Je mag ze pakken.,You can take them.,happiness,neutral,neutral,neutral
"00:30:20,000","00:30:23,000",Die kunnen natuurlijk ongelooflijk belangrijk zijn in het spel.,Die kunnen natuurlijk ongelooflijk belangrijk zijn in het spel.,"Of course, these can be incredibly important in the game.",happiness,realization,surprise,neutral
"00:30:23,000","00:30:24,000",Ja.,Ja.,And.,neutral,neutral,neutral,neutral
"00:30:24,000","00:30:26,000",Misschien kun je er dingen mee kopen.,Misschien kun je er dingen mee kopen.,Maybe you can buy things with it.,happiness,curiosity,neutral,neutral
"00:30:26,000","00:30:29,000",Iets lekkers te eten.,Iets lekkers te eten.,Something tasty to eat.,happiness,desire,happiness,happiness
"00:30:29,000","00:30:31,000",Maar ik heb ook een hint voor je.,Maar ik heb ook een hint voor je.,But I also have a hint for you.,neutral,curiosity,neutral,neutral
"00:30:31,000","00:30:32,000",Oké.,Oké.,Okay.,neutral,neutral,neutral,neutral
"00:30:32,000","00:30:33,000",Die kost twee coins.,Die kost twee coins.,It costs two coins.,neutral,neutral,neutral,neutral
"00:30:33,000","00:30:37,000",Of neem je alle vijf coins mee het big brotherhuis in.,Of neem je alle vijf coins mee het big brotherhuis in.,Or take all five coins into the big brother house.,neutral,neutral,neutral,neutral
"00:30:37,000","00:30:38,000",Ik ga voor een hint.,Ik ga voor een hint.,I'm going for a hint.,neutral,curiosity,neutral,neutral
"00:30:38,000","00:30:39,000",Een hint?,Een hint?,A hint?,neutral,surprise,surprise,neutral
"00:30:39,000","00:30:40,000",Ja.,Ja.,And.,neutral,neutral,neutral,neutral
"00:30:40,000","00:30:41,000",Goeie beslissing.,Goeie beslissing.,Good decision.,neutral,approval,happiness,neutral
"00:30:41,000","00:30:42,000","Kijk, zie je?","Kijk, zie je?","Look, see?",neutral,neutral,neutral,neutral
"00:30:42,000","00:30:43,000",Mama vindt het goed.,Mama vindt het goed.,Mommy approves.,happiness,joy,happiness,happiness
"00:30:43,000","00:30:44,000",Goeie beslissing.,Goeie beslissing.,Good decision.,neutral,approval,happiness,neutral
"00:30:44,000","00:30:46,000",Kijk elkaar diep in de ogen.,Kijk elkaar diep in de ogen.,Look deeply into each other's eyes.,neutral,neutral,neutral,neutral
"00:30:46,000","00:30:47,000",Oké.,Oké.,Okay.,neutral,neutral,neutral,neutral
"00:30:47,000","00:30:48,000",Sonja.,Sonja.,Sonja.,neutral,neutral,neutral,neutral
"00:30:48,000","00:30:49,000",Heb je hem?,Heb je hem?,Do you have him?,neutral,curiosity,neutral,neutral
"00:30:49,000","00:30:50,000",Ja.,Ja.,And.,neutral,neutral,neutral,neutral
"00:30:50,000","00:30:52,000",Wij willen jou ontzettend veel succes wensen.,Wij willen jou ontzettend veel succes wensen.,We would like to wish you the best of luck.,happiness,optimism,happiness,happiness
"00:30:52,000","00:30:53,000",Succes.,Succes.,Succes.,happiness,optimism,happiness,happiness
"00:30:53,000","00:30:54,000",Geef haar nog een heel luid applaus.,Geef haar nog een heel luid applaus.,Give her another very loud round of applause.,happiness,joy,happiness,happiness
"00:30:54,000","00:30:55,000",Sonja!,Sonja!,Sonja!,happiness,joy,happiness,happiness
"00:30:55,000","00:30:56,000",Sonja!,Sonja!,Sonja!,happiness,joy,happiness,happiness
"00:30:56,000","00:30:57,000",Hey!,Hey!,Hey!,happiness,joy,happiness,happiness
"00:30:57,000","00:30:58,000",Hey!,Hey!,Hey!,happiness,joy,happiness,happiness
"00:30:58,000","00:30:59,000",Oh my god.,Oh my god.,Oh my god.,happiness,surprise,surprise,surprise
"00:30:59,000","00:31:00,000",Aangenaam.,Aangenaam.,Nice to meet you.,happiness,joy,happiness,happiness
"00:31:00,000","00:31:01,000","Hé, welkom bij Succesful Gamers.","Hé, welkom bij Succesful Gamers.","Hey, welcome to Successful Gamers.",neutral,joy,happiness,neutral
"00:31:01,000","00:31:02,000",Wat zie ik er leuk uit.,Wat zie ik er leuk uit.,How nice I look.,happiness,pride,happiness,happiness
"00:31:02,000","00:31:03,000","Hey, vroei.","Hey, vroei.","Hey, vroei.",neutral,joy,happiness,neutral
"00:31:03,000","00:31:04,000",Hoi.,Hoi.,Hoi.,neutral,joy,happiness,neutral
"00:44:43,000","00:44:45,000",en hebben een andere taak van Big Brother gekregen.,en hebben een andere taak van Big Brother gekregen.,and have been given another task by Big Brother.,neutral,curiosity,neutral,neutral
"00:44:46,000","00:44:51,000","Ze hebben dus een totaal andere rol, maar wat dat nou precies inhoudt, dat gaan we zien.","Ze hebben dus een totaal andere rol, maar wat dat nou precies inhoudt, dat gaan we zien.","So they have a completely different role, but what that exactly entails, we'll see.",neutral,curiosity,neutral,neutral
"00:44:51,000","00:44:55,000","Ja, er moet weer gestreden worden voor 100.000 euro.","Ja, er moet weer gestreden worden voor 100.000 euro.","Yes, we have to fight for 100,000 euros again.",neutral,determination,neutral,neutral
"00:44:55,000","00:44:58,000",Want dat kan het bedrag zijn dat de winnaar van dit seizoen...,Want dat kan het bedrag zijn dat de winnaar van dit seizoen...,Because that could be the amount that this season's winner...,neutral,anticipation,happiness,happiness
"00:44:58,000","00:45:00,000",uiteindelijk mee naar huis kan nemen.,uiteindelijk mee naar huis kan nemen.,can eventually take home.,neutral,desire,happiness,neutral
"00:45:01,000","00:45:04,000","En ze zijn nu met z'n achten, maar er zijn nog vijf kandidaten...","En ze zijn nu met z'n achten, maar er zijn nog vijf kandidaten...","And there are now eight of them, but there are still five candidates...",neutral,anticipation,happiness,neutral
"00:45:04,000","00:45:07,000",die staan te trappelen om in het huis te komen.,die staan te trappelen om in het huis te komen.,who are eager to get into the house.,happiness,desire,happiness,happiness
"00:45:07,000","00:45:10,000","Randy, Ariana, Danny, Karen en Tom.","Randy, Ariana, Danny, Karen en Tom.","Randy, Ariana, Danny, Karen and Tom.",neutral,neutral,neutral,neutral
"00:45:10,000","00:45:12,000",Voor je staan twee koffers.,Voor je staan twee koffers.,There are two suitcases in front of you.,neutral,curiosity,neutral,neutral
"00:45:13,000","00:45:18,000","De ene zul je herkennen, de andere is een koffer van een van jouw medebewoners.","De ene zul je herkennen, de andere is een koffer van een van jouw medebewoners.","You will recognize one, the other is a suitcase from one of your fellow residents.",neutral,surprise,surprise,surprise
"00:45:18,000","00:45:19,000",Ik kies voor de mijne.,Ik kies voor de mijne.,I choose mine.,neutral,determination,neutral,neutral
"00:45:19,000","00:45:24,000","Als ik aan mezelf denk en hoe ik ben, dan zou ik voor mijn eigen koffer pakken.","Als ik aan mezelf denk en hoe ik ben, dan zou ik voor mijn eigen koffer pakken.","When I think about myself and how I am, I would pack my own suitcase.",neutral,confidence,happiness,neutral
"00:45:24,000","00:45:27,000","Sorry, hoor. Ik krijg gewoon echt een error. Ik weet het echt niet.","Sorry, hoor. Ik krijg gewoon echt een error. Ik weet het echt niet.",Excuse me. I just really get an error. I really do not know.,neutral,confusion,sadness,sadness
"00:45:27,000","00:45:31,000",Ik zal het spannend houden en de andere koffer nemen.,Ik zal het spannend houden en de andere koffer nemen.,I'll keep it exciting and take the other suitcase.,happiness,excitement,happiness,happiness
"00:45:31,000","00:45:34,000",Ik gun ook een ander zijn koffer.,Ik gun ook een ander zijn koffer.,I also give someone else's suitcase.,neutral,surprise,surprise,neutral
"00:45:34,000","00:45:37,000","Maar ja, ik wil toch het liefst mijn eigen koffer.","Maar ja, ik wil toch het liefst mijn eigen koffer.","But yes, I would prefer my own suitcase.",neutral,desire,happiness,neutral
"00:45:42,000","00:45:45,000",Het is zover. Tijd om ook deze vijf het huis in te sturen.,Het is zover. Tijd om ook deze vijf het huis in te sturen.,The time has come. Time to send these five into the house as well.,neutral,anticipation,happiness,neutral
"00:45:45,000","00:45:48,000","En dan is het huis compleet. Althans, voor nu.","En dan is het huis compleet. Althans, voor nu.","And then the house is complete. At least, for now.",neutral,satisfaction,happiness,neutral
"00:45:48,000","00:45:52,000",En dus kan Big Brother direct beginnen aan zijn nieuwste experiment.,En dus kan Big Brother direct beginnen aan zijn nieuwste experiment.,And so Big Brother can immediately begin his latest experiment.,neutral,curiosity,neutral,neutral
"00:45:52,000","00:45:55,000",Wat is Big Brother allemaal van plan? Welke geheimen gaat hij onthullen?,Wat is Big Brother allemaal van plan? Welke geheimen gaat hij onthullen?,What is Big Brother up to? What secrets will he reveal?,surprise,curiosity,neutral,surprise
"00:45:55,000","00:46:00,000","En vooral ook, welke niet? Dat gaat nu duidelijk worden.","En vooral ook, welke niet? Dat gaat nu duidelijk worden.","And above all, which ones aren't? That will now become clear.",surprise,curiosity,neutral,surprise
"00:46:01,000","00:46:05,000","Bewoners, dit jaar spelen jullie in duo.","Bewoners, dit jaar spelen jullie in duo.","Residents, this year you will be playing in duo.",neutral,surprise,surprise,neutral
"00:46:05,000","00:46:09,000","En met wie je een duo vormt, dat heb ik bepaald.","En met wie je een duo vormt, dat heb ik bepaald.",And I have determined who you form a duo with.,neutral,surprise,surprise,surprise
"00:46:12,000","00:46:16,000",Zometeen komt er een bewoner door de draaideur.,Zometeen komt er een bewoner door de draaideur.,In a moment a resident will come through the revolving door.,neutral,anticipation,happiness,neutral
"00:46:18,000","00:46:22,000",Als deze een pin draagt met dezelfde kleur als die van jou...,Als deze een pin draagt met dezelfde kleur als die van jou...,If it wears a pin with the same color as yours...,neutral,curiosity,neutral,neutral
"00:46:23,000","00:46:24,000",Een roze-cinelet.,Een roze zonnebril.,Pink sunglasses.,neutral,neutral,neutral,neutral
"00:46:24,000","00:46:26,000",...dan is dat je duo-lid.,...dan is dat je duo-lid.,...then that is your duo member.,neutral,realization,surprise,surprise
"00:46:26,000","00:46:27,000","Oh, my God.","Oh, my God.","Oh, my God.",surprise,surprise,surprise,surprise
"00:46:27,000","00:46:29,000","Waar komt er nu iemand? Nee, toch?","Waar komt er nu iemand? Nee, toch?",Where does anyone come now? Oh no?,surprise,fear,fear,fear
"00:46:29,000","00:46:31,000","Ja, ja, ja. Hoezo? Gaat-ie dan?","Ja, ja, ja. Hoezo? Gaat-ie dan?",Yes Yes Yes. How so? Is he okay then?,fear,confusion,sadness,fear
"00:46:31,000","00:46:33,000","Ja, ja, ja. Holy shit.","Ja, ja, ja. Holy shit.",And and and. Holy shit.,fear,surprise,surprise,fear
"00:46:35,000","00:46:38,000",Ik denk... Wie wordt het? Zeg het. Ik denk...,Ik denk... Wie wordt het? Zeg het. Ik denk...,I think... Who will it be? Say it. I think...,fear,anticipation,happiness,fear
"00:46:39,000","00:46:41,000",Ik denk oranje. Ik denk blauw.,Ik denk oranje. Ik denk blauw.,I think orange. I think blue.,neutral,anticipation,happiness,neutral
"00:46:41,000","00:46:42,000","Ik denk een man, ja.","Ik denk een man, ja.","I think a man, yes.",neutral,anticipation,happiness,neutral
"00:46:42,000","00:46:43,000",Yo.,Yo.,Yo.,neutral,neutral,neutral,neutral
"00:46:51,000","00:46:52,000",Randy en Lainie.,Randy en Leila.,Randy not Leila.,neutral,disappointment,sadness,neutral
"00:46:52,000","00:46:54,000","Hi, Lainie. Toffer.","Hi, Lainie. Toffer.","Hi, Lainie. Toffer.",neutral,joy,happiness,neutral
"00:46:54,000","00:46:56,000",Jullie vormen het gele duo.,Jullie vormen het gele duo.,You form the yellow duo.,neutral,realization,surprise,neutral
"00:46:56,000","00:46:57,000",Top. Mooi.,Top. Mooi.,Top. Nice.,happiness,joy,happiness,happiness
"00:46:57,000","00:47:02,000",Jullie gaan naar de cocoonruimte. Dat is de groene ruimte.,Jullie gaan naar de cocoonruimte. Dat is de groene ruimte.,You go to the cocoon room. That is the green space.,neutral,neutral,neutral,neutral
"00:47:02,000","00:47:04,000",En jullie leren elkaar daar beter kennen.,En jullie leren elkaar daar beter kennen.,And you get to know each other better there.,neutral,anticipation,happiness,neutral
"00:47:04,000","00:47:06,000",De barbie room. Hij heeft wel koffer.,De barbie room. Hij heeft wel een koffer.,The barbie room. He does have a suitcase.,neutral,surprise,surprise,neutral
"00:47:06,000","00:47:07,000",Ja. Hebben jullie geen koffer?,Ja. Hebben jullie geen koffer?,Yes. Don't you have a suitcase?,neutral,confusion,sadness,neutral
"00:38:44,000","00:38:45,000",Edith?,Edith?,Edith?,neutral,neutral,neutral,neutral
"00:38:45,000","00:38:46,000",MUZIEK.,MUZIEK.,MUSIC.,neutral,neutral,neutral,neutral
"00:38:51,000","00:38:52,000",Carlos?,Carlos?,Carlos?,neutral,neutral,neutral,neutral
"00:38:52,000","00:38:53,000",MUZIEK.,MUZIEK.,MUSIC.,neutral,neutral,neutral,neutral
"00:39:00,000","00:39:02,000","Thomas, jij mag gaan stemmen.","Thomas, jij mag gaan stemmen.","Thomas, you can go vote.",neutral,neutral,neutral,neutral
"00:39:02,000","00:39:03,000",MUZIEK.,MUZIEK.,MUSIC.,neutral,neutral,neutral,neutral
"00:39:07,000","00:39:08,000",MUZIEK.,MUZIEK.,MUSIC.,neutral,neutral,neutral,neutral
"00:39:32,000","00:39:36,000",Jullie hebben allemaal gestemd. We gaan kijken op wie.,Jullie hebben allemaal gestemd. We gaan kijken op wie.,You all voted. Let's see who.,neutral,curiosity,neutral,neutral
"00:39:36,000","00:39:39,000","En wat ik wil doen, Bertie, je hebt een immuniteitsmunt.","En wat ik wil doen, Bertie, je hebt een immuniteitsmunt.","And what I want to do, Bertie, you have an immunity coin.",neutral,neutral,neutral,neutral
"00:39:39,000","00:39:40,000",Ga je die inzetten?,Ga je die inzetten?,Are you going to use that?,neutral,curiosity,neutral,neutral
"00:39:40,000","00:39:41,000",Nee.,Nee.,Nee.,neutral,disappointment,sadness,neutral
"00:39:41,000","00:39:42,000",We gaan beginnen.,We gaan beginnen.,We are going to start.,neutral,anticipation,happiness,neutral
"00:39:42,000","00:39:43,000",MUZIEK.,MUZIEK.,MUSIC.,neutral,neutral,neutral,neutral
"00:39:46,000","00:39:47,000",De eerste stem.,De eerste stem.,The first vote.,neutral,anticipation,happiness,neutral
"00:39:47,000","00:39:48,000",MUZIEK.,MUZIEK.,MUSIC.,neutral,neutral,neutral,neutral
"00:39:52,000","00:39:53,000",Christel?,Christel?,Christel?,neutral,surprise,surprise,surprise
"00:39:53,000","00:39:54,000",MUZIEK.,MUZIEK.,MUSIC.,neutral,neutral,neutral,neutral
"00:39:56,000","00:39:57,000",De tweede stem.,De tweede stem.,The second voice.,neutral,anticipation,happiness,neutral
"00:39:57,000","00:39:58,000",MUZIEK.,MUZIEK.,MUSIC.,neutral,neutral,neutral,neutral
"00:40:00,000","00:40:02,000",Rita.,Rita.,Rita.,neutral,surprise,surprise,neutral
"00:40:03,000","00:40:05,000",De derde stem.,De derde stem.,The third voice.,neutral,anticipation,happiness,neutral
"00:40:09,000","00:40:11,000",Christel.,Christel.,Christel.,neutral,neutral,neutral,neutral
"00:40:12,000","00:40:14,000",Dan gaan we naar de vierde stem.,Dan gaan we naar de vierde stem.,Then we go to the fourth voice.,neutral,anticipation,happiness,neutral
"00:40:15,000","00:40:18,000","En die is ook voor jou, Christel.","En die is ook voor jou, Christel.","And that is also in front of you, Christel.",neutral,surprise,surprise,neutral
"00:40:21,000","00:40:23,000",De vijfde stem.,De vijfde stem.,The fifth voice.,neutral,anticipation,happiness,neutral
"00:40:24,000","00:40:26,000",Rita.,Rita.,Rita.,neutral,surprise,surprise,neutral
"00:40:27,000","00:40:31,000",Het zijn drie stemmen voor Christel en twee voor Rita.,Het zijn drie stemmen voor Christel en twee voor Rita.,There are three votes for Christel and two for Rita.,neutral,surprise,surprise,neutral
"00:40:32,000","00:40:35,000",En ik heb nog twee stemmen in de pot.,En ik heb nog twee stemmen in de pot.,And I have two more votes in the pot.,neutral,anticipation,happiness,neutral
"00:40:36,000","00:40:38,000",De zesde stem.,De zesde stem.,The sixth voice.,neutral,anticipation,happiness,neutral
"00:40:46,000","00:40:48,000",Christel.,Christel.,Christel.,neutral,neutral,neutral,neutral
"00:40:49,000","00:40:51,000",Christel.,Christel.,Christel.,neutral,neutral,neutral,neutral
"00:40:52,000","00:40:54,000",Ik kijk nog even naar de laatste stem.,Ik kijk nog even naar de laatste stem.,I'll just look at the last vote.,neutral,anticipation,happiness,neutral
"00:40:55,000","00:40:57,000","Ook voor jou, Christel.","Ook voor jou, Christel.","Also for you, Christel.",neutral,disappointment,sadness,sadness
"00:40:58,000","00:41:00,000",En dat betekent dat jij naar huis moet.,En dat betekent dat jij naar huis moet.,And that means you have to go home.,neutral,sadness,sadness,sadness
"00:41:01,000","00:41:03,000","Ja, er moet iemand van dit team naar huis.","Ja, er moet iemand van dit team naar huis.","Yes, someone from this team needs to go home.",neutral,sadness,sadness,sadness
"00:41:04,000","00:41:06,000","En ik ben niet de sterkste, dus ja.","En ik ben niet de sterkste, dus ja.","And I'm not the strongest, so yeah.",neutral,disappointment,sadness,sadness
"00:41:07,000","00:41:10,000","Ik vind het gewoon super jammer, want ik had het heel graag willen meemaken.","Ik vind het gewoon super jammer, want ik had het heel graag willen meemaken.","I just think it's a shame, because I would have really liked to experience it.",sadness,disappointment,sadness,sadness
"00:41:11,000","00:41:14,000",Net zoals mijn eerste expeditie natuurlijk ook gewoon alles meemogen maken.,Net zoals mijn eerste expeditie natuurlijk ook gewoon alles meemogen maken.,"Just like my first expedition, I was also able to experience everything.",neutral,nostalgia,sadness,neutral
"00:41:15,000","00:41:17,000","Dus ik had er heel veel zin in, maar het is ook oké.","Dus ik had er heel veel zin in, maar het is ook oké.","So I was really looking forward to it, but it's also okay.",neutral,disappointment,sadness,sadness
"00:41:18,000","00:41:20,000",We gaan schijt nemen.,We gaan schijt nemen.,We're going to take a shit.,neutral,neutral,neutral,neutral
"00:41:21,000","00:41:23,000",Rustig beginnen.,Rustig beginnen.,Start off quietly.,neutral,neutral,neutral,neutral
"00:41:24,000","00:41:26,000","Hé, Jan.","Hé, Jan.","Hey, Jan.",neutral,neutral,neutral,neutral
"00:41:27,000","00:41:29,000","Zet hem op, hè.","Zet hem op, hè.","Go for it, eh.",neutral,encouragement,happiness,happiness
"00:41:30,000","00:41:32,000",No worries.,No worries.,No worries.,neutral,reassurance,neutral,neutral
"00:18:25,000","00:18:29,000","Als wij nu daar gaan staan, vragen we iemand om te pinnen voor ons.","Als wij nu daar gaan staan, vragen we iemand om te pinnen voor ons.","If we stand there now, we ask someone to pay the card for us.",neutral,neutral,neutral,neutral
"00:18:29,000","00:18:31,000",Niemand helpt hier. Jawel.,Niemand helpt hier. Jawel.,Nobody helps here. Yes.,sadness,disappointment,sadness,sadness
"00:18:31,000","00:18:34,000",Moet je eens. Dan weten ze toch dat wij het zijn.,Moet je eens. Dan weten ze toch dat wij het zijn.,You should. Then they know it's us.,neutral,fear,fear,neutral
"00:18:34,000","00:18:36,000","Ja, kom, dan gaan we pinnen.","Ja, kom, dan gaan we pinnen.","Yes, come on, let's go and pay by card.",neutral,neutral,neutral,neutral
"00:18:36,000","00:18:39,000",Heel rustig pinnen. Doen als we genoeg gestresst zijn.,Heel rustig pinnen. Doen als we genoeg gestresst zijn.,Very quiet pinning. Do it when we are stressed enough.,anger,nervousness,fear,anger
"00:18:39,000","00:18:41,000","Kan jij pinnen, wacht ik hier.","Kan jij pinnen, wacht ik hier.","Can you pay by card, I will wait here.",neutral,neutral,neutral,neutral
"00:18:41,000","00:18:44,000",Probeer zoveel mogelijk. Probeer maar eerst 200 of zo.,Probeer zoveel mogelijk. Probeer maar eerst 200 of zo.,Try as much as possible. Try 200 or so first.,neutral,neutral,neutral,neutral
"00:18:52,000","00:18:54,000",SPANNENDE MUZIEK,SPANNENDE MUZIEK,EXCITING MUSIC,surprise,excitement,happiness,happiness
"00:18:54,000","00:18:56,000",TELEFOON GAAT OVER,TELEFOON GAAT OVER,PHONE RINGING,surprise,surprise,surprise,surprise
"00:18:56,000","00:18:58,000","Met Lucie, ja.","Met Lucie, ja.","With Lucie, yes.",neutral,neutral,neutral,neutral
"00:18:58,000","00:19:02,000",Kom maar 40 pinnen. Stond maar 50 euro op en ik kon geen ander bedrag doen.,Kom maar 40 pinnen. Stond maar 50 euro op en ik kon geen ander bedrag doen.,"Come on, 40 pins. There was only 50 euros left and I couldn't do any other amount.",sadness,disappointment,sadness,sadness
"00:19:02,000","00:19:04,000",Je komt maar 50 euro pinnen? Ja. Niet.,Je komt maar 50 euro pinnen? Ja. Niet.,Are you only coming to withdraw 50 euros? Yes. Not.,surprise,confusion,sadness,surprise
"00:19:04,000","00:19:07,000","Spoed, pin hit, bijzonder, Shiva. Ja, waar?","Spoed, pin hit, bijzonder, Shiva. Ja, waar?","Urgent, pin hit, special, Shiva. Yes, true?",surprise,curiosity,neutral,neutral
"00:19:07,000","00:19:09,000","Zet je bril af, pet af.","Zet je bril af, pet af.","Zet je bril off, pet off.",anger,neutral,neutral,neutral
"00:19:09,000","00:19:11,000",En je jas aan. Andere kleren.,En je jas aan. Andere kleren.,And your coat on. Different clothes.,anger,neutral,neutral,neutral
"00:19:11,000","00:19:14,000","Als ze hier in de buurt zijn, zijn we de lul, hè? Nee.","Als ze hier in de buurt zijn, zijn we de lul, hè? Nee.","If they're around here, we're screwed, right? No.",fear,fear,fear,fear
"00:19:14,000","00:19:16,000","We moeten nou gaan. Oké, dank je wel.","We moeten nou gaan. Oké, dank je wel.","We have to go now. Okay, thank you.",happiness,nervousness,fear,happiness
"00:19:16,000","00:19:19,000","Kijk. Ik stuur team 1 er direct heen, hoor.","Kijk. Ik stuur team 1 er direct heen, hoor.",Look. I'll send team 1 there immediately.,neutral,determination,neutral,neutral
"00:19:19,000","00:19:21,000",We hebben een pin hit op Rotterdam Centraal.,We hebben een pin hit op Rotterdam Centraal.,We have a pin hit at Rotterdam Central Station.,neutral,realization,surprise,neutral
"00:19:21,000","00:19:24,000","ASAP die kant op over, exacte locatie volgen.","ASAP die kant op over, exacte locatie volgen.","ASAP over that way, follow exact location.",neutral,determination,neutral,neutral
"00:19:24,000","00:19:28,000",Omdat Bijan en Shiva weten dat ze met hun pinactie een signaal hebben gegeven...,Omdat Bijan en Shiva weten dat ze met hun pinactie een signaal hebben gegeven...,Because Bijan and Shiva know that they have sent a signal with their pin action...,neutral,realization,surprise,neutral
"00:19:28,000","00:19:30,000",willen ze hier zo snel mogelijk weg.,willen ze hier zo snel mogelijk weg.,they want to get out of here as quickly as possible.,neutral,fear,fear,neutral
"00:19:30,000","00:19:34,000",In de hoop dat de hunters niet hun precieze bestemming kunnen achterhalen...,In de hoop dat de hunters niet hun precieze bestemming kunnen achterhalen...,In the hope that the hunters cannot determine their precise destination...,fear,hope,happiness,fear
"00:19:34,000","00:19:38,000",mijden ze het service center en zetten ze koers naar de kaartautomaten.,mijden ze het service center en zetten ze koers naar de kaartautomaten.,they avoid the service center and head for the ticket machines.,neutral,nervousness,fear,neutral
"00:19:38,000","00:19:41,000",Waar ga je kaartjes kopen dan? Kaartjes kopen?,Waar ga je kaartjes kopen dan? Kaartjes kopen?,Where are you going to buy tickets? Buy tickets?,surprise,confusion,sadness,surprise
"00:19:41,000","00:19:43,000",Waar ga je kaartjes kopen?,Waar ga je kaartjes kopen?,Where are you going to buy tickets?,neutral,confusion,sadness,neutral
"00:19:43,000","00:19:45,000",Hier kan geen geld in.,Hier kan geen geld in.,No money can go in here.,neutral,disappointment,sadness,neutral
"00:19:45,000","00:19:47,000",Niet? Nee.,Niet? Nee.,Not? No.,neutral,disappointment,sadness,neutral
"00:19:48,000","00:19:50,000","We moeten hier nog weg, hè? Ja.","We moeten hier nog weg, hè? Ja.","We have to get out of here, right? Yes.",neutral,fear,fear,fear
"00:19:50,000","00:19:52,000","We kunnen ook in het wasbouw zitten. Ja, en dan?","We kunnen ook in het wasbouw zitten. Ja, en dan?","We can also be in the wash construction. Yes, and then?",neutral,confusion,sadness,neutral
"00:19:52,000","00:19:54,000",Gewoon nu weg hier. Waar gaan we nou naartoe dan?,Gewoon nu weg hier. Waar gaan we nou naartoe dan?,Just get out of here now. Where are we going now?,neutral,fear,fear,fear
"00:19:54,000","00:19:56,000",Weg dan. We hebben sowieso camera's.,Weg dan. We hebben sowieso camera's.,Then away. We have cameras anyway.,neutral,nervousness,fear,neutral
"00:19:56,000","00:19:58,000","Ja, daarom. Doe je tas naast je.","Ja, daarom. Doe je tas naast je.",Yes that's why. Put your bag next to you.,neutral,neutral,neutral,neutral
"00:20:00,000","00:20:01,000","Echt de lul, man.","Echt de lul, man.","Really screwed, man.",anger,fear,fear,fear
"00:20:01,000","00:20:02,000","Oké, go, go.","Oké, go, go.","Okay, go, go.",neutral,nervousness,fear,neutral
"00:20:02,000","00:20:03,000",Let's go.,Let's go.,Let's go.,neutral,determination,neutral,neutral
"00:20:07,000","00:20:08,000",Zullen we deze mensen vragen?,Zullen we deze mensen vragen?,Should we ask these people?,neutral,curiosity,neutral,neutral
"00:20:09,000","00:20:11,000",Of we hier even binnen mogen zitten?,Of we hier even binnen mogen zitten?,Can we sit in here for a moment?,neutral,hope,happiness,neutral
"00:20:11,000","00:20:12,000",Goedemiddag.,Goedemiddag.,Good afternoon.,neutral,neutral,neutral,neutral
"00:20:12,000","00:20:13,000",We hebben een vraag.,We hebben een vraag.,We have a question.,neutral,curiosity,neutral,neutral
"00:20:13,000","00:20:14,000",Zouden wij even binnen mogen?,Zouden wij even binnen mogen?,Could we come in for a moment?,neutral,hope,happiness,neutral
"00:20:14,000","00:20:15,000",Even gaan schuilen?,Even gaan schuilen?,Going to hide for a while?,neutral,fear,fear,neutral
"00:20:15,000","00:20:16,000",We zijn te vrucht.,We zijn te vrucht.,We are too fruitful.,neutral,neutral,neutral,neutral
"00:20:16,000","00:20:18,000",We moeten heel even een plan bedenken wat we nu gaan doen.,We moeten heel even een plan bedenken wat we nu gaan doen.,We just need to come up with a plan for what we're going to do next.,neutral,determination,neutral,neutral
"00:44:25,000","00:44:28,000",denken ze dat ze ongezien Rotterdam uitgekomen zijn.,denken ze dat ze ongezien Rotterdam uitgekomen zijn.,they think they got out of Rotterdam without being seen.,anger,optimism,happiness,neutral
"00:44:28,000","00:44:31,000",Het nieuwste doel is Breda. Verder gaat hun plan niet.,Het nieuwste doel is Breda. Verder gaat hun plan niet.,The latest destination is Breda. Their plan goes no further.,anger,neutral,neutral,neutral
"00:44:31,000","00:44:35,000",Naast het centrum heb je een rivierachtig...,Naast het centrum heb je een rivierachtig...,Next to the center you have a river-like...,neutral,neutral,neutral,neutral
"00:44:35,000","00:44:38,000",en daar zitten allemaal studentenwoningen.,en daar zitten allemaal studentenwoningen.,and there are all kinds of student houses there.,neutral,neutral,neutral,neutral
"00:44:38,000","00:44:40,000",Kunnen ze dat proberen?,Kunnen ze dat proberen?,Can they try that?,surprise,curiosity,neutral,neutral
"00:44:42,000","00:44:44,000",Op het hoofdkwartier worden in deze zaak...,Op het hoofdkwartier worden in deze zaak...,At headquarters in this case...,neutral,neutral,neutral,neutral
"00:44:44,000","00:44:47,000",de zojuist binnengekomen beveiligingsbeelden...,de zojuist binnengekomen beveiligingsbeelden...,the security footage that has just arrived...,neutral,curiosity,neutral,neutral
"00:44:47,000","00:44:50,000",van Rotterdams centraal station geanalyseerd.,van Rotterdams centraal station geanalyseerd.,of Rotterdam central station analyzed.,neutral,neutral,neutral,neutral
"00:45:04,000","00:45:06,000","Ja, dit zijn ze.","Ja, dit zijn ze.","Yes, these are them.",happiness,realization,surprise,neutral
"00:45:06,000","00:45:09,000","Oké, waar gaan ze dan heen? Even kijken, hoor.","Oké, waar gaan ze dan heen? Even kijken, hoor.","Okay, so where are they going? Let's see.",neutral,curiosity,neutral,neutral
"00:45:09,000","00:45:11,000",Check-in.,Check-in.,Check-in.,neutral,neutral,neutral,neutral
"00:45:17,000","00:45:19,000",Welk spoor is dit? Spoor 4.,Welk spoor is dit? Spoor 4.,What track is this? Track 4.,neutral,neutral,neutral,neutral
"00:45:19,000","00:45:23,000",Kijken. Meteen zoeken we welke trein er dan vertrekt.,Kijken. Meteen zoeken we welke trein er dan vertrekt.,To look. We immediately look for which train is leaving.,neutral,curiosity,neutral,neutral
"00:45:28,000","00:45:29,000",Let's go.,Let's go.,Let's go.,neutral,neutral,neutral,neutral
"00:45:29,000","00:45:32,000",Richting Breda. Dus zij zijn nu naar Breda toe.,Richting Breda. Dus zij zijn nu naar Breda toe.,Direction Breda. So they are now going to Breda.,surprise,realization,surprise,surprise
"00:45:32,000","00:45:35,000","Zoals we in Limburg zeggen, blot uit je pek vliegen.","Zoals we in Limburg zeggen, blot uit je pek vliegen.","As we say in Limburg, run wild.",happiness,amusement,happiness,happiness
"00:45:36,000","00:45:39,000","Hoeveel stations zitten er tussen, van Rotterdam naar Breda?","Hoeveel stations zitten er tussen, van Rotterdam naar Breda?","How many stations are there, from Rotterdam to Breda?",neutral,curiosity,neutral,neutral
"00:45:39,000","00:45:41,000","Eén, want dit is de intercity direct.","Eén, want dit is de intercity direct.","One, because this is the intercity direct.",neutral,neutral,neutral,neutral
"00:45:41,000","00:45:45,000",Die gaat regelrecht van Rotterdam naar Breda. Dat is een kwartiertje.,Die gaat regelrecht van Rotterdam naar Breda. Dat is een kwartiertje.,It goes straight from Rotterdam to Breda. That's fifteen minutes.,neutral,neutral,neutral,neutral
"00:45:45,000","00:45:47,000","Wie hebben we nu in Rotterdam, jongens?","Wie hebben we nu in Rotterdam, jongens?","Who do we have in Rotterdam now, guys?",neutral,curiosity,neutral,neutral
"00:45:47,000","00:45:50,000",Twee teams in Rotterdam. Ik denk één en twee.,Twee teams in Rotterdam. Ik denk één en twee.,Two teams in Rotterdam. I think one and two.,neutral,neutral,neutral,neutral
"00:45:50,000","00:45:53,000","Naar rechts? Ja, rechts. Even goedkijken.","Naar rechts? Ja, rechts. Even goedkijken.","To the right? Yes, right. Let's take a closer look.",happiness,curiosity,neutral,happiness
"00:45:53,000","00:45:55,000","Team 1, spoed.","Team 1, spoed.","Team 1, urgent.",neutral,nervousness,fear,neutral
"00:45:55,000","00:45:58,000","Team 1, richting Breda, centraal station.","Team 1, richting Breda, centraal station.","Team 1, direction Breda, central station.",neutral,neutral,neutral,neutral
"00:45:58,000","00:46:01,000","De trein komt om kwart voor zes aan in Breda, spoor 4.","De trein komt om kwart voor zes aan in Breda, spoor 4.","The train arrives in Breda at a quarter to six, track 4.",neutral,neutral,neutral,neutral
"00:46:01,000","00:46:04,000","Als zij beeldonderzoek doen, hebben ze ons zo gevonden.","Als zij beeldonderzoek doen, hebben ze ons zo gevonden.","If they do image research, they will find us quickly.",happiness,fear,fear,neutral
"00:46:04,000","00:46:06,000",Daar hebben we wel genoeg mensen ons gezien.,Daar hebben we wel genoeg mensen ons gezien.,We saw enough people there.,anger,neutral,neutral,neutral
"00:46:06,000","00:46:12,000","Er is om 17.45 de trein aangekomen op spoor 4, station Breda.","Er is om 17.45 de trein aangekomen op spoor 4, station Breda.","The train arrived at platform 4, Breda station at 5.45 pm.",neutral,neutral,neutral,neutral
"00:46:12,000","00:46:15,000","Gaan we die boter toe of niet? Kan, wat jij wilt.","Gaan we die boter toe of niet? Kan, wat jij wilt.",Are we going to have that butter or not? Can do whatever you want.,neutral,neutral,neutral,neutral
"00:46:15,000","00:46:20,000","Wij gaan beelden aanvragen, maar hoogstwaarschijnlijk Breda uitgestapt.","Wij gaan beelden aanvragen, maar hoogstwaarschijnlijk Breda uitgestapt.","We are going to request images, but most likely we got out of Breda.",sadness,optimism,happiness,neutral
"00:46:20,000","00:46:23,000",Dus zullen zij zich daar ergens in de omgeving bevinden?,Dus zullen zij zich daar ergens in de omgeving bevinden?,So they might be somewhere around there?,surprise,curiosity,neutral,neutral
"00:46:23,000","00:46:26,000","Dat is genomen, Marcel. Wij zijn onderweg naar Breda.","Dat is genomen, Marcel. Wij zijn onderweg naar Breda.","That's taken, Marcel. We are on our way to Breda.",happiness,neutral,neutral,neutral
"00:46:26,000","00:46:29,000",We hebben een ITE van 45 minuten op Breda.,We hebben een ITE van 45 minuten op Breda.,We have a 45 minute ITE in Breda.,neutral,neutral,neutral,neutral
"00:46:29,000","00:46:31,000",Goedemiddag. Goedemiddag.,Goedemiddag. Goedemiddag.,Good afternoon. Good afternoon.,happiness,neutral,neutral,neutral
"00:46:31,000","00:46:33,000",We hebben een vraagje.,We hebben een vraagje.,We have a question.,neutral,neutral,neutral,neutral
"00:46:33,000","00:46:36,000",Wij zijn op de vlucht en moeten een eigen slaapplek hebben.,Wij zijn op de vlucht en moeten een eigen slaapplek hebben.,We are on the run and need our own place to sleep.,neutral,fear,fear,neutral
"00:46:36,000","00:46:39,000",Weeten jullie iemand? Of iemand die jullie kennen?,Weeten jullie iemand? Of iemand die jullie kennen?,Do you know anyone? Or someone you know?,neutral,curiosity,neutral,neutral
"00:46:39,000","00:46:42,000",Maakt niet uit waar. Ik wil wel even voor je bellen.,Maakt niet uit waar. Ik wil wel even voor je bellen.,Doesn't matter where. I'd like to make a call for you.,happiness,caring,happiness,happiness
"00:46:42,000","00:46:45,000","We hebben zelf matrassen mee, dus we kunnen op de grond liggen.","We hebben zelf matrassen mee, dus we kunnen op de grond liggen.","We brought our own mattresses, so we can lie on the floor.",neutral,neutral,neutral,neutral
"00:46:45,000","00:46:49,000",Ook studentenhuizen. We gaan tussen de blikken bier liggen.,Ook studentenhuizen. We gaan tussen de blikken bier liggen.,Also student houses. We lie down between the cans of beer.,anger,amusement,happiness,neutral
"00:46:49,000","00:46:51,000",Gaan we regelen? Vinden we leuk.,Gaan we regelen? Vinden we leuk.,Are we going to arrange? We like that.,happiness,excitement,happiness,happiness
"00:46:51,000","00:46:53,000",Jullie zijn echt tof. Je naam is?,Jullie zijn echt tof. Je naam is?,You guys are really cool. Your name is?,happiness,admiration,happiness,happiness
"00:46:53,000","00:46:55,000","We spreken hier even af, bij die bomen.","We spreken hier even af, bij die bomen.","We'll meet here, by those trees.",happiness,neutral,neutral,neutral
"00:46:55,000","00:46:59,000",Kunnen we die boom met die V en daar aan de onderkant doen?,Kunnen we die boom met die V en daar aan de onderkant doen?,Can we do that tree with the V and there at the bottom?,neutral,curiosity,neutral,neutral
"00:33:29,000","00:33:30,000","Zeker, hè?","Zeker, hè?","Sure, huh?",surprise,confusion,sadness,sadness
"00:33:30,000","00:33:34,000",Jullie weten dat niets zeker is in dit spel.,Jullie weten dat niets zeker is in dit spel.,You know that nothing is certain in this game.,neutral,realization,surprise,neutral
"00:33:34,000","00:33:39,000",Zo kun je je afvragen waarom Bas-Ieri wel een koffer heeft.,Zo kun je je afvragen waarom Bas-Ieri wel een koffer heeft.,So you may wonder why Bas-Ieri has a suitcase.,neutral,curiosity,neutral,neutral
"00:33:39,000","00:33:41,000",En de rest van jullie niet.,En de rest van jullie niet.,And the rest of you don't.,neutral,surprise,surprise,neutral
"00:33:41,000","00:33:44,000",Een terechte vraag.,Een terechte vraag.,A fair question.,neutral,approval,happiness,neutral
"00:33:44,000","00:33:48,000","Ik ken het antwoord, maar dat vertel ik niet.","Ik ken het antwoord, maar dat vertel ik niet.","I know the answer, but I won't tell you.",neutral,amusement,happiness,neutral
"00:33:48,000","00:33:50,000",GELACH,GELACH,LAUGHTER,happiness,amusement,happiness,happiness
"00:33:50,000","00:33:51,000",Verrast het.,Verrast het.,Surprised it.,neutral,surprise,surprise,surprise
"00:33:51,000","00:33:58,000",Ook deze keer is mijn experiment één grote mindfuck.,Ook deze keer is mijn experiment één grote mindfuck.,"This time too, my experiment is one big mind fuck.",surprise,surprise,surprise,surprise
"00:33:58,000","00:34:04,000",Ik heb onmiddellijk een belangrijke mededeling voor jullie.,Ik heb onmiddellijk een belangrijke mededeling voor jullie.,I have an important announcement for you immediately.,neutral,curiosity,neutral,neutral
"00:34:05,000","00:34:11,000",Dit jaar spelen jullie in duo.,Dit jaar spelen jullie in duo.,This year you will be playing in duo.,neutral,surprise,surprise,neutral
"00:34:11,000","00:34:13,000","O, die... O, mijn God.","Oh, die... Oh, mijn God.","Oh, that... Oh, my God.",surprise,surprise,surprise,surprise
"00:34:13,000","00:34:14,000",Echt?,Echt?,Real?,surprise,confusion,sadness,surprise
"00:34:14,000","00:34:16,000",Kapotgraag.,Kapotgraag.,Love to break.,neutral,desire,happiness,neutral
"00:34:16,000","00:34:18,000","O, shit.","O, shit.","O, shit.",surprise,disappointment,sadness,surprise
"00:34:18,000","00:34:20,000",Duo.,Duo.,Duo.,neutral,neutral,neutral,neutral
"00:34:20,000","00:34:21,000",O.,O.,O.,neutral,neutral,neutral,neutral
"00:34:21,000","00:34:23,000","Ja, waarom?","Ja, waarom?",Yes why?,surprise,confusion,sadness,sadness
"00:34:23,000","00:34:25,000",Komen er nog meer mensen?,Komen er nog meer mensen?,Will more people come?,neutral,curiosity,neutral,neutral
"00:34:25,000","00:34:27,000","Nee, het is nu zes, toch? Dus twee, twee, twee.","Nee, het is nu zes, toch? Dus twee, twee, twee.","No, it's six now, right? So two, two, two.",neutral,realization,surprise,surprise
"00:34:27,000","00:34:29,000",En daarna weer twee nieuwe.,En daarna weer twee nieuwe.,And then two new ones.,neutral,anticipation,happiness,neutral
"00:34:29,000","00:34:32,000",MUZIEK,MUZIEK,MUSIC,neutral,neutral,neutral,neutral
"00:34:32,000","00:34:35,000","Maar dat blijft niet, want je moet elkaar toch...","Maar dat blijft niet, want je moet elkaar toch...","But that doesn't last, because you have to...",neutral,realization,surprise,neutral
"00:34:35,000","00:34:37,000",Op het laatst moet je toch nomineren.,Op het laatst moet je toch nomineren.,At the end you have to nominate.,neutral,realization,surprise,neutral
"00:34:37,000","00:34:39,000","Met Games moet je waarschijnlijk... Denk ik, hoor.","Met Games moet je waarschijnlijk... Denk ik, hoor.",With Games you should probably... I think so.,neutral,confusion,sadness,neutral
"00:34:39,000","00:34:42,000","Maar ja, Big Brother heeft altijd verrassingen.","Maar ja, Big Brother heeft altijd verrassingen.","But hey, Big Brother always has surprises.",neutral,anticipation,happiness,happiness
"00:34:42,000","00:34:45,000",Dus ik denk dat het met de koffer te maken heeft.,Dus ik denk dat het met de koffer te maken heeft.,So I think it has to do with the suitcase.,neutral,curiosity,neutral,neutral
"00:34:45,000","00:34:47,000","Ja, 100 procent.","Ja, 100 procent.","Yes, 100 percent.",neutral,certainty,neutral,neutral
"00:34:47,000","00:34:49,000","Ah, je hebt er geen. Ik heb er geen.","Ah, je hebt er geen. Ik heb er geen.","Ah, you don't have one. I do not have any.",neutral,disappointment,sadness,neutral
"00:34:49,000","00:34:51,000","Zou het? Ja, ik denk het.","Zou het? Ja, ik denk het.",Would it? Yeah I think so.,neutral,curiosity,neutral,neutral
"00:34:51,000","00:34:53,000",GELACH,GELACH,LAUGHTER,happiness,amusement,happiness,happiness
"00:34:56,000","00:35:00,000",GEJUICH EN APPLAUS,GEJUICH EN APPLAUS,CHEERS AND APPLAUSE,happiness,joy,happiness,happiness
"00:35:00,000","00:35:02,000","Ja, het is tijd voor nog een bewoner.","Ja, het is tijd voor nog een bewoner.","Yes, it's time for another resident.",neutral,anticipation,happiness,neutral
"00:35:02,000","00:35:05,000","Alleen, Big Brother heeft voor hem iets anders in gedachten...","Alleen, Big Brother heeft voor hem iets anders in gedachten...","Only, Big Brother has something else in mind for him...",neutral,curiosity,neutral,neutral
"00:35:05,000","00:35:08,000",dan de mensen die je zojuist naar binnen hebt zien gaan.,dan de mensen die je zojuist naar binnen hebt zien gaan.,than the people you just saw going in.,neutral,neutral,neutral,neutral
"00:35:08,000","00:35:10,000","Wat dat is, daar gaat hij straks achterkomen.","Wat dat is, daar gaat hij straks achterkomen.",He will soon find out what that is.,neutral,anticipation,happiness,neutral
"00:35:10,000","00:35:12,000","Hij komt uit Eindhoven, Nederland.","Hij komt uit Eindhoven, Nederland.","He is from Eindhoven, Netherlands.",neutral,neutral,neutral,neutral
"00:35:12,000","00:35:15,000","Hij is 25 jaar, werkt als model en accountmanager.","Hij is 25 jaar, werkt als model en accountmanager.","He is 25 years old, works as a model and account manager.",neutral,neutral,neutral,neutral
"00:35:15,000","00:35:17,000","Hij sport graag, sterker nog.","Hij sport graag, sterker nog.","He likes sports, in fact.",neutral,neutral,neutral,neutral
"00:35:17,000","00:35:22,000",Zijn wekker gaat elke dag om vijf uur af om lekker te gaan trainen.,Zijn wekker gaat elke dag om vijf uur af om lekker te gaan trainen.,His alarm goes off every day at five o'clock to start training.,neutral,admiration,happiness,neutral
"00:35:22,000","00:35:26,000",Zijn vrienden van de turngroep noemen hem ook de stripper.,Zijn vrienden van de turngroep noemen hem ook de stripper.,His friends from the gymnastics group also call him the stripper.,neutral,amusement,happiness,neutral
"00:35:26,000","00:35:29,000",Daar wilden wij alles over weten.,Daar wilden wij alles over weten.,We wanted to know everything about that.,neutral,curiosity,neutral,neutral
"00:35:29,000","00:35:31,000",Hier is Dilano.,Hier is Dilano.,Hier is Dilano.,neutral,neutral,neutral,neutral
"00:35:31,000","00:35:35,000",GEJUICH EN APPLAUS,GEJUICH EN APPLAUS,CHEERS AND APPLAUSE,happiness,joy,happiness,happiness
"01:00:44,000","01:00:46,000",Zie je het? Hij mist wel eens.,Zie je het? Hij mist wel eens.,Do you see it? He misses sometimes.,surprise,disappointment,sadness,surprise
"01:00:46,000","01:00:48,000",Hij is groot.,Hij is groot.,He is big.,neutral,neutral,neutral,neutral
"01:00:49,000","01:00:51,000",Die zit hier.,Die zit hier.,It's here.,neutral,realization,surprise,neutral
"01:00:51,000","01:00:53,000","Ja, die zit hier.","Ja, die zit hier.","Yes, the quote here.",neutral,neutral,neutral,neutral
"01:00:53,000","01:00:55,000","Ja, die zit hier.","Ja, die zit hier.","Yes, the quote here.",neutral,neutral,neutral,neutral
"01:00:56,000","01:00:58,000",Die zit hier als een tjeil.,Die zit hier als een tjeil.,It sits here like a baby.,neutral,amusement,happiness,neutral
"01:00:58,000","01:01:00,000",Die krijgt elkaar precies aan de hand.,Die krijgt elkaar precies aan de hand.,They get to grips with each other exactly.,neutral,neutral,neutral,neutral
"01:01:04,000","01:01:06,000","Fucking hell, man.","Fucking hell, man.","Fucking hell, man.",anger,anger,anger,anger
"01:01:11,000","01:01:13,000","O, erg.","O, erg.","Oh, bad.",neutral,disappointment,sadness,sadness
"01:01:14,000","01:01:17,000",De sokken zijn zeker op z'n sok.,De sokken zijn zeker op z'n sok.,The socks are definitely on his sock.,neutral,neutral,neutral,neutral
"01:01:17,000","01:01:19,000",Ik ga mijn schoenen ook afdoen.,Ik ga mijn schoenen ook afdoen.,I'm going to take off my shoes too.,neutral,neutral,neutral,neutral
"01:01:20,000","01:01:23,000",Luister. Die doen alsof ze elkaar al...,Luister. Die doen alsof ze elkaar al...,Listen. They act as if they already know each other...,surprise,curiosity,neutral,neutral
"01:01:24,000","01:01:26,000","We moeten wel oppassen, denk ik.","We moeten wel oppassen, denk ik.","We have to be careful, I think.",fear,nervousness,fear,fear
"01:01:26,000","01:01:29,000","Want als wij hen zo goed horen, hoe zij ons ook zo goed...","Want als wij hen zo goed horen, hoe zij ons ook zo goed...","Because if we hear them so well, how they hear us so well...",surprise,nervousness,fear,fear
"01:01:29,000","01:01:32,000",Daar moeten we eigenlijk gewoon zwijgen.,Daar moeten we eigenlijk gewoon zwijgen.,We should really just keep quiet there.,neutral,nervousness,fear,neutral
"01:01:32,000","01:01:34,000","Als we nu de volgende keer erin gaan, niks zeggen...","Als we nu de volgende keer erin gaan, niks zeggen...","Now next time we go in, don't say anything...",neutral,nervousness,fear,neutral
"01:01:34,000","01:01:36,000","pas als we hier zijn, bespreken we.","pas als we hier zijn, bespreken we.",We won't discuss until we get here.,neutral,nervousness,fear,neutral
"01:01:38,000","01:01:39,000",Jij komt uit?,Jij komt uit?,You come out?,surprise,curiosity,neutral,neutral
"01:01:39,000","01:01:41,000","Van Belgiė, hč. Van Vlaams-Brabant.","Van Belgiė, hč. Van Vlaams-Brabant.","From Belgium, right? From Flemish Brabant.",neutral,curiosity,neutral,neutral
"01:01:41,000","01:01:43,000",Sorry? Van Vlaams-Brabant.,Sorry? Van Vlaams-Brabant.,Sorry? From Flemish Brabant.,neutral,confusion,sadness,sadness
"01:01:43,000","01:01:45,000",Vlaams-Brabant. Oké.,Vlaams-Brabant. Oké.,Flemish Brabant. Okay.,neutral,realization,surprise,surprise
"01:01:45,000","01:01:47,000",En wat doe je? Wat plaats je thuis achter?,En wat doe je? Wat plaats je thuis achter?,And what are you doing? What do you leave behind at home?,neutral,curiosity,neutral,neutral
"01:01:47,000","01:01:49,000","Ik ben leerkracht. Nee, nee.","Ik ben leerkracht. Nee, nee.",I am a teacher. No no.,neutral,neutral,neutral,neutral
"01:01:49,000","01:01:51,000","Kapster. Ja, ja.","Kapster. Ja, ja.","Capster. And, and.",neutral,neutral,neutral,neutral
"01:01:52,000","01:01:54,000",We hebben een kapster. Koolberoep is leerkracht.,We hebben een kapster. Koolberoep is leerkracht.,We have a hairdresser. Koolvak is a teacher.,surprise,neutral,neutral,neutral
"01:01:54,000","01:01:56,000",Wat is kapster? Ik ben ook kapster.,Wat is kapster? Ik ben ook kapster.,What is a hairdresser? I am also a hairdresser.,neutral,surprise,surprise,surprise
"01:01:56,000","01:01:58,000","O, je bent kapster, ja.","O, je bent kapster, ja.","Oh, you're a hairdresser, yes.",surprise,realization,surprise,surprise
"01:02:02,000","01:02:07,000","Bewoners, ook dit jaar gaan jullie weer spellen moeten spelen.","Bewoners, ook dit jaar gaan jullie weer spellen moeten spelen.","Residents, this year you will have to play games again.",anger,excitement,happiness,happiness
"01:02:07,000","01:02:11,000",Games om jullie leven hier aangenamer te maken...,Games om jullie leven hier aangenamer te maken...,Games to make your life here more enjoyable...,neutral,optimism,happiness,neutral
"01:02:11,000","01:02:15,000",of om jullie verblijf hier te verzekeren.,of om jullie verblijf hier te verzekeren.,or to ensure your stay here.,neutral,neutral,neutral,neutral
"01:02:15,000","01:02:20,000","Het spel dat jullie zo dadelijk gaan spelen, is van de eerste soort.","Het spel dat jullie zo dadelijk gaan spelen, is van de eerste soort.",The game you are about to play is of the first kind.,neutral,curiosity,neutral,neutral
"01:02:20,000","01:02:23,000",Jullie leven hier aangenamer maken.,Jullie leven hier aangenamer maken.,Make your life here more pleasant.,neutral,optimism,happiness,neutral
"01:02:23,000","01:02:25,000","Ah, peintje.","Ah, peintje.","Ah, peintje.",neutral,neutral,neutral,neutral
"01:02:25,000","01:02:28,000","Basiri, jij hebt geen duopartner, dus jij speelt niet mee.","Basiri, jij hebt geen duopartner, dus jij speelt niet mee.","Basiri, you don't have a duo partner, so you're not playing.",surprise,disappointment,sadness,sadness
"01:02:29,000","01:02:32,000",Jij blijft hier buiten of in het huis.,Jij blijft hier buiten of in het huis.,You stay out here or in the house.,neutral,neutral,neutral,neutral
"01:02:32,000","01:02:35,000",Alle anderen mogen nu naar de gameroom komen.,Alle anderen mogen nu naar de gameroom komen.,Everyone else can now come to the game room.,neutral,excitement,happiness,neutral
"01:02:35,000","01:02:37,000","O, my God.","O, my God.","O, my God.",surprise,surprise,surprise,surprise
"01:02:37,000","01:02:39,000",Zijn jullie niet benieuwd naar het spel?,Zijn jullie niet benieuwd naar het spel?,Aren't you curious about the game?,surprise,curiosity,neutral,neutral
"01:02:39,000","01:02:40,000",We gaan roepen.,We gaan roepen.,We're going to shout.,neutral,excitement,happiness,neutral
"01:02:46,000","01:02:47,000",Hier.,Hier.,Here.,neutral,neutral,neutral,neutral
"01:02:50,000","01:02:52,000","O, koffers.","O, koffers.","Oh, suitcases.",surprise,surprise,surprise,surprise
"01:02:52,000","01:02:55,000","Toen ik binnenkwam en ik zag m'n koffer staan, werd ik gelijk blij.","Toen ik binnenkwam en ik zag m'n koffer staan, werd ik gelijk blij.","When I walked in and saw my suitcase, I was immediately happy.",happiness,joy,happiness,happiness
"01:02:55,000","01:02:58,000","Ik dacht, yes, ik kan hem terugvinden.","Ik dacht, yes, ik kan hem terugvinden.","I thought, yes, I can find it.",neutral,relief,happiness,happiness
"00:05:08,000","00:05:10,000",Heb ik dit jaar echte winnaars...,Hebben we dit jaar echte winnaars...,Do we have any real winners this year...,neutral,curiosity,neutral,neutral
"00:05:10,000","00:05:13,000",die sterk genoeg zijn voor dit uitzonderlijke experiment?,die sterk genoeg zijn voor dit uitzonderlijke experiment?,that are strong enough for this exceptional experiment?,neutral,curiosity,neutral,surprise
"00:05:13,000","00:05:16,000",Ik hou wel van winnen. Ik doe mee om te winnen.,Ik hou wel van winnen. Ik neem deel om te winnen.,I do like winning. I participate to win.,neutral,desire,happiness,happiness
"00:05:16,000","00:05:18,000",Een beetje een mes in de rust.,Een beetje een mes in de rug.,A bit of a stab in the back.,anger,disappointment,sadness,sadness
"00:05:18,000","00:05:19,000",Dat moet.,Dat moet zo zijn.,That must be so.,neutral,realization,surprise,neutral
"00:05:19,000","00:05:23,000",Een once-in-a-lifetime-ervaring die niet iedereen krijgt.,Een once-in-a-lifetime-ervaring die niet iedereen krijgt.,A once-in-a-lifetime experience that not everyone gets.,neutral,admiration,happiness,happiness
"00:05:23,000","00:05:25,000",Ik wil die met beide handen pakken.,Ik wil die kans met beide handen aangrijpen.,I want to seize that opportunity with both hands.,neutral,desire,happiness,happiness
"00:05:25,000","00:05:29,000",Ik wil heel graag weten hoe hard Big Brother mij kan breken.,Ik wil heel graag weten hoe hard Big Brother mij kan breken.,I really want to know how hard Big Brother can break me.,neutral,curiosity,neutral,neutral
"00:05:29,000","00:05:32,000",Hoe goed ze zich ook hebben voorbereid...,Hoe goed ze zich ook hebben voorbereid...,No matter how well they have prepared...,neutral,neutral,neutral,sadness
"00:05:32,000","00:05:36,000",niets is zeker bij een verblijf in mijn huis.,niets is zeker bij een verblijf in mijn huis.,nothing is certain when staying in my house.,neutral,fear,fear,fear
"00:05:36,000","00:05:39,000","Met een nieuwe look, nieuwe uitdagingen...","Met een nieuwe look, nieuwe uitdagingen...","With a new look, new challenges...",neutral,excitement,happiness,neutral
"00:05:39,000","00:05:43,000",en een geheim huis.,en een geheim huis.,and a secret house.,neutral,curiosity,neutral,neutral
"00:05:46,000","00:05:50,000",Bijna alles in onze wereld bestaat uit tegenstellingen.,Bijna alles in onze wereld bestaat uit tegenstellingen.,Almost everything in our world consists of opposites.,neutral,realization,surprise,neutral
"00:05:50,000","00:05:54,000","Goed, fout, links, rechts...","Goed, fout, links, rechts...","Right, wrong, left, right...",neutral,neutral,neutral,neutral
"00:05:54,000","00:05:57,000",vreugde en verdriet.,vreugde en verdriet.,joy and sadness.,neutral,neutral,neutral,neutral
"00:05:58,000","00:06:03,000",En ik hoor zo vaak opposites attract en samen sta je sterk.,En ik hoor zo vaak opposites attract en samen sta je sterk.,And I so often hear opposites attract and together you are strong.,neutral,approval,happiness,happiness
"00:06:03,000","00:06:07,000",Daarom heb ik beslist om dit keer mijn bewoners...,Daarom heb ik beslist om dit keer mijn bewoners...,That's why I decided to let my residents...,neutral,curiosity,neutral,neutral
"00:06:07,000","00:06:10,000",te laten samenwerken in duo's.,te laten samenwerken in duo's.,to work together in pairs.,neutral,approval,happiness,neutral
"00:06:11,000","00:06:14,000","Hoe ze dit gaan aanpakken, dat zullen we zien.","Hoe ze dit gaan aanpakken, dat zullen we zien.",We'll see how they go about this.,neutral,curiosity,neutral,neutral
"00:06:14,000","00:06:17,000",Vrienden maken en strijden.,Vrienden maken en strijden.,Make friends and compete.,neutral,excitement,happiness,happiness
"00:06:17,000","00:06:20,000",Vullen ze elkaar aan en overstijgen ze zichzelf?,Vullen ze elkaar aan en overstijgen ze zichzelf?,Do they complement each other and transcend themselves?,neutral,curiosity,neutral,neutral
"00:06:20,000","00:06:23,000","Ik kan het voortouw nemen, ik kan de leiding nemen.","Ik kan het voortouw nemen, ik kan de leiding nemen.","I can take the lead, I can take charge.",neutral,pride,happiness,happiness
"00:06:23,000","00:06:25,000",Of worden ze toch elkaars vijand?,Of worden ze toch elkaars vijand?,Or will they become each other's enemies?,neutral,fear,fear,fear
"00:06:26,000","00:06:31,000",Want uiteindelijk kan maar één iemand de winnaar zijn.,Want uiteindelijk kan maar één iemand de winnaar zijn.,Because in the end only one person can be the winner.,neutral,realization,surprise,neutral
"00:06:31,000","00:06:34,000","En wie dat wordt, dat bepaal jij.","En wie dat wordt, dat bepaal jij.",And you decide who that will be.,neutral,neutral,neutral,neutral
"00:06:45,000","00:06:48,000",De eerste bewoner is het huis in.,De eerste bewoner is het huis in.,The first resident has entered the house.,neutral,excitement,happiness,neutral
"00:06:48,000","00:06:51,000","Ronnahie van 1820 uit Zonhoven, Vlaanderen...","Ronnahie van 1820 uit Zonhoven, Vlaanderen...","Ronnahie from 1820 from Zonhoven, Flanders...",neutral,neutral,neutral,neutral
"00:06:51,000","00:06:54,000",is de allereerste bewoner die dit seizoen kennis maakt...,is de allereerste bewoner die dit seizoen kennis maakt...,is the very first resident to be introduced this season...,neutral,excitement,happiness,happiness
"00:06:54,000","00:06:56,000",met de grillen van Big Brother.,met de grillen van Big Brother.,with the whims of Big Brother.,neutral,neutral,neutral,neutral
"00:06:56,000","00:06:59,000",Je zag zojuist een aantal vertrouwde elementen in het huis...,Je zag zojuist een aantal vertrouwde elementen in het huis...,You just saw some familiar elements in the house...,neutral,neutral,neutral,neutral
"00:06:59,000","00:07:02,000","waaronder de wal, maar ook een aantal nieuwe elementen.","waaronder de wal, maar ook een aantal nieuwe elementen.","including the wall, but also a number of new elements.",neutral,curiosity,neutral,neutral
"00:07:02,000","00:07:04,000",Net als hier in de studio.,Net als hier in de studio.,Just like here in the studio.,neutral,neutral,neutral,neutral
"00:07:04,000","00:07:07,000","Familie, vrienden, allemaal zijn ze dit jaar van de partij.","Familie, vrienden, allemaal zijn ze dit jaar van de partij.","Family, friends, they are all present this year.",neutral,joy,happiness,happiness
"00:07:07,000","00:07:09,000",En er is daar ook een draaideur.,En er is daar ook een draaideur.,And there's a revolving door there too.,neutral,neutral,neutral,neutral
"00:07:09,000","00:07:11,000",Een deur die een essentiële rol gaat spelen.,Een deur die een essentiële rol gaat spelen.,A door that will play an essential role.,neutral,curiosity,neutral,neutral
"00:07:11,000","00:07:14,000",Wat voor rol precies? Daar ga je nog achterkomen.,Wat voor rol precies? Daar ga je nog achterkomen.,What role exactly? You'll find out later.,neutral,curiosity,neutral,neutral
"00:07:14,000","00:07:17,000",De andere bewoners sturen wij hier straks één voor één het huis in.,De andere bewoners sturen wij hier straks één voor één het huis in.,We will soon send the other residents into the house one by one.,neutral,excitement,happiness,happiness
"00:07:17,000","00:07:19,000",Op een paar mensen na.,Op een paar mensen na.,Except for a few people.,neutral,neutral,neutral,neutral
"00:07:19,000","00:07:22,000","Wie dat zit, wij hebben geen idee. Dat zullen we zien.","Wie dat zit, wij hebben geen idee. Dat zullen we zien.",We have no idea who that is. We'll see about that.,neutral,curiosity,neutral,neutral
"00:07:22,000","00:07:25,000",Straks na deze uitzending openen wij de livestreams...,Straks na deze uitzending openen wij de livestreams...,Soon after this broadcast we will open the live streams...,neutral,excitement,happiness,happiness
"00:07:25,000","00:07:28,000",en kun je ook alles weer 24-7 op de voet volgen.,en kun je ook alles weer 24-7 op de voet volgen.,and you can also follow everything 24/7.,neutral,neutral,neutral,neutral
"00:07:28,000","00:07:30,000",En ook dit seizoen kun je weer actief meedoen.,En ook dit seizoen kun je weer actief meedoen.,And this season you can actively participate again.,neutral,excitement,happiness,happiness
"00:07:30,000","00:07:33,000","Doe dat via de socials, maar maak ook even een account aan...","Doe dat via de socials, maar maak ook even een account aan...","Do this via social media, but also create an account...",neutral,neutral,neutral,neutral
"00:07:33,000","00:07:35,000",als je die nog niet hebt.,als je die nog niet hebt.,if you don't have it yet.,neutral,neutral,neutral,neutral
"00:37:12,000","00:37:15,000","Wat het precies allemaal inhoudt, jullie horen het.","Wat het precies allemaal inhoudt, jullie horen het.",You will hear exactly what it all means.,neutral,curiosity,neutral,neutral
"00:37:15,000","00:37:17,000",Ik snap het al. Dat krijg je allemaal nog te horen.,Ik snap het al. Dat krijg je allemaal nog te horen.,I get it. You'll hear all that later.,neutral,realization,surprise,neutral
"00:37:17,000","00:37:20,000",Je koffer mag mee en je mag naar de spiegeldeur.,Je koffer mag mee en je mag naar de spiegeldeur.,You can take your suitcase with you and you can go to the mirror door.,neutral,neutral,neutral,neutral
"00:37:20,000","00:37:22,000",Heel veel succes.,Heel veel succes.,Goodluck.,neutral,optimism,happiness,happiness
"00:37:22,000","00:37:25,000",Geef hem nog een heel luid applaus. Milano!,Geef hem nog een heel luid applaus. Milano!,Give him another very loud round of applause. Milano!,happiness,admiration,happiness,happiness
"00:37:43,000","00:37:45,000",Hallo. Hallo.,Hallo. Hallo.,Hello Hello.,neutral,neutral,neutral,neutral
"00:37:45,000","00:37:48,000",Ik ben hier niet alleen.,Ik ben hier niet alleen.,I'm not alone here.,neutral,realization,surprise,surprise
"00:37:48,000","00:37:50,000",Ik ook niet. Dat is fijn.,Ik ook niet. Dat is fijn.,Me neither. That's nice.,neutral,relief,happiness,happiness
"00:37:50,000","00:37:52,000",Dat vind ik heel fijn.,Dat vind ik heel fijn.,I really like that.,happiness,joy,happiness,happiness
"00:37:52,000","00:37:54,000",Ik ben Ronai. Dilano.,Ik ben Ronai. Dilano.,I'm Ronai. Dilano.,neutral,neutral,neutral,neutral
"00:37:54,000","00:37:56,000",Dilano. Ronai.,Dilano. Ronai.,Dylan's. Ron.,neutral,neutral,neutral,neutral
"00:37:56,000","00:37:58,000",Ronai. Het is niet zo'n simpele naam.,Ronai. Het is niet zo'n simpele naam.,Ronai. It's not such a simple name.,neutral,amusement,happiness,neutral
"00:37:58,000","00:38:00,000",Je hoeft het honderd keer opnieuw te vragen.,Je hoeft het honderd keer opnieuw te vragen.,You have to ask again a hundred times.,neutral,annoyance,anger,anger
"00:38:00,000","00:38:02,000",Wat een kamer.,Wat een kamer.,What a room.,neutral,surprise,surprise,neutral
"00:38:02,000","00:38:04,000",Ik dacht echt dat ik hier alleen ging zijn.,Ik dacht echt dat ik hier alleen ging zijn.,I really thought I was going to be here alone.,neutral,surprise,surprise,surprise
"00:38:04,000","00:38:07,000",Dus ik ben blij dat er toch nog een andere persoon is.,Dus ik ben blij dat er toch nog een andere persoon is.,So I'm glad there's another person after all.,happiness,relief,happiness,happiness
"00:38:07,000","00:38:09,000",Ik ben er.,Ik ben hier.,I'm here.,neutral,neutral,neutral,neutral
"00:38:09,000","00:38:11,000",Ronai en Dilano.,Ronai en Dilano.,Ronai in Dilano.,neutral,neutral,neutral,neutral
"00:38:11,000","00:38:13,000",Welkom.,Welkom.,Welcome.,neutral,neutral,neutral,neutral
"00:38:13,000","00:38:15,000",Hallo.,Hallo.,Hallo.,neutral,neutral,neutral,neutral
"00:38:15,000","00:38:19,000",Jullie starten dit experiment hier in de Mirror Room.,Jullie starten dit experiment hier in de Mirror Room.,You'll start this experiment here in the Mirror Room.,neutral,curiosity,neutral,neutral
"00:38:20,000","00:38:24,000","En waarom dat is, dat zien jullie nu.","En waarom dat is, dat zien jullie nu.",And you now see why that is.,neutral,realization,surprise,neutral
"00:38:24,000","00:38:27,000",Misschien herkennen jullie dit nog wel.,Misschien herkennen jullie dit nog wel.,Maybe you still recognize this.,neutral,curiosity,neutral,neutral
"00:38:27,000","00:38:29,000",Give it to me.,Give it to me.,Give it to me.,neutral,desire,happiness,neutral
"00:38:29,000","00:38:34,000",Fuck. Ik wist dat hij de andere kant ging zijn.,Fuck. Ik wist dat hij de andere kant ging zijn.,Fuck. I knew he was going to be the other side.,anger,disappointment,sadness,anger
"00:38:34,000","00:38:37,000","Shit, man. Ik had het niet moeten doen.","Shit, man. Ik had het niet moeten doen.","Shit, man. I shouldn't have done it.",sadness,remorse,sadness,sadness
"00:38:37,000","00:38:39,000",Welkom.,Welkom.,Welcome.,neutral,neutral,neutral,neutral
"00:38:39,000","00:38:41,000",Jij bent een van de bewoners van mijn huis.,Jij bent een van de bewoners van mijn huis.,You are one of the residents of my house.,neutral,neutral,neutral,neutral
"00:38:41,000","00:38:44,000",Ben je iemand die risico's zal nemen?,Ben je iemand die risico's zal nemen?,Are you someone who will take risks?,neutral,curiosity,neutral,neutral
"00:38:44,000","00:38:47,000",Ik denk het wel. Mijn omgeving zal dat beamen.,Ik denk het wel. Mijn omgeving zal dat beamen.,I think so. Those around me will confirm that.,neutral,confidence,happiness,happiness
"00:38:47,000","00:38:49,000",Ik neem graag risico's.,Ik neem graag risico's.,I like to take risks.,neutral,excitement,happiness,happiness
"00:38:49,000","00:38:51,000","Ik zal wel risico's nemen, big brother.","Ik zal wel risico's nemen, big brother.","I'll take risks, big brother.",neutral,excitement,happiness,happiness
"00:38:51,000","00:38:55,000",Voor je staat een kistje. Ook ligt daar een koptelefoon.,Voor je staat een kistje. Ook ligt daar een koptelefoon.,There is a box in front of you. There are also headphones there.,neutral,neutral,neutral,neutral
"00:38:55,000","00:38:57,000",Zet de koptelefoon op.,Zet de koptelefoon op.,Put on the headphones.,neutral,neutral,neutral,neutral
"00:38:57,000","00:39:01,000",Vervolgens kun je het kistje openmaken of je kunt deze gesloten laten.,Vervolgens kun je het kistje openmaken of je kunt deze gesloten laten.,You can then open the box or you can leave it closed.,neutral,neutral,neutral,neutral
"00:39:01,000","00:39:03,000",De keuze is aan jou.,De keuze is aan jou.,The choice is yours.,neutral,neutral,neutral,neutral
"00:39:03,000","00:39:05,000",Waarom ook?,Waarom ook?,Why?,surprise,confusion,sadness,surprise
"00:39:06,000","00:39:08,000",Het glas te breken?,Het glas te breken?,Break the glass?,neutral,surprise,surprise,surprise
"00:39:08,000","00:39:11,000",Zijn we nu de enigste twee die dit hebben gedaan?,Zijn we nu de enigste twee die dit hebben gedaan?,Are we the only two who have done this?,neutral,curiosity,neutral,neutral
"00:39:11,000","00:39:13,000",Hij heeft hem gewoon dichtgelaten.,Hij heeft hem gewoon dichtgelaten.,He just left it closed.,neutral,disappointment,sadness,neutral
"00:39:14,000","00:39:16,000","Kijk, mijn domme...","Kijk, mijn domme...","Look, my stupid...",sadness,disappointment,sadness,sadness
"00:39:16,000","00:39:18,000",Ik ben precies hetzelfde.,Ik ben precies hetzelfde.,I'm exactly the same.,neutral,neutral,neutral,neutral
"00:39:24,000","00:39:26,000","All right. What the fuck, maat.","All right. What the fuck, maat.","All right. What the fuck, maat.",disgust,confusion,sadness,sadness
"00:51:06,000","00:51:08,000","Ja, doe maar. Dan denken we daar wel verder wat te gaan doen.","Ja, doe maar. Dan denken we daar wel verder wat te gaan doen.",Yes please. Then we think we will do something further there.,neutral,optimism,happiness,happiness
"00:51:08,000","00:51:09,000",Ja.,Ja.,And.,neutral,neutral,neutral,neutral
"00:51:09,000","00:51:13,000","Niels, ik heb het voertuig al aangetroffen op een van de keerplaatsen.","Niels, ik heb het voertuig al aangetroffen op een van de keerplaatsen.","Niels, I have already found the vehicle at one of the turning points.",neutral,realization,surprise,surprise
"00:51:13,000","00:51:14,000",Lekker.,Lekker.,Tasty.,happiness,amusement,happiness,happiness
"00:51:14,000","00:51:17,000",Ik ga jullie ophalen en dan gaan we plakken.,Ik ga jullie ophalen en dan gaan we plakken.,I'll pick you up and then we'll stick.,neutral,determination,neutral,neutral
"00:51:17,000","00:51:18,000","Ja, dat is goed.","Ja, dat is goed.",Yes that is good.,surprise,approval,happiness,happiness
"00:51:18,000","00:51:21,000","Het allerlaatste huis op de konijnlaan, dat is het.","Het allerlaatste huis op de konijnlaan, dat is het.",It is the very last house on Konijnlaan.,sadness,neutral,neutral,neutral
"00:51:21,000","00:51:23,000",Bedankt voor het helpen. We gaan even kijken.,Bedankt voor het helpen. We gaan even kijken.,Thank you for helping. Let's take a look.,neutral,gratitude,happiness,happiness
"00:51:23,000","00:51:25,000","Het allerlaatste huis op de konijnlaan, dat is het.","Het allerlaatste huis op de konijnlaan, dat is het.",It is the very last house on Konijnlaan.,sadness,neutral,neutral,neutral
"00:51:25,000","00:51:27,000",Bedankt voor het helpen. We gaan even kijken.,Bedankt voor het helpen. We gaan even kijken.,Thank you for helping. Let's take a look.,neutral,gratitude,happiness,happiness
"00:51:38,000","00:51:40,000",Uw baak is actief.,Uw baak is actief.,Your beacon is active.,neutral,neutral,neutral,neutral
"00:51:40,000","00:51:43,000","Hij pingt naar ons toe, dus hij is live.","Hij pingt naar ons toe, dus hij is live.","It's pinging to us, so it's live.",neutral,realization,surprise,surprise
"00:51:43,000","00:51:44,000",Hij baakt nu toch?,Hij baakt nu toch?,"He's baking now, right?",neutral,curiosity,neutral,neutral
"00:51:44,000","00:51:45,000",Wij krijgen hem hier binnen.,Wij krijgen hem hier binnen.,We'll get him in here.,neutral,determination,neutral,neutral
"00:51:45,000","00:51:46,000",Werkt perfect.,Werkt perfect.,Functions perfectly.,happiness,approval,happiness,happiness
"00:51:48,000","00:51:50,000",De meiden zijn blij met hun slaapplek.,De meiden zijn blij met hun slaapplek.,The girls are happy with their sleeping place.,neutral,joy,happiness,happiness
"00:51:50,000","00:51:53,000",Maar Kelly twijfelt of ze er wel gebruik van moeten maken.,Maar Kelly twijfelt of ze er wel gebruik van moeten maken.,But Kelly is unsure whether they should use it.,neutral,confusion,sadness,sadness
"00:51:53,000","00:51:59,000",Ik heb het idee dat als je hunter zegt of iets in die richting...,Ik heb het idee dat als je hunter zegt of iets in die richting...,I feel like if you say hunter or something like that…,neutral,nervousness,fear,fear
"00:51:59,000","00:52:00,000",Dat ze het krijgen?,Dat ze het krijgen?,That they get it?,neutral,curiosity,neutral,neutral
"00:52:00,000","00:52:02,000",Dat ze het te horen krijgen.,Dat ze het te horen krijgen.,That they will hear it.,neutral,realization,surprise,neutral
"00:52:02,000","00:52:04,000","Misschien niet nu, maar...","Misschien niet nu, maar...","Maybe not now, but...",neutral,anticipation,happiness,neutral
"00:52:06,000","00:52:09,000",Ze zetten 100% in op die woorden.,Ze zetten 100% in op die woorden.,They put 100% on those words.,neutral,realization,surprise,neutral
"00:52:09,000","00:52:11,000",Dat kan toch niet anders?,Dat kan toch niet anders?,"There's no other way, right?",sadness,realization,surprise,sadness
"00:52:11,000","00:52:12,000",Nee.,Nee.,Nee.,neutral,disapproval,disgust,neutral
"00:52:12,000","00:52:15,000",Het probleem is dat ik het niet 100% zeker weet.,Het probleem is dat ik het niet 100% zeker weet.,The problem is I'm not 100% sure.,neutral,confusion,sadness,sadness
"00:52:16,000","00:52:19,000","Maar toen je het zei, dacht ik meteen...","Maar toen je het zei, dacht ik meteen...","But when you said it, I immediately thought...",neutral,realization,surprise,neutral
"00:52:19,000","00:52:20,000",Error.,Error.,Error.,neutral,disappointment,sadness,neutral
"00:52:28,000","00:52:30,000",Ik weet het echt niet.,Ik weet het echt niet.,I really do not know.,neutral,confusion,sadness,sadness
"00:52:32,000","00:52:35,000",Als het is wat jij zegt...,Als het is wat jij zegt...,If it's what you say...,neutral,curiosity,neutral,neutral
"00:52:35,000","00:52:38,000",Dan zouden we niet eens meer naar dat huis moeten gaan.,Dan zouden we niet eens meer naar dat huis moeten gaan.,Then we wouldn't even have to go to that house anymore.,neutral,relief,happiness,happiness
"00:52:39,000","00:52:42,000",Romy en Kelly zijn nog maar een paar uur op de vlucht...,Romy en Kelly zijn nog maar een paar uur op de vlucht...,Romy and Kelly have only been on the run for a few hours...,neutral,nervousness,fear,fear
"00:52:42,000","00:52:46,000",Ze zijn nog maar een paar uur op de vlucht en de paranoia slaat nu al toe.,Ze zijn nog maar een paar uur op de vlucht en de paranoia slaat nu al toe.,They've only been on the run for a few hours and paranoia is already setting in.,fear,fear,fear,fear
"00:52:46,000","00:52:48,000",Anderen voor het vluchtigen hebben daar geen last van.,Anderen voor het vluchtigen hebben daar geen last van.,Others who flee are not bothered by this.,neutral,surprise,surprise,neutral
"00:52:48,000","00:52:50,000",Zitten zelfs al ergens binnen.,Zitten zelfs al ergens binnen.,Even sitting inside somewhere.,neutral,neutral,neutral,neutral
"00:52:50,000","00:52:53,000","Vrienden Tim en Guus, na de start als eerste Rotterdam uit...","Vrienden Tim en Guus, na de start als eerste Rotterdam uit...","Friends Tim and Guus, the first to leave Rotterdam after the start...",neutral,neutral,neutral,neutral
"00:52:53,000","00:52:58,000",Hebben vrij snel daarna in Bleskensgraaf een geweldige plek voor de eerste nacht bemachtigd.,Hebben vrij snel daarna in Bleskensgraaf een geweldige plek voor de eerste nacht bemachtigd.,We soon found ourselves a great place for the first night in Bleskensgraaf.,neutral,joy,happiness,happiness
"00:52:58,000","00:52:59,000",Heerlijk.,Heerlijk.,Delicious.,happiness,joy,happiness,happiness
"00:52:59,000","00:53:00,000","Dit is niet kut, hè?","Dit is niet kut, hè?","This doesn't suck, does it?",sadness,amusement,happiness,happiness
"00:53:00,000","00:53:01,000",Nee.,Nee.,Nee.,neutral,disapproval,disgust,neutral
"00:53:01,000","00:53:02,000",Helemaal tof.,Helemaal tof.,Totally cool.,neutral,joy,happiness,happiness
"00:53:02,000","00:53:03,000",Potje kaarten vanavond.,Potje kaarten vanavond.,Game of cards tonight.,neutral,excitement,happiness,neutral
"00:53:03,000","00:53:05,000","Jij slaapt hier, dan slaap ik daar.","Jij slaapt hier, dan slaap ik daar.","You sleep here, I'll sleep there.",neutral,neutral,neutral,neutral
"00:53:05,000","00:53:06,000","Ja, jij daar.","Ja, jij daar.","Yes, you there.",neutral,neutral,neutral,neutral
"00:53:06,000","00:53:11,000",Vriendinnen Marijke en Layla zijn dankzij twee liften tot Leerdam gekomen.,Vriendinnen Marijke en Layla zijn dankzij twee liften tot Leerdam gekomen.,Friends Marijke and Layla reached Leerdam thanks to two lifts.,neutral,gratitude,happiness,neutral
"00:09:54,000","00:09:56,000","Maar schat, we moeten een vervoer hebben.","Maar schat, we moeten een vervoer hebben.","But honey, we need transportation.",Neutral/Frustration,realization,surprise,surprise
"00:09:56,000","00:09:58,000",Je kan wel in het park.,Je kan wel in het park.,You can go in the park.,neutral,suggestion,neutral,neutral
"00:09:58,000","00:10:00,000",Maar dat is fucking langer dan zo'n park.,Maar dat is fucking langer dan zo'n park.,But that's fucking longer than a park like that.,Anger,annoyance,anger,anger
"00:10:00,000","00:10:02,000",Ze zijn er tien minuten al voorbij.,Ze zijn er tien minuten al voorbij.,They've been there for ten minutes already.,Neutral/frustration,nervousness,fear,anger
"00:10:05,000","00:10:09,000",Kijk eens. Als jullie even een hulprit snel naar huis nemen...,Kijk eens. Als jullie even een hulprit snel naar huis nemen...,Look. If you guys just take a quick ride home...,Neutral/Anger,suggestion,neutral,neutral
"00:10:09,000","00:10:11,000",Hier zijn we al geweest.,Hier zijn we al geweest.,We've already been here.,Neutral,disappointment,sadness,neutral
"00:10:11,000","00:10:14,000",Het is diezelfde weg. We zijn rondjes aan het rennen.,Het is diezelfde weg. We zijn rondjes aan het rennen.,It's that same road. We're running in circles.,Neutral/Frustration,disappointment,sadness,anger
"00:10:14,000","00:10:16,000",Hier is weer die ATI.,Hier is weer die ATI.,Here is the ATI again.,Neutral,neutral,neutral,neutral
"00:10:18,000","00:10:20,000","Woonwijk, het liefst. Woonwijk.","Woonwijk, het liefst. Woonwijk.","Residential area, preferably. Residential area.",Neutral,desire,happiness,neutral
"00:10:20,000","00:10:23,000",Navigatietelefoon uit. Ja? Dank je wel.,Navigatietelefoon uit. Ja? Dank je wel.,Navigation phone off. Yes? Thank you.,Neutral,relief,happiness,happiness
"00:10:25,000","00:10:28,000","Team 1, IDA. Drie minuten, Euromast.","Team 1, IDA. Drie minuten, Euromast.","Team 1, IDA. Three minutes, Euromast.",Neutral,neutral,neutral,neutral
"00:10:28,000","00:10:32,000",Geen simkaart. Wat hebben we hier dan? Misschien krijgen we dat nog.,Geen simkaart. Wat hebben we hier dan? Misschien krijgen we dat nog.,No SIM card. What do we have here? Maybe we'll get that.,Neutral,curiosity,neutral,neutral
"00:10:32,000","00:10:35,000",Dat sowieso. Dan zal ik hem even uitzetten.,Dat sowieso. Dan zal ik hem even uitzetten.,That anyway. Then I'll turn it off for a while.,Neutral,neutral,neutral,neutral
"00:10:36,000","00:10:41,000","Waar is het station? Maat, volgens mij trilt die telefoon. Kan dat?","Waar is het station? Maat, volgens mij trilt die telefoon. Kan dat?","Where is the station? Mate, I think that phone is vibrating. Is that possible?",Surprise,confusion,sadness,sadness
"00:10:41,000","00:10:45,000","Staat-ie aan dan? Laat uit, laat uit. Dat is nu niet nodig.","Staat-ie aan dan? Laat uit, laat uit. Dat is nu niet nodig.","Is it on then? Let out, let out. That is not necessary now.",Anger,annoyance,anger,anger
"00:10:46,000","00:10:49,000","Team 1, interplaatsen. Euromast. Blijven kijken, jongens.","Team 1, interplaatsen. Euromast. Blijven kijken, jongens.","Team 1, Interplaces. Euromast. Stay tuned, guys.",Neutral,neutral,neutral,neutral
"00:10:52,000","00:10:54,000","Voel, voel, voel.","Voel, voel, voel.","Feel, feel, feel.",Neutral,curiosity,neutral,neutral
"00:10:55,000","00:10:58,000",Ik word hier echt heel zwaargereinig van.,Ik word hier echt heel zwaargereinig van.,This really makes me very tired.,Neutral,disappointment,sadness,neutral
"00:11:01,000","00:11:03,000",Deze man is echt een held.,Deze man is echt een held.,This man is truly a hero.,Neutral/happiness,admiration,happiness,happiness
"00:11:04,000","00:11:06,000",We gaan er nog een paar nemen.,We gaan er nog een paar nemen.,We're going to take a few more.,Neutral,determination,neutral,neutral
"00:11:08,000","00:11:10,000",Super. Heel erg bedankt.,Super. Heel erg bedankt.,Super. Thank you very much.,Happiness,gratitude,happiness,happiness
"00:11:10,000","00:11:12,000","Weg, Lynn. Weg. Nice.","Weg, Lynn. Weg. Nice.","Away, Lynn. Away. Nice.",Excitement,relief,happiness,happiness
"00:11:16,000","00:11:17,000",Lekker!,Lekker!,Tasty!,Happiness,joy,happiness,happiness
"00:11:19,000","00:11:21,000",De jacht is begonnen.,De jacht is begonnen.,The hunt has begun.,Happiness,excitement,happiness,happiness
"00:11:22,000","00:11:24,000",We hebben een achternaam.,We hebben een achternaam.,We have a last name.,Neutral,realization,surprise,surprise
"00:11:24,000","00:11:28,000",Terwijl de voortvluchtigen één voor één wegkomen bij de Euromast...,Terwijl de voortvluchtigen één voor één wegkomen bij de Euromast...,While the fugitives get away from the Euromast one by one...,Anger,nervousness,fear,fear
"00:11:28,000","00:11:31,000",wordt op het hoofdkwartier alles in kaart gebracht.,wordt op het hoofdkwartier alles in kaart gebracht.,everything is mapped out at headquarters.,Neutral,neutral,neutral,neutral
"00:11:31,000","00:11:34,000","Ik heb bij Kelly een vriendin, Romy Verhoeven.","Ik heb bij Kelly een vriendin, Romy Verhoeven.","I have a friend at Kelly's, Romy Verhoeven.",Neutral/happiness,neutral,neutral,neutral
"00:11:34,000","00:11:38,000","Is dat Romy V? Op de foto op Facebook te zien, wel.","Is dat Romy V? Op de foto op Facebook te zien, wel.","Is that Romy V? As can be seen in the photo on Facebook, yes.",Neutral,curiosity,neutral,neutral
"00:11:38,000","00:11:41,000",Van iedereen zijn de BRP-gegevens opgevraagd.,Van iedereen zijn de BRP-gegevens opgevraagd.,The BRP details of everyone have been requested.,Neutral,neutral,neutral,neutral
"00:11:41,000","00:11:45,000","Dat zijn persoonlijke gegevens, zoals naam, leeftijd en adres...","Dat zijn persoonlijke gegevens, zoals naam, leeftijd en adres...","These are personal details, such as name, age and address...",Neutral,neutral,neutral,neutral
"00:11:45,000","00:11:49,000",te vinden in de administratie van de gemeente waar je ingeschreven staat.,te vinden in de administratie van de gemeente waar je ingeschreven staat.,can be found in the administration of the municipality where you are registered.,Neutral,neutral,neutral,neutral
"00:11:49,000","00:11:51,000",Zit er? Ik denk wel dat zij dat is.,Zit er? Ik denk wel dat zij dat is.,Is there? I think she is.,Surprise,curiosity,neutral,surprise
"00:11:51,000","00:11:55,000",Niet alleen van de voortvluchtigen wordt die informatie opgevraagd.,Niet alleen van de voortvluchtigen wordt die informatie opgevraagd.,This information is not only requested from the fugitives.,Neutral,neutral,neutral,neutral
"00:11:55,000","00:11:59,000","Ook van familie en vrienden, ofwel de eerste- en tweedelijns personen...","Ook van familie en vrienden, ofwel de eerste- en tweedelijns personen...","Also from family and friends, or the first and second line people...",Neutral,neutral,neutral,neutral
"00:11:59,000","00:12:02,000",worden zaken als telefoons en auto's onder de tap gezet.,worden zaken als telefoons en auto's onder de tap gezet.,things like telephones and cars are put under surveillance.,Neutral,curiosity,neutral,neutral
"00:12:02,000","00:12:05,000",Voor het geval zij een rol gaan spelen bij de vlucht.,Voor het geval zij een rol gaan spelen bij de vlucht.,In case they play a role in the flight.,Neutral,curiosity,neutral,neutral
"00:12:05,000","00:12:10,000","Bankrekeningen, auto's, familie, vrienden, social media, e-mailadressen, alles.","Bankrekeningen, auto's, familie, vrienden, social media, e-mailadressen, alles.","Bank accounts, cars, family, friends, social media, email addresses, everything.",Neutral,curiosity,neutral,neutral
"00:12:10,000","00:12:12,000",De eerste verbanden zijn gelegd.,De eerste verbanden zijn gelegd.,The first connections have been made.,Neutral,realization,surprise,neutral
"00:12:12,000","00:12:15,000",En voor de Hunters wordt steeds meer duidelijk.,En voor de Hunters wordt steeds meer duidelijk.,And more and more is becoming clear to the Hunters.,Neutral,realization,surprise,surprise
"00:12:15,000","00:12:19,000",Waarschijnlijk is Guus G. op de vlucht met Tim Verlaan.,Waarschijnlijk is Guus G. op de vlucht met Tim Verlaan.,Guus G. is probably on the run with Tim Verlaan.,Neutral,curiosity,neutral,neutral
"00:12:19,000","00:12:20,000",Guus Gruijthuijsen.,Guus Gruithuizen.,Guus Gruithuizen.,Neutral,neutral,neutral,neutral
"00:12:20,000","00:12:24,000",Goed gewerkt. We krijgen beeld wie nu met wie op de vlucht is.,Goed gewerkt. We krijgen beeld wie nu met wie op de vlucht is.,Good job. We get a picture of who is on the run with whom.,happiness,approval,happiness,happiness
"00:12:24,000","00:12:27,000","Goed ordenen, zodat we een goed overzicht krijgen.","Goed ordenen, zodat we een goed overzicht krijgen.","Organize well, so that we get a good overview.",neutral,desire,happiness,neutral
"00:13:49,000","00:13:51,000",Liefste moeder.,Liefste moeder.,Dearest mother.,happiness,love,happiness,happiness
"00:13:51,000","00:13:53,000",Hier is Basiri.,Hier is Basiri.,Hier is Basiri.,neutral,neutral,neutral,neutral
"00:13:55,000","00:13:57,000","Kom erbij, kom erbij.","Kom erbij, kom erbij.","Come along, come along.",neutral,neutral,neutral,neutral
"00:13:57,000","00:14:00,000",Hallo. Welkom.,Hallo. Welkom.,Hello. Welcome.,neutral,neutral,neutral,neutral
"00:14:00,000","00:14:02,000","Welkom, hallo.","Welkom, hallo.","Welcome, hello.",neutral,neutral,neutral,neutral
"00:14:02,000","00:14:04,000","Ja, dan sta je opeens overgenomen met...","Ja, dan sta je opeens overgenomen met...","Yes, then you suddenly find yourself taken over with...",surprise,surprise,surprise,surprise
"00:14:04,000","00:14:07,000","Doe maar snel, Alice. Hoe gaat het met de spanningen?","Doe maar snel, Alice. Hoe gaat het met de spanningen?","Make it quick, Alice. How are the tensions going?",neutral,curiosity,neutral,neutral
"00:14:07,000","00:14:10,000","Zo net was het allemaal nog wel goed, maar nu wel iets hoger.","Zo net was het allemaal nog wel goed, maar nu wel iets hoger.","Just now it was all still good, but now a little higher.",neutral,nervousness,fear,neutral
"00:14:10,000","00:14:12,000","Mijn spanning is nu wel iets hoger, absoluut.","Mijn spanning is nu wel iets hoger, absoluut.","My tension is a little higher now, definitely.",surprise,nervousness,fear,fear
"00:14:12,000","00:14:14,000",Hoe is de eerste indruk van elkaar?,Hoe is de eerste indruk van elkaar?,What is the first impression of each other?,neutral,curiosity,neutral,neutral
"00:14:14,000","00:14:17,000","Goed, zeker. Het ziet er vriendelijk uit.","Goed, zeker. Het ziet er vriendelijk uit.",Well sure. It looks friendly.,neutral,approval,happiness,neutral
"00:14:18,000","00:14:20,000","Die koffer, hoe belangrijk is die voor jou?","Die koffer, hoe belangrijk is die voor jou?","The suitcase, how important is it to you?",neutral,curiosity,neutral,neutral
"00:14:20,000","00:14:23,000",Best wel heel erg belangrijk. Daar zitten natuurlijk allemaal kleren in.,Best wel heel erg belangrijk. Daar zitten natuurlijk allemaal kleren in.,Quite very important. Of course there are all clothes in there.,neutral,desire,happiness,neutral
"00:14:23,000","00:14:27,000","Alles wat ik nodig heb in het huis, dus...","Alles wat ik nodig heb in het huis, dus...","Everything I need in the house, so...",neutral,desire,happiness,neutral
"00:14:27,000","00:14:30,000","Ik hoop dat ik hem meemag, maar ik twijfel of dat het geval is.","Ik hoop dat ik hem meemag, maar ik twijfel of dat het geval is.","I hope I can take him with me, but I doubt that will be the case.",neutral,disappointment,sadness,sadness
"00:14:30,000","00:14:33,000","Je voelt hem misschien al een beetje aankomen, maar...","Je voelt hem misschien al een beetje aankomen, maar...","You may already feel it coming, but...",neutral,anticipation,happiness,neutral
"00:14:33,000","00:14:36,000",die koffer gaat niet mee het huis in.,die koffer gaat niet mee het huis in.,That suitcase doesn't come into the house.,neutral,disappointment,sadness,neutral
"00:14:36,000","00:14:38,000",Dat dacht ik al.,Dat dacht ik al.,I thought so.,neutral,realization,surprise,surprise
"00:14:38,000","00:14:40,000","Basiri, dan hebben we jouw koffer.","Basiri, dan hebben we jouw koffer.","Basiri, we have your suitcase.",neutral,relief,happiness,neutral
"00:14:40,000","00:14:43,000","Jij wilt ook winnen, dus ik kan me voorstellen dat je toch denkt...","Jij wilt ook winnen, dus ik kan me voorstellen dat je toch denkt...","You want to win too, so I imagine you're thinking...",neutral,curiosity,neutral,neutral
"00:14:43,000","00:14:46,000",ik moet een beetje onderbroekjes bij elkaar pakken. Hoeveel heb je erbij?,ik moet een beetje onderbroekjes bij elkaar pakken. Hoeveel heb je erbij?,I need to get some panties together. How much do you have?,neutral,curiosity,neutral,neutral
"00:14:46,000","00:14:50,000","Ik heb echt veel onderbroeken bij. Ik denk dat ik er dertig, veertig bij heb.","Ik heb echt veel onderbroeken bij. Ik denk dat ik er dertig, veertig bij heb.",I really have a lot of underwear. I think I have thirty or forty more.,neutral,amusement,happiness,happiness
"00:14:50,000","00:14:52,000","Wat? Dertig, veertig onderbroeken?","Wat? Dertig, veertig onderbroeken?","What? Thirty, forty pairs of underwear?",surprise,surprise,surprise,surprise
"00:14:52,000","00:14:53,000","Ja, echt heel veel.","Ja, echt heel veel.","Yes, really a lot.",neutral,amusement,happiness,neutral
"00:14:53,000","00:14:57,000","Ik heb leuk nieuws, want jij mag jouw koffer wel mee in het huis nemen.","Ik heb leuk nieuws, want jij mag jouw koffer wel mee in het huis nemen.","I have great news, because you can take your suitcase into the house.",happiness,joy,happiness,happiness
"00:14:57,000","00:14:59,000",Ja.,Ja.,And.,neutral,neutral,neutral,neutral
"00:14:59,000","00:15:00,000",Ik heb genoeg onderbroeken bij.,Ik heb genoeg onderbroeken bij.,I have enough underwear.,neutral,relief,happiness,happiness
"00:15:00,000","00:15:02,000","Ja, super. Heel fijn.","Ja, super. Heel fijn.",Yes amazing. Very nice.,happiness,joy,happiness,happiness
"00:15:02,000","00:15:05,000",Jullie mogen ook allebei jullie telefoon zien leveren.,Jullie mogen ook allebei jullie telefoon zien leveren.,You can also both see your phone delivered.,neutral,joy,happiness,neutral
"00:15:05,000","00:15:07,000",Oei.,Oei.,You.,neutral,neutral,neutral,neutral
"00:15:07,000","00:15:09,000",Dat voelt pijnlijk.,Dat voelt pijnlijk.,That feels painful.,neutral,disappointment,sadness,neutral
"00:15:09,000","00:15:13,000",Tot slot heb ik hier nog voor jullie allebei vijf coins.,Tot slot heb ik hier nog voor jullie allebei vijf coins.,"Finally, I have five coins here for both of you.",neutral,joy,happiness,neutral
"00:15:13,000","00:15:15,000",Kijk eens. Alsjeblieft.,Kijk eens. Alsjeblieft.,Look. Please.,neutral,neutral,neutral,neutral
"00:15:15,000","00:15:17,000",Dank je wel.,Dank je wel.,Thank you.,neutral,gratitude,happiness,happiness
"00:15:17,000","00:15:21,000","Maar Ellis, in deze envelop zit een hint.","Maar Ellis, in deze envelop zit een hint.","But Ellis, there's a hint in this envelope.",neutral,curiosity,neutral,neutral
"00:15:21,000","00:15:25,000",En die hint kan heel erg belangrijk zijn.,En die hint kan heel erg belangrijk zijn.,And that hint can be very important.,neutral,realization,surprise,surprise
"00:15:25,000","00:15:28,000","Als jij mij twee coins geeft, dan krijg je deze hint.","Als jij mij twee coins geeft, dan krijg je deze hint.","If you give me two coins, you will get this hint.",neutral,curiosity,neutral,neutral
"00:15:28,000","00:15:29,000",Dat ga ik sowieso doen.,Dat ga ik sowieso doen.,I'm going to do that anyway.,neutral,determination,neutral,neutral
"00:15:29,000","00:15:32,000",Je gaat wel voor de hint. Jij gaat voor de hint.,Je gaat wel voor de hint. Jij gaat voor de hint.,You'll go for the hint. You go for the hint.,neutral,approval,happiness,neutral
"00:15:32,000","00:15:36,000","Dan wil ik twee coins van je, ga je met drie coins het huis in...","Dan wil ik twee coins van je, ga je met drie coins het huis in...","Then I want two coins from you, you go into the house with three coins...",neutral,neutral,neutral,neutral
"00:15:36,000","00:15:39,000",en dan geef ik jou de envelop.,en dan geef ik jou de envelop.,and then I'll give you the envelope.,neutral,neutral,neutral,neutral
"00:15:39,000","00:15:42,000","Ik zou zeggen, niet hard op lezen. Anders hoort je het.","Ik zou zeggen, niet hard op lezen. Anders hoort je het.",I'd say don't read out loud. Otherwise you will hear it.,neutral,curiosity,neutral,neutral
"00:15:42,000","00:15:43,000","Basiri, jij mag je koffer houden.","Basiri, jij mag je koffer houden.","Basiri, you can keep your suitcase.",neutral,neutral,neutral,neutral
"00:15:44,000","00:15:46,000",Je hebt ook vijf coins gekregen.,Je hebt ook vijf coins gekregen.,You also received five coins.,neutral,neutral,neutral,neutral
"00:00:00,000","00:00:06,000","Dat dit een keiharde expeditie wordt, was vanaf het allereerste moment duidelijk.","Dat dit een keiharde expeditie wordt, was vanaf het allereerste moment duidelijk.",It was clear from the very first moment that this would be a tough expedition.,neutral,realization,surprise,surprise
"00:00:09,000","00:00:16,000","Je zit hier met alleen maar winnaars, finalisten en mensen die super gemotiveerd zijn om het eind te halen.","Je zit hier met alleen maar winnaars, finalisten en mensen die super gemotiveerd zijn om het eind te halen.","You're sitting here with only winners, finalists and people who are super motivated to get to the end.",neutral,admiration,happiness,neutral
"00:00:16,000","00:00:21,000",Van de 16 oud-finalisten moesten er twee al op dag 1 naar huis.,Van de 16 oud-finalisten moesten er twee al op dag 1 naar huis.,"Of the 16 former finalists, two had to go home on day 1.",neutral,disappointment,sadness,sadness
"00:00:21,000","00:00:24,000","Ik had het zo graag gewild, weet je wel.","Ik had het zo graag gewild, weet je wel.","I wanted it so badly, you know.",sadness,desire,happiness,sadness
"00:00:25,000","00:00:32,000",De strijd tussen de allersterkste Robinson's van de afgelopen 23 seizoenen barst vandaag als echt los.,De strijd tussen de allersterkste Robinson's van de afgelopen 23 seizoenen barst vandaag als echt los.,The battle between the strongest Robinsons of the past 23 seasons really kicks off today.,surprise,excitement,happiness,happiness
"00:00:36,000","00:00:40,000",Er is wel een overduidelijke winnaar. Team Oranje.,Er is wel een overduidelijke winnaar. Team Oranje.,There is one clear winner. Team Orange.,neutral,admiration,happiness,neutral
"00:00:40,000","00:00:44,000","Sebastian, wat hebben jullie allemaal mee? Want jullie mogen de buit natuurlijk mee naar Kamp Zuid.","Sebastian, wat hebben jullie allemaal mee? Want jullie mogen de buit natuurlijk mee naar Kamp Zuid.","Sebastian, what have you all brought? Because of course you can take the loot to Camp South.",neutral,curiosity,neutral,neutral
"00:00:44,000","00:00:48,000","Ananas, bedekking voor het dak, pasta met fuik.","Ananas, bedekking voor het dak, pasta met fuik.","Pineapple, roof covering, pasta with trap.",neutral,neutral,neutral,neutral
"00:00:48,000","00:00:50,000",De verschillen zijn groot. Kamp Zuid.,De verschillen zijn groot. Kamp Zuid.,The differences are great. Camp South.,surprise,realization,surprise,surprise
"00:00:50,000","00:00:55,000",De winnaar van de landingsproef met aanvoerder Niels en veel gespierde mannen.,De winnaar van de landingsproef met aanvoerder Niels en veel gespierde mannen.,The winner of the landing test with captain Niels and many muscular men.,neutral,admiration,happiness,neutral
"00:00:55,000","00:00:57,000","Kamp Noord, waar vrouwen in de meerderheid zijn.","Kamp Noord, waar vrouwen in de meerderheid zijn.","Camp North, where women are in the majority.",neutral,neutral,neutral,neutral
"00:00:57,000","00:01:02,000",En aanvoerder Bert die het misschien iets meer moet hebben van behendigheid en uithoudingsvermogen.,En aanvoerder Bert die het misschien iets meer moet hebben van behendigheid en uithoudingsvermogen.,"And captain Bert, who may have to rely a little more on agility and stamina.",neutral,realization,surprise,neutral
"00:01:02,000","00:01:06,000",En zij gaan hier straks tegen elkaar strijden om immuniteit.,En zij gaan hier straks tegen elkaar strijden om immuniteit.,And soon they will compete against each other for immunity.,neutral,anticipation,happiness,neutral
"00:01:20,000","00:01:25,000",Kamp Zuid,Kamp Zuid,Camp South,neutral,neutral,neutral,neutral
"00:01:51,000","00:01:53,000",Kamp Noord,Kamp Noord,Camp North,neutral,neutral,neutral,neutral
"00:01:54,000","00:01:56,000",Kamp Zuid,Kamp Zuid,Camp South,neutral,neutral,neutral,neutral
"00:02:17,000","00:02:19,000",Mijn tweede expeditie Robinson.,Mijn tweede expeditie Robinson.,My second Robinson expedition.,neutral,excitement,happiness,neutral
"00:02:20,000","00:02:22,000","Ja, gewoon wel echt wel super gaaf.","Ja, gewoon wel echt wel super gaaf.","Yes, just really really cool.",happiness,joy,happiness,happiness
"00:02:23,000","00:02:26,000","Ja, en ik zie wat rotsen en ik zie het strandje.","Ja, en ik zie wat rotsen en ik zie het strandje.","Yes, and I see some rocks and I see the little beach.",neutral,curiosity,neutral,neutral
"00:02:27,000","00:02:29,000","Wow, dit is wel echt gaaf.","Wow, dit is wel echt gaaf.","Wow, this is really cool.",happiness,joy,happiness,happiness
"00:02:40,000","00:02:45,000",Er gaat van alles door je heen. Wat gaan we daar vinden? Is er genoeg voedsel of is het karig?,Er gaat van alles door je heen. Wat gaan we daar vinden? Is er genoeg voedsel of is het karig?,All sorts of things are going through your mind. What are we going to find there? Is there enough food or is it sparse?,fear,curiosity,neutral,fear
"00:02:45,000","00:02:51,000",Ik ben heel nieuwsgierig hoe het eruit ziet en wat we daar gaan aantreffen of of er veel te eten is.,Ik ben heel nieuwsgierig hoe het eruit ziet en wat we daar gaan aantreffen of of er veel te eten is.,I am very curious to see what it looks like and what we will find there or whether there is much to eat.,neutral,curiosity,neutral,neutral
"00:02:52,000","00:02:58,000","Ik kijk naar alle medespelers en voor het eerst denk je van ja, het gaat echt gebeuren vanavond.","Ik kijk naar alle medespelers en voor het eerst denk je van ja, het gaat echt gebeuren vanavond.","I look at all the fellow players and for the first time you think yes, it's really going to happen tonight.",happiness,excitement,happiness,happiness
"00:03:00,000","00:03:03,000","Zo, dit was dus ons eiland.","Zo, dit was dus ons eiland.","So, this was our island.",neutral,realization,surprise,surprise
"00:03:03,000","00:03:04,000",Ja.,Ja.,And.,neutral,neutral,neutral,neutral
"00:03:04,000","00:03:05,000",Dit is ons eiland.,Dit is ons eiland.,This is our island.,neutral,realization,surprise,neutral
"00:03:05,000","00:03:06,000",Ja.,Ja.,And.,neutral,neutral,neutral,neutral
"00:03:06,000","00:03:08,000","Kist, kist, kist. Hier is een kist, jongen.","Kist, kist, kist. Hier is een kist, jongen.","Chest, chest, chest. Here's a chest, boy.",happiness,excitement,happiness,happiness
"00:03:08,000","00:03:11,000",Dan zou het echt een bammer zijn als er gewoon niets in zit.,Dan zou het echt een bammer zijn als er gewoon niets in zit.,Then it would really be a bummer if there was simply nothing in it.,fear,disappointment,sadness,sadness
"00:03:11,000","00:03:12,000","Ja, ik hoop het.","Ja, ik hoop het.",Yes I hope so.,neutral,optimism,happiness,neutral
"00:03:12,000","00:03:13,000",Wel een vuurstik.,Wel een vuurstik.,"Well, a fire stick.",neutral,neutral,neutral,neutral
"00:03:13,000","00:03:14,000",Dan stoken we de kist op.,Dan stoken we de kist op.,Then we light the coffin.,neutral,neutral,neutral,neutral
"00:03:16,000","00:03:17,000",Waar ben ik?,Waar ben ik?,Where am I?,surprise,confusion,sadness,surprise
"00:03:18,000","00:03:19,000","Oh, kist.","Oh, kist.","Oh, crap.",surprise,disappointment,sadness,surprise
"00:03:19,000","00:03:21,000",Er zit echt wel van alles in.,Er zit echt wel van alles in.,There really is a bit of everything in there.,surprise,surprise,surprise,surprise
"00:03:21,000","00:03:22,000","Oh, joh.","Oh, joh.","Oh, joh.",surprise,surprise,surprise,surprise
"00:03:22,000","00:03:23,000",Rijst.,Rijst.,Rice.,neutral,neutral,neutral,neutral
"00:03:23,000","00:03:25,000",Ik dacht al helemaal te treuren.,Ik dacht al helemaal te treuren.,I thought I was going to be sad.,surprise,realization,surprise,surprise
"00:03:25,000","00:03:26,000",En een vuurstik.,En een vuurstik.,And a fire stick.,neutral,neutral,neutral,neutral
"00:03:26,000","00:03:27,000","Ja, dat is belangrijk.","Ja, dat is belangrijk.","Yes, that is important.",neutral,realization,surprise,neutral
"00:03:27,000","00:03:28,000",En olie.,En olie.,And oil.,neutral,neutral,neutral,neutral
"00:03:28,000","00:03:29,000","Olie, heel fijn.","Olie, heel fijn.","Oil, very fine.",happiness,approval,happiness,happiness
"00:03:29,000","00:03:30,000","Ja, super.","Ja, super.","Me, great.",happiness,joy,happiness,happiness
"00:03:31,000","00:03:32,000","Nou, zullen we maar gauw iets gaan maken?","Nou, zullen we maar gauw iets gaan maken?","Well, shall we make something quickly?",neutral,desire,happiness,neutral
"00:55:48,000","00:55:49,000",Geen enkele wijze.,Geen enkele wijze.,No way whatsoever.,neutral,disapproval,disgust,neutral
"00:55:49,000","00:55:51,000",Jullie hebben ze de afgelopen dagen niet gezien.,Jullie hebben ze de afgelopen dagen niet gezien.,You haven't seen them for the past few days.,neutral,curiosity,neutral,neutral
"00:55:51,000","00:55:52,000",Nee.,Nee.,Nee.,neutral,neutral,neutral,neutral
"00:55:52,000","00:55:53,000",Jij hebt ze niet gezien?,Jij hebt ze niet gezien?,You haven't seen them?,surprise,surprise,surprise,surprise
"00:55:53,000","00:55:54,000",Wel gesproken.,Wel gesproken.,Well spoken.,neutral,approval,happiness,neutral
"00:55:54,000","00:55:55,000",Wel gesproken?,Wel gesproken?,Have you spoken?,surprise,curiosity,neutral,neutral
"00:55:55,000","00:55:56,000","Ja, van de week dan.","Ja, van de week dan.","Yes, this week then.",neutral,neutral,neutral,neutral
"00:55:56,000","00:55:57,000",Van de week.,Van de week.,This week.,neutral,neutral,neutral,neutral
"00:55:57,000","00:55:58,000",Ze zijn afscheid willen komen nemen.,Ze zijn afscheid willen komen nemen.,They wanted to come to say goodbye.,neutral,sadness,sadness,neutral
"00:55:58,000","00:55:59,000",Ja.,Ja.,And.,neutral,neutral,neutral,neutral
"00:55:59,000","00:56:00,000",Oké.,Oké.,Okay.,neutral,neutral,neutral,neutral
"00:56:01,000","00:56:02,000","Maar Romee, even.","Maar Romee, even.","But Romee, just a moment.",anger,neutral,neutral,neutral
"00:56:02,000","00:56:03,000",Ja.,Ja.,And.,neutral,neutral,neutral,neutral
"00:56:03,000","00:56:04,000",Maar met wie?,Maar met wie?,But with whom?,surprise,curiosity,neutral,neutral
"00:56:04,000","00:56:05,000",Twee auto's.,Twee auto's.,Two cars.,neutral,neutral,neutral,neutral
"00:56:05,000","00:56:06,000",Met wie kom je dan?,Met wie kom je dan?,Who are you coming with?,surprise,curiosity,neutral,neutral
"00:56:06,000","00:56:07,000",Twee auto's.,Twee auto's.,Two cars.,neutral,neutral,neutral,neutral
"00:56:07,000","00:56:08,000",Zeker?,Zeker?,Certainly?,surprise,curiosity,neutral,neutral
"00:56:08,000","00:56:09,000","Ja, zeker.","Ja, zeker.",Of course.,neutral,approval,happiness,neutral
"00:56:09,000","00:56:10,000",Ja?,Ja?,And?,surprise,curiosity,neutral,neutral
"00:56:10,000","00:56:11,000",Top.,Top.,Top.,neutral,approval,happiness,happiness
"00:56:11,000","00:56:12,000",Niet vergeten.,Niet vergeten.,Do not forget.,neutral,neutral,neutral,neutral
"00:56:12,000","00:56:13,000",Alsjeblieft.,Alsjeblieft.,Please.,neutral,neutral,neutral,neutral
"00:56:13,000","00:56:14,000",Morgen.,Morgen.,Morning.,neutral,neutral,neutral,neutral
"00:56:14,000","00:56:15,000",Morgen shift.,Morgen shift.,Tomorrow shift.,neutral,neutral,neutral,neutral
"00:56:15,000","00:56:16,000",Om tien uur met twee auto's.,Om tien uur met twee auto's.,At ten o'clock with two cars.,neutral,neutral,neutral,neutral
"00:56:16,000","00:56:17,000",Tot morgen.,Tot morgen.,See you tomorrow.,neutral,neutral,neutral,neutral
"00:56:17,000","00:56:18,000","Ciao, ciao, ciao.","Ciao, ciao, ciao.",Hello Hello hello.,happiness,neutral,neutral,neutral
"00:56:18,000","00:56:19,000",Contactverwijdering.,Contactverwijdering.,Contact deletion.,neutral,neutral,neutral,neutral
"00:56:19,000","00:56:20,000","Ja, contactverwijdering.","Ja, contactverwijdering.","Yes, contact deletion.",neutral,approval,happiness,neutral
"00:56:20,000","00:56:21,000",Gebelde nummer ook verbijderen.,Gebelde nummer ook verbijderen.,Called number also baffling.,neutral,confusion,sadness,sadness
"00:56:21,000","00:56:22,000",Sorry voor de overlast.,Sorry voor de overlast.,Sorry for the inconvenience.,sadness,remorse,sadness,sadness
"00:56:22,000","00:56:26,000",De hunters voelen dat Rajiv's ouders niet de waarheid vertellen.,De hunters voelen dat Rajiv's ouders niet de waarheid vertellen.,The hunters feel that Rajiv's parents are not telling the truth.,neutral,disapproval,disgust,neutral
"00:56:26,000","00:56:29,000",Maar hebben ook door dat ze niks zullen gaan loslaten.,Maar hebben ook door dat ze niks zullen gaan loslaten.,But they also realize that they are not going to let go of anything.,neutral,realization,surprise,neutral
"00:56:29,000","00:56:31,000",Voorlopig nemen ze daar genoegen mee.,Voorlopig nemen ze daar genoegen mee.,For now they are content with that.,neutral,approval,happiness,neutral
"00:56:31,000","00:56:32,000",Tot ziens.,Tot ziens.,Bye.,neutral,neutral,neutral,neutral
"00:56:32,000","00:56:33,000","Hoi, hoi.","Hoi, hoi.",Hi Hi.,happiness,neutral,neutral,neutral
"00:56:33,000","00:56:38,000","En omdat de bus van Rajiv's vader is uitgeleend, kan het baken nu niet geplaatst worden.","En omdat de bus van Rajiv's vader is uitgeleend, kan het baken nu niet geplaatst worden.","And because Rajiv's father's bus has been lent, the beacon cannot be placed now.",neutral,disappointment,sadness,sadness
"00:56:38,000","00:56:40,000",Toch was het bezoek niet voor niks.,Toch was het bezoek niet voor niks.,Yet the visit was not in vain.,happiness,optimism,happiness,happiness
"00:56:40,000","00:56:41,000",Had wijze geworden?,Had wijze geworden?,Had become wise?,surprise,curiosity,neutral,neutral
"00:56:41,000","00:56:43,000","Zeker wel, ja.","Zeker wel, ja.","Certainly, yes.",neutral,approval,happiness,happiness
"00:56:43,000","00:56:45,000",Hij heeft veel verklaard.,Hij heeft veel verklaard.,He has explained a lot.,happiness,realization,surprise,surprise
"00:56:45,000","00:56:48,000",In ieder geval heel veel wat we kunnen verifiëren.,In ieder geval heel veel wat we kunnen verifiëren.,"In any case, a lot that we can verify.",happiness,optimism,happiness,happiness
"00:56:48,000","00:56:51,000",Hij zit ook gewoon glashard te liggen.,Hij zit ook gewoon glashard te liggen.,He also just sits there as hard as a rock.,anger,disapproval,disgust,anger
"00:20:42,000","00:20:45,000","Team Gezelligheid, maar die liggen blauw op de grond.","Team Gezelligheid, maar die liggen blauw op de grond.","Team Gezelligheid, but they are lying blue on the ground.",neutral,amusement,happiness,neutral
"00:20:45,000","00:20:46,000","Ja, dat is wel waar.","Ja, dat is wel waar.","Yes, that is true.",neutral,realization,surprise,neutral
"00:20:46,000","00:20:48,000","Als het gewoon een rennproef is, zou ik zeggen Frida.","Als het gewoon een rennproef is, zou ik zeggen Frida.","If it's just a race test, I'd say Frida.",neutral,anticipation,happiness,neutral
"00:20:49,000","00:20:51,000",Ik denk dat we sowieso in moeten zetten.,Ik denk dat we sowieso in moeten zetten.,I think we should definitely invest.,neutral,determination,neutral,neutral
"00:20:51,000","00:20:52,000",Dat we altijd voor moeten zijn.,Dat we altijd voor moeten zijn.,That we should always be ahead.,neutral,optimism,happiness,neutral
"00:20:52,000","00:20:53,000",Sowieso? Ik denk het ook.,Sowieso? Ik denk het ook.,Anyway? I think so too.,neutral,approval,happiness,neutral
"00:20:53,000","00:20:54,000",Ik ben zo'n voorblijver.,Ik ben zo'n voorblijver.,I'm such a stay-at-home guy.,neutral,neutral,neutral,neutral
"00:20:54,000","00:20:56,000",We willen gewoon een man meer houden.,We willen gewoon een man meer houden.,We just want to keep one more man.,neutral,desire,happiness,neutral
"00:20:56,000","00:20:58,000",Ik denk dat het een heel goed punt is wat Marianne net maakte.,Ik denk dat het een heel goed punt is wat Marianne net maakte.,I think what Marianne just made is a very good point.,neutral,approval,happiness,neutral
"00:20:58,000","00:20:59,000",Ik heb er wel zin in.,Ik heb er wel zin in.,I am looking forward to it.,happiness,excitement,happiness,happiness
"00:20:59,000","00:21:00,000",Lekker man.,Lekker man.,Nice man.,neutral,admiration,happiness,happiness
"00:21:00,000","00:21:02,000",Ik zou nu wel echt teleurgesteld zijn...,Ik zou nu wel echt teleurgesteld zijn...,I would be really disappointed right now...,sadness,disappointment,sadness,sadness
"00:21:02,000","00:21:04,000",als er geen proef is.,als er geen proef is.,if there is no test.,neutral,disappointment,sadness,neutral
"00:21:04,000","00:21:06,000",Ik zit hier nu pasta te eten voor Jan-Lo.,Ik zit hier nu pasta te eten voor Jan-Lo.,I'm sitting here now eating pasta for Jan-Lo.,neutral,neutral,neutral,neutral
"00:21:15,000","00:21:19,000",Bij deze spectaculaire proef strijden de kampen zometeen om immuniteit.,Bij deze spectaculaire proef strijden de kampen zometeen om immuniteit.,"In this spectacular test, the camps will soon compete for immunity.",neutral,excitement,happiness,happiness
"00:21:19,000","00:21:22,000",In Kamp Zuid is de sfeer op haar best.,In Kamp Zuid is de sfeer op haar best.,The atmosphere in Camp South is at its best.,neutral,joy,happiness,neutral
"00:21:23,000","00:21:27,000",Ze hebben eten in overvloed en zijn tot op het bot gemotiveerd.,Ze hebben eten in overvloed en zijn tot op het bot gemotiveerd.,They have plenty of food and are motivated to the core.,neutral,optimism,happiness,happiness
"00:21:29,000","00:21:31,000",We hebben lekker gegeten.,We hebben lekker gegeten.,We had a nice dinner.,happiness,joy,happiness,happiness
"00:21:31,000","00:21:33,000",Eigenlijk zijn we er helemaal klaar voor.,Eigenlijk zijn we er helemaal klaar voor.,"Actually, we are completely ready for it.",neutral,confidence,happiness,neutral
"00:21:33,000","00:21:35,000",Ik ben hier voor de proeven.,Ik ben hier voor de proeven.,I'm here for the tests.,neutral,neutral,neutral,neutral
"00:21:35,000","00:21:37,000",Ik denk dat ik ook deze proef gewoon ga killen.,Ik denk dat ik ook deze proef gewoon ga killen.,I think I'm just going to kill this test too.,neutral,confidence,happiness,happiness
"00:21:38,000","00:21:40,000",We zijn op een of andere manier van onszelf overtuigd.,We zijn op een of andere manier van onszelf overtuigd.,We are somehow convinced of ourselves.,neutral,confidence,happiness,neutral
"00:21:40,000","00:21:42,000",Dus we hebben ook zoiets van kom erop dan.,Dus we hebben ook zoiets van kom erop dan.,"So we also thought, come on then.",neutral,confidence,happiness,neutral
"00:21:43,000","00:21:46,000",In Kamp Noord is gebrand op wraak.,In Kamp Noord is gebrand op wraak.,"In Camp North, there is a desire for revenge.",neutral,anger,anger,anger
"00:21:46,000","00:21:48,000",Na de verloren landingsproef.,Na de verloren landingsproef.,After the lost landing test.,neutral,disappointment,sadness,neutral
"00:21:48,000","00:21:50,000",Dat belooft dus vuurwerk te worden.,Dat belooft dus vuurwerk te worden.,That promises to be fireworks.,neutral,excitement,happiness,happiness
"00:21:53,000","00:21:54,000",Wij kunnen winnen.,Wij kunnen winnen.,We can win.,neutral,confidence,happiness,happiness
"00:21:54,000","00:21:55,000",Maakkelijk zater.,Maakkelijk zater.,Easy Saturday.,neutral,neutral,neutral,neutral
"00:21:55,000","00:21:57,000",Ik ben er wel op gebrand om er alles aan te doen...,Ik ben er wel op gebrand om er alles aan te doen...,I am quite determined to do everything I can...,neutral,determination,neutral,neutral
"00:21:57,000","00:22:00,000",om ze ook een tikje uit te delen.,om ze ook een tikje uit te delen.,to give them a tap too.,neutral,anger,anger,neutral
"00:22:00,000","00:22:04,000",Ik heb er gewoon alle vertrouwen in om met dit team de overwinning te pakken.,Ik heb er gewoon alle vertrouwen in om met dit team de overwinning te pakken.,I just have every confidence that I can win with this team.,neutral,confidence,happiness,happiness
"00:22:04,000","00:22:05,000",Dus laat die proef maar komen.,Dus laat die proef maar komen.,So bring on that test.,neutral,confidence,happiness,happiness
"00:22:12,000","00:22:17,000","Expeditieleden, welkom op jullie allereerste immuniteitsproef.","Expeditieleden, welkom op jullie allereerste immuniteitsproef.","Expedition members, welcome to your very first immunity challenge.",neutral,excitement,happiness,happiness
"00:22:20,000","00:22:22,000",Wat moeten jullie doen bij deze proef?,Wat moeten jullie doen bij deze proef?,What do you have to do in this test?,neutral,curiosity,neutral,neutral
"00:22:23,000","00:22:25,000",Wat moeten jullie doen bij deze proef?,Wat moeten jullie doen bij deze proef?,What do you have to do in this test?,neutral,curiosity,neutral,neutral
"00:22:25,000","00:22:27,000",Jullie zien hier vijf stokken.,Jullie zien hier vijf stokken.,You see five sticks here.,neutral,neutral,neutral,neutral
"00:22:27,000","00:22:30,000",En die moeten hier naar deze ladders toe.,En die moeten hier naar deze ladders toe.,And they have to go here to these ladders.,neutral,neutral,neutral,neutral
"00:22:31,000","00:22:34,000",Jullie gaan zometeen één voor één het water in.,Jullie gaan zometeen één voor één het water in.,You will go into the water one by one in a moment.,neutral,neutral,neutral,neutral
"00:22:34,000","00:22:36,000",Zwemmen onder de roldoor.,Zwemmen onder de roldoor.,Swimming under the roller door.,neutral,neutral,neutral,neutral
"00:22:36,000","00:22:38,000",En klauteren er dan op.,En klauteren er dan op.,And then climb on it.,neutral,neutral,neutral,neutral
"00:22:40,000","00:22:43,000",Als je er eenmaal op staat dan manoeuvreer je deze kant op.,Als je er eenmaal op staat dan manoeuvreer je deze kant op.,"Once you are on it, maneuver this way.",neutral,neutral,neutral,neutral
"00:22:43,000","00:22:46,000",Je teamgenoten die hier aan de touw staan...,Je teamgenoten die hier aan de touw staan...,Your teammates who are here on the ropes...,neutral,neutral,neutral,neutral
"00:22:46,000","00:22:47,000",bepalen het tempo.,bepalen het tempo.,determine the pace.,neutral,neutral,neutral,neutral
"00:22:47,000","00:22:49,000",Als je helemaal dichtbij genoeg bent...,Als je helemaal dichtbij genoeg bent...,When you're really close enough...,neutral,neutral,neutral,neutral
"00:26:05,000","00:26:07,000",Alles is zo veranderd,Alles is zo veranderd,Everything has changed so much,surprise,realization,surprise,surprise
"00:26:07,000","00:26:10,000",Alles gaat niet zo vlug,Alles gaat niet zo vlug,Everything doesn't go that fast,neutral,realization,surprise,surprise
"00:26:11,000","00:26:12,000",Mooi.,Mooi.,Nice.,neutral,approval,happiness,neutral
"00:26:12,000","00:26:16,000","Nee, die indertussen vrouw, hè. Ik voelde het echt.","Nee, die indertussen vrouw, hè. Ik voelde het echt.","No, that now woman, eh. I really felt it.",neutral,realization,surprise,surprise
"00:26:16,000","00:26:19,000","Wauw. Dat wordt heel plezant in het huis, denk ik.","Wauw. Dat wordt heel plezant in het huis, denk ik.","Wow. That will be very nice in the house, I think.",surprise,optimism,happiness,happiness
"00:26:20,000","00:26:22,000","Die koffer, die blijft hier.","Die koffer, die blijft hier.","That suitcase, it stays here.",anger,neutral,neutral,anger
"00:26:22,000","00:26:24,000",Ja? Oké. Die mag je niet meenemen.,Ja? Oké. Die mag je niet meenemen.,Yes? Okay. You are not allowed to take that with you.,surprise,disapproval,disgust,disgust
"00:26:24,000","00:26:29,000","Wat ik wel voor jou heb, zijn vijf coins.","Wat ik wel voor jou heb, zijn vijf coins.",What I do have for you are five coins.,neutral,neutral,neutral,neutral
"00:26:29,000","00:26:31,000",Alsjeblieft. Dank je wel.,Alsjeblieft. Dank je wel.,Please. Thank you.,neutral,gratitude,happiness,happiness
"00:26:31,000","00:26:33,000",Jij kan van ons ook een hint kopen.,Jij kan van ons ook een hint kopen.,You can also buy a hint from us.,neutral,neutral,neutral,neutral
"00:26:33,000","00:26:36,000",En dan moet jij twee coins teruggeven.,En dan moet jij twee coins teruggeven.,And then you have to give back two coins.,neutral,neutral,neutral,neutral
"00:26:36,000","00:26:40,000",Met die hint kom jij iets te weten dat jou een voordeel kan opleveren.,Met die hint kom jij iets te weten dat jou een voordeel kan opleveren.,With that hint you will learn something that can give you an advantage.,neutral,curiosity,neutral,neutral
"00:26:40,000","00:26:43,000",Je kan ook het huis in met vijf coins zonder hint.,Je kan ook het huis in met vijf coins zonder hint.,You can also enter the house with five coins without a hint.,neutral,neutral,neutral,neutral
"00:26:44,000","00:26:46,000","Nee, ik ga zo. Ik hou er coins.","Nee, ik ga zo. Ik hou er coins.","No, I'll go soon. I keep coins there.",neutral,neutral,neutral,neutral
"00:26:46,000","00:26:49,000",Het gaat beginnen. Nog één keer een applaus voor Lady.,Het gaat beginnen. Nog één keer een applaus voor Lady.,It will start. One more round of applause for Lady.,neutral,excitement,happiness,happiness
"00:26:49,000","00:26:53,000",Lady. Lady.,Lady. Lady.,Lady. Lady.,neutral,neutral,neutral,neutral
"00:27:02,000","00:27:03,000",Hai.,Hai.,Two.,neutral,neutral,neutral,neutral
"00:27:03,000","00:27:05,000","Staat er iemand aan de grond? O, mijn God.","Staat er iemand aan de grond? O, mijn God.",Is someone on the ground? Oh my God.,surprise,surprise,surprise,surprise
"00:27:06,000","00:27:07,000",Hoi.,Hoi.,Hoi.,neutral,neutral,neutral,neutral
"00:27:09,000","00:27:11,000",Hallo. Hallo.,Hallo. Hallo.,Hello Hello.,neutral,neutral,neutral,neutral
"00:27:11,000","00:27:13,000","Hai, Lady. Aangenaam. Ellis.","Hai, Lady. Aangenaam. Ellis.","Hi, Lady. Nice to meet you. Ellis.",neutral,joy,happiness,neutral
"00:27:13,000","00:27:15,000",Lady. Leiden. Aangenaam.,Lady. Leiden. Aangenaam.,Lady. To lead. Nice to meet you.,neutral,joy,happiness,neutral
"00:27:15,000","00:27:16,000",Basini. Lady.,Basini. Lady.,Basi. Lady.,neutral,neutral,neutral,neutral
"00:27:16,000","00:27:18,000","Hoi, Lady. Eslie. Hoi, Lady.","Hoi, Lady. Eslie. Hoi, Lady.","Come back, Lady. Eslie. Come back, Lady.",neutral,neutral,neutral,neutral
"00:27:18,000","00:27:21,000","Gezellig, of niet? Ja, leuk, hè?","Gezellig, of niet? Ja, leuk, hè?","Cozy, isn't it? Yeah, nice, huh?",happiness,joy,happiness,happiness
"00:27:23,000","00:27:24,000","Mooi. Ja, mooi, hè?","Mooi. Ja, mooi, hè?",Nice. Yes nice huh?,neutral,joy,happiness,happiness
"00:27:24,000","00:27:27,000",Heb je er wat aan? Wil je wat delen?,Heb je er wat aan? Wil je wat delen?,Does it help you? Would you like to share something?,neutral,curiosity,neutral,neutral
"00:27:27,000","00:27:29,000",Ik ben Sjongen van Broek. Echt?,Ik ben Steven van Broek. Echt?,My name is Steven van Broek. Real?,surprise,surprise,surprise,surprise
"00:27:29,000","00:27:31,000",Maar je hebt er zang en muziek aan.,Maar je hebt er zang en muziek aan.,But it involves singing and music.,neutral,joy,happiness,neutral
"00:27:31,000","00:27:33,000",Nederlandstalig en ik zing over mijn cultuur ook.,Nederlandstalig en ik zing over mijn cultuur ook.,Dutch-speaking and I also sing about my culture.,neutral,pride,happiness,neutral
"00:27:33,000","00:27:35,000","Woonwagenbewoner ben ik. O, wat leuk.","Woonwagenbewoner ben ik. O, wat leuk.","I am a caravan dweller. Oh, how nice.",happiness,surprise,surprise,surprise
"00:27:36,000","00:27:37,000",Daarom heb ik ook meegedaan.,Daarom heb ik ook meegedaan.,That's why I participated.,neutral,excitement,happiness,neutral
"00:27:38,000","00:27:40,000",Ik heb nog nooit een woonwagenbewoner gezien in dit huis.,Ik heb nog nooit een woonwagenbewoner gezien in dit huis.,I've never seen a trailer resident in this house.,surprise,surprise,surprise,surprise
"00:27:40,000","00:27:42,000","Nee, inderdaad, ja.","Nee, inderdaad, ja.","No, indeed, yes.",neutral,realization,surprise,neutral
"00:27:42,000","00:27:44,000",Ik wil eigenlijk een beetje norm en waarde.,Ik wil eigenlijk een beetje norm en waarde.,I actually want some standard and value.,neutral,desire,happiness,neutral
"00:27:44,000","00:27:46,000","Kijk, ik loop hier met schoenen binnen.","Kijk, ik loop hier met schoenen binnen.","Look, I walk in here wearing shoes.",neutral,neutral,neutral,neutral
"00:27:46,000","00:27:48,000",Dat is heel raar voor jou. Dat past bij mij niet.,Dat is heel raar voor jou. Dat past bij mij niet.,That's very strange for you. That doesn't suit me.,neutral,disapproval,disgust,disgust
"00:27:48,000","00:27:49,000","Ah, je bent zo free, man.","Ah, je bent zo free, man.","Ah, you're so free, man.",neutral,admiration,happiness,happiness
"00:27:49,000","00:27:52,000","Iedereen loopt met schoenen binnen, maar dat wil ik eigenlijk...","Iedereen loopt met schoenen binnen, maar dat wil ik eigenlijk...","Everyone walks in with shoes, but I actually want that...",neutral,desire,happiness,neutral
"00:27:52,000","00:27:54,000",Moet je eens kijken. Het is allemaal nieuw en het blijft mooi.,Moet je eens kijken. Het is allemaal nieuw en het blijft mooi.,Take a look. It's all new and it remains beautiful.,neutral,admiration,happiness,happiness
"00:27:54,000","00:27:56,000","Ik mag het thuis ook niet, hoor. Het gaat niet stinken.","Ik mag het thuis ook niet, hoor. Het gaat niet stinken.",I'm not allowed to do it at home either. It won't stink.,neutral,disapproval,disgust,neutral
"00:27:56,000","00:27:59,000",En ik woon gewoon op een normaal huisje zonder wielen.,En ik woon gewoon op een normaal huisje zonder wielen.,And I just live in a normal house without wheels.,neutral,neutral,neutral,neutral
"00:27:59,000","00:28:02,000",En ik mag thuis ook niet met mijn schoenen lopen.,En ik mag thuis ook niet met mijn schoenen lopen.,And I'm not allowed to wear my shoes at home either.,neutral,disapproval,disgust,neutral
"00:28:02,000","00:28:04,000","Ja, ik moet eigenlijk ook... Toen heb je gelijk.","Ja, ik moet eigenlijk ook... Toen heb je gelijk.","Yes, I actually should too... Then you're right.",neutral,realization,surprise,surprise
"00:57:44,000","00:57:47,000","Heb je een vriend? Nee, ik heb geen vriend.","Heb je een vriend? Nee, ik heb geen vriend.",Do you have a friend? No I do not have a friend.,neutral,neutral,neutral,neutral
"00:57:47,000","00:57:50,000","Wil je een single? Ja, ik ben al vier jaar single.","Wil je een single? Ja, ik ben al vier jaar single.","Do you want a single? Yes, I've been single for four years.",neutral,neutral,neutral,neutral
"00:57:50,000","00:57:52,000",Oh. Maar vind je dat...,Oh. Maar vind je dat...,Oh. But do you think that...,neutral,curiosity,neutral,neutral
"00:57:52,000","00:57:55,000","Bewust, niet bewust. Ik vind het goed dat het is.","Bewust, niet bewust. Ik vind het goed dat het is.","Consciously, not consciously. I think it's good that it is.",neutral,realization,surprise,neutral
"00:57:55,000","00:57:57,000",Je gaat er ook niet naar opzoeken? Nee.,Je gaat er ook niet naar opzoeken? Nee.,You're not going to look for it either? No.,neutral,neutral,neutral,neutral
"00:57:57,000","00:57:59,000","Er staat wel voor open, maar het is niet.","Er staat wel voor open, maar het is niet.","It is open to it, but it is not.",neutral,confusion,sadness,neutral
"00:57:59,000","00:58:02,000",Misschien is dat een oprecht om elkaar beter te herkennen.,Misschien is dat een oprecht om elkaar beter te herkennen.,Maybe that is a genuine way to recognize each other better.,neutral,optimism,happiness,neutral
"00:58:02,000","00:58:05,000","We gaan straks een quiz krijgen. Ja, oké.","We gaan straks een quiz krijgen. Ja, oké.","We're going to have a quiz later. Yes, okay.",neutral,excitement,happiness,neutral
"00:58:05,000","00:58:07,000",Jij eerst.,Jij eerst.,You go first.,neutral,neutral,neutral,neutral
"00:58:07,000","00:58:09,000","Jij bent Sonja. Sonja, 26 jaar.","Jij bent Sonja. Sonja, 26 jaar.","You are Sonja. Sonja, 26 years old.",neutral,neutral,neutral,neutral
"00:58:09,000","00:58:11,000",Van Antwerpen. Ja.,Van Antwerpen. Ja.,From Antwerp. Yes.,neutral,neutral,neutral,neutral
"00:58:11,000","00:58:14,000","Jij gaat niet naar KDG. Nee, ik ga naar AP.","Jij gaat niet naar KDG. Nee, ik ga naar AP.","You're not going to KDG. No, I'm going to AP.",neutral,neutral,neutral,neutral
"00:58:14,000","00:58:17,000",Ik studeer lager onderwijs. Mijn laatste jaar.,Ik studeer lager onderwijs. Mijn laatste jaar.,I study primary education. My senior year.,neutral,pride,happiness,neutral
"00:58:17,000","00:58:18,000",Laatste jaar? Ja.,Laatste jaar? Ja.,Last year? Yes.,neutral,neutral,neutral,neutral
"00:58:18,000","00:58:20,000","Jij bent mijn bijvrouw. Ja, ja.","Jij bent mijn bijvrouw. Ja, ja.",You are my concubine. Yes Yes.,neutral,amusement,happiness,neutral
"00:58:21,000","00:58:23,000",Ik ben benieuwd.,Ik ben benieuwd.,I'm curious.,neutral,curiosity,neutral,neutral
"00:58:41,000","00:58:43,000",Hij heeft sowieso mijn pin mee.,Hij heeft sowieso mijn pin mee.,He has my pin anyway.,neutral,neutral,neutral,neutral
"00:58:47,000","00:58:50,000","Let's go, let's go, let's go, let's go, let's go.","Let's go, let's go, let's go, let's go, let's go.","Let's go, let's go, let's go, let's go, let's go.",happiness,excitement,happiness,happiness
"00:58:52,000","00:58:53,000",Ja.,Ja.,And.,neutral,neutral,neutral,neutral
"00:58:55,000","00:58:56,000",Niet doen.,Niet doen.,Do not.,fear,disapproval,disgust,fear
"00:58:57,000","00:58:58,000",Ik ben de soulmate.,Ik ben de soulmate.,I am the soulmate.,neutral,joy,happiness,neutral
"00:59:11,000","00:59:12,000",Bro!,Bro!,Bro!,surprise,joy,happiness,surprise
"00:59:18,000","00:59:20,000",Ik hoop dat je er blij mee bent.,Ik hoop dat je er blij mee bent.,I hope you are happy with it.,happiness,caring,happiness,happiness
"00:59:21,000","00:59:23,000","Dank je, big brother.","Dank je, big brother.","Thank you, big brother.",happiness,gratitude,happiness,happiness
"00:59:27,000","00:59:28,000",Ah!,Ah!,Ah!,surprise,surprise,surprise,surprise
"00:59:28,000","00:59:31,000",Hij voelde het al kut. Hij kwam als enige met koffer.,Hij voelde het al kut. Hij kwam als enige met koffer.,He already felt bad. He was the only one who came with a suitcase.,sadness,sadness,sadness,sadness
"00:59:31,000","00:59:34,000",Dat voelde hij al kut. Nu heeft hij ook nog geen duo.,Dat voelde hij al kut. Nu heeft hij ook nog geen duo.,He already felt bad about that. Now he doesn't have a duo yet either.,sadness,sadness,sadness,sadness
"00:59:36,000","00:59:37,000",Dank je.,Dank je.,Thank you.,happiness,gratitude,happiness,happiness
"00:59:38,000","00:59:39,000",Dat is moet.,Dat is moet.,That's a must.,neutral,approval,happiness,neutral
"00:59:40,000","00:59:41,000",Dat is geen sleutel.,Dat is geen sleutel.,That's not a key.,neutral,disappointment,sadness,neutral
"00:59:47,000","00:59:49,000",Hallo.,Hallo.,Hallo.,neutral,neutral,neutral,neutral
"01:00:00,000","01:00:03,000","Ja, is ook zo. Maar ja, ik ben een mens-mens, dus iedereen is anders.","Ja, is ook zo. Maar ja, ik ben een mens-mens, dus iedereen is anders.","Yes, that is true. But hey, I'm a human being, so everyone is different.",neutral,realization,surprise,neutral
"01:00:03,000","01:00:05,000",Goed. Let's go.,Goed. Let's go.,Good. Let's go.,neutral,excitement,happiness,neutral
"01:00:05,000","01:00:07,000",Let's go. Even stil.,Let's go. Even stil.,Let's go. Even stil.,neutral,excitement,happiness,neutral
"01:00:07,000","01:00:09,000",Kitsune.,Kitsune.,Kitsune.,neutral,neutral,neutral,neutral
"01:00:10,000","01:00:12,000","Hype, hype.","Hype, hype.","Hype, hype.",happiness,excitement,happiness,happiness
"01:00:13,000","01:00:15,000",Slecht.,Slecht.,Bad.,neutral,disapproval,disgust,neutral
"01:00:19,000","01:00:21,000",Ja.,Ja.,And.,neutral,neutral,neutral,neutral
"01:00:23,000","01:00:25,000",Zie ze.,Zie ze.,See them.,neutral,neutral,neutral,neutral
"01:00:25,000","01:00:27,000",Ja.,Ja.,And.,neutral,neutral,neutral,neutral
"01:00:27,000","01:00:29,000",Ja.,Ja.,And.,neutral,neutral,neutral,neutral
"01:00:40,000","01:00:42,000",Die zit hier.,Die zit hier.,It's here.,neutral,realization,surprise,neutral
"01:00:42,000","01:00:44,000","Ja, die krijgt het wel, hè.","Ja, die krijgt het wel, hè.","Yeah, he'll get it, won't he?",neutral,optimism,happiness,happiness
"00:44:43,000","00:44:45,000",en hebben een andere taak van Big Brother gekregen.,en hebben een andere taak van Big Brother gekregen.,and have been given another task by Big Brother.,neutral,curiosity,neutral,neutral
"00:44:46,000","00:44:51,000","Ze hebben dus een totaal andere rol, maar wat dat nou precies inhoudt, dat gaan we zien.","Ze hebben dus een totaal andere rol, maar wat dat nou precies inhoudt, dat gaan we zien.","So they have a completely different role, but what that exactly entails, we'll see.",neutral,curiosity,neutral,neutral
"00:44:51,000","00:44:55,000","Ja, er moet weer gestreden worden voor 100.000 euro.","Ja, er moet weer gestreden worden voor 100.000 euro.","Yes, we have to fight for 100,000 euros again.",neutral,determination,neutral,neutral
"00:44:55,000","00:44:58,000",Want dat kan het bedrag zijn dat de winnaar van dit seizoen...,Want dat kan het bedrag zijn dat de winnaar van dit seizoen...,Because that could be the amount that this season's winner...,neutral,anticipation,happiness,happiness
"00:44:58,000","00:45:00,000",uiteindelijk mee naar huis kan nemen.,uiteindelijk mee naar huis kan nemen.,can eventually take home.,neutral,desire,happiness,neutral
"00:45:01,000","00:45:04,000","En ze zijn nu met z'n achten, maar er zijn nog vijf kandidaten...","En ze zijn nu met z'n achten, maar er zijn nog vijf kandidaten...","And there are now eight of them, but there are still five candidates...",neutral,anticipation,happiness,neutral
"00:45:04,000","00:45:07,000",die staan te trappelen om in het huis te komen.,die staan te trappelen om in het huis te komen.,who are eager to get into the house.,happiness,desire,happiness,happiness
"00:45:07,000","00:45:10,000","Randy, Ariana, Danny, Karen en Tom.","Randy, Ariana, Danny, Karen en Tom.","Randy, Ariana, Danny, Karen and Tom.",neutral,neutral,neutral,neutral
"00:45:10,000","00:45:12,000",Voor je staan twee koffers.,Voor je staan twee koffers.,There are two suitcases in front of you.,neutral,curiosity,neutral,neutral
"00:45:13,000","00:45:18,000","De ene zul je herkennen, de andere is een koffer van een van jouw medebewoners.","De ene zul je herkennen, de andere is een koffer van een van jouw medebewoners.","You will recognize one, the other is a suitcase from one of your fellow residents.",neutral,surprise,surprise,neutral
"00:45:18,000","00:45:19,000",Ik kies voor de mijne.,Ik kies voor de mijne.,I choose mine.,neutral,determination,neutral,neutral
"00:45:19,000","00:45:24,000","Als ik aan mezelf denk en hoe ik ben, dan zou ik voor mijn eigen koffer pakken.","Als ik aan mezelf denk en hoe ik ben, dan zou ik voor mijn eigen koffer pakken.","When I think about myself and how I am, I would pack my own suitcase.",neutral,confidence,happiness,neutral
"00:45:24,000","00:45:27,000","Sorry, hoor. Ik krijg gewoon echt een error. Ik weet het echt niet.","Sorry, hoor. Ik krijg gewoon echt een error. Ik weet het echt niet.",Excuse me. I just really get an error. I really do not know.,neutral,confusion,sadness,sadness
"00:45:27,000","00:45:31,000",Ik zal het spannend houden en de andere koffer nemen.,Ik zal het spannend houden en de andere koffer nemen.,I'll keep it exciting and take the other suitcase.,happiness,excitement,happiness,happiness
"00:45:31,000","00:45:34,000",Ik gun ook een ander zijn koffer.,Ik gun ook een ander zijn koffer.,I also give someone else's suitcase.,neutral,surprise,surprise,neutral
"00:45:34,000","00:45:37,000","Maar ja, ik wil toch het liefst mijn eigen koffer.","Maar ja, ik wil toch het liefst mijn eigen koffer.","But yes, I would prefer my own suitcase.",neutral,desire,happiness,neutral
"00:45:42,000","00:45:45,000",Het is zover. Tijd om ook deze vijf het huis in te sturen.,Het is zover. Tijd om ook deze vijf het huis in te sturen.,The time has come. Time to send these five into the house as well.,neutral,anticipation,happiness,neutral
"00:45:45,000","00:45:48,000","En dan is het huis compleet. Althans, voor nu.","En dan is het huis compleet. Althans, voor nu.","And then the house is complete. At least, for now.",neutral,satisfaction,happiness,happiness
"00:45:48,000","00:45:52,000",En dus kan Big Brother direct beginnen aan zijn nieuwste experiment.,En dus kan Big Brother direct beginnen aan zijn nieuwste experiment.,And so Big Brother can immediately begin his latest experiment.,neutral,curiosity,neutral,neutral
"00:45:52,000","00:45:55,000",Wat is Big Brother allemaal van plan? Welke geheimen gaat hij onthullen?,Wat is Big Brother allemaal van plan? Welke geheimen gaat hij onthullen?,What is Big Brother up to? What secrets will he reveal?,surprise,curiosity,neutral,surprise
"00:45:55,000","00:46:00,000","En vooral ook, welke niet? Dat gaat nu duidelijk worden.","En vooral ook, welke niet? Dat gaat nu duidelijk worden.","And above all, which ones aren't? That will now become clear.",surprise,curiosity,neutral,surprise
"00:46:01,000","00:46:05,000","Bewoners, dit jaar spelen jullie in duo.","Bewoners, dit jaar spelen jullie in duo.","Residents, this year you will be playing in duo.",neutral,surprise,surprise,neutral
"00:46:05,000","00:46:09,000","En met wie je een duo vormt, dat heb ik bepaald.","En met wie je een duo vormt, dat heb ik bepaald.",And I have determined who you form a duo with.,neutral,surprise,surprise,neutral
"00:46:12,000","00:46:16,000",Zometeen komt er een bewoner door de draaideur.,Zometeen komt er een bewoner door de draaideur.,In a moment a resident will come through the revolving door.,neutral,anticipation,happiness,surprise
"00:46:18,000","00:46:22,000",Als deze een pin draagt met dezelfde kleur als die van jou...,Als deze een pin draagt met dezelfde kleur als die van jou...,If it wears a pin with the same color as yours...,neutral,curiosity,neutral,neutral
"00:46:23,000","00:46:24,000",Een roze-cinelet.,Een roze zonnebril.,Pink sunglasses.,neutral,neutral,neutral,neutral
"00:46:24,000","00:46:26,000",...dan is dat je duo-lid.,...dan is dat je duo-lid.,...then that is your duo member.,neutral,realization,surprise,neutral
"00:46:26,000","00:46:27,000","Oh, my God.","Oh, my God.","Oh, my God.",surprise,surprise,surprise,surprise
"00:46:27,000","00:46:29,000","Waar komt er nu iemand? Nee, toch?","Waar komt er nu iemand? Nee, toch?",Where does anyone come now? Oh no?,surprise,fear,fear,surprise
"00:46:29,000","00:46:31,000","Ja, ja, ja. Hoezo? Gaat-ie dan?","Ja, ja, ja. Hoezo? Gaat-ie dan?",Yes Yes Yes. How so? Is he okay then?,fear,confusion,sadness,surprise
"00:46:31,000","00:46:33,000","Ja, ja, ja. Holy shit.","Ja, ja, ja. Holy shit.",And and and. Holy shit.,fear,surprise,surprise,surprise
"00:46:35,000","00:46:38,000",Ik denk... Wie wordt het? Zeg het. Ik denk...,Ik denk... Wie wordt het? Zeg het. Ik denk...,I think... Who will it be? Say it. I think...,fear,anticipation,happiness,fear
"00:46:39,000","00:46:41,000",Ik denk oranje. Ik denk blauw.,Ik denk oranje. Ik denk blauw.,I think orange. I think blue.,neutral,anticipation,happiness,neutral
"00:46:41,000","00:46:42,000","Ik denk een man, ja.","Ik denk een man, ja.","I think a man, yes.",neutral,anticipation,happiness,neutral
"00:46:42,000","00:46:43,000",Yo.,Yo.,Yo.,neutral,neutral,neutral,neutral
"00:46:51,000","00:46:52,000",Randy en Lainie.,Randy en Leila.,Randy not Leila.,neutral,disappointment,sadness,neutral
"00:46:52,000","00:46:54,000","Hi, Lainie. Toffer.","Hi, Lainie. Toffer.","Hi, Lainie. Toffer.",neutral,joy,happiness,neutral
"00:46:54,000","00:46:56,000",Jullie vormen het gele duo.,Jullie vormen het gele duo.,You form the yellow duo.,neutral,realization,surprise,neutral
"00:46:56,000","00:46:57,000",Top. Mooi.,Top. Mooi.,Top. Nice.,happiness,joy,happiness,happiness
"00:46:57,000","00:47:02,000",Jullie gaan naar de cocoonruimte. Dat is de groene ruimte.,Jullie gaan naar de cocoonruimte. Dat is de groene ruimte.,You go to the cocoon room. That is the green space.,neutral,neutral,neutral,neutral
"00:47:02,000","00:47:04,000",En jullie leren elkaar daar beter kennen.,En jullie leren elkaar daar beter kennen.,And you get to know each other better there.,neutral,anticipation,happiness,neutral
"00:47:04,000","00:47:06,000",De barbie room. Hij heeft wel koffer.,De barbie room. Hij heeft wel een koffer.,The barbie room. He does have a suitcase.,neutral,surprise,surprise,neutral
"00:47:06,000","00:47:07,000",Ja. Hebben jullie geen koffer?,Ja. Hebben jullie geen koffer?,Yes. Don't you have a suitcase?,neutral,confusion,sadness,neutral
