Start Time,End Time,Sentence,Corrected Sentence,Translation,Emotion,Intensity
"00:00:00,000","00:00:25,000","This is Nicaragua, where these 16 New Zealanders are about to begin the adventure of a lifetime.","This is Nicaragua, where these 16 New Zealanders are about to begin the adventure of a lifetime.","This is Nicaragua, where these 16 New Zealanders are about to begin the adventure of a lifetime.",happiness,moderate
"00:00:26,000","00:00:30,000",I know nothing about Nicaragua. I had no idea where it was.,I know nothing about Nicaragua. I had no idea where it was.,I know nothing about Nicaragua. I had no idea where it was.,surprise,mild
"00:00:30,000","00:00:33,000",I actually didn't know where South America or North America was.,I actually didn't know where South America or North America was.,I actually didn't know where South America or North America was.,surprise,mild
"00:00:33,000","00:00:38,000","So I guess it's a massive shock, because I'm from a little, small town.","So I guess it's a massive shock, because I'm from a little, small town.","So I guess it's a massive shock, because I'm from a little, small town.",surprise,moderate
"00:00:40,000","00:00:43,000","It is the biggest country in Central America,","It is the biggest country in Central America,","It is the biggest country in Central America,",neutral,neutral
"00:00:43,000","00:00:47,000",with a rich history coloured with conflict...,with a rich history coloured with conflict...,with a rich history coloured with conflict...,neutral,neutral
"00:00:48,000","00:00:50,000",and revolution.,and revolution.,and revolution.,neutral,neutral
"00:00:51,000","00:00:59,000",Which is why it's fitting our fresh-faced Kiwi survivors should face their own battle right here.,Which is why it's fitting our fresh-faced Kiwi survivors should face their own battle right here.,Which is why it's fitting our fresh-faced Kiwi survivors should face their own battle right here.,happiness,mild
"00:00:59,000","00:01:01,000",This is my game. This is my passion.,This is my game. This is my passion.,This is my game. This is my passion.,happiness,intense
"00:01:01,000","00:01:04,000","I know how to mess with people, but I also know how to get them to trust me.","I know how to mess with people, but I also know how to get them to trust me.","I know how to mess with people, but I also know how to get them to trust me.",happiness,moderate
"00:01:04,000","00:01:08,000",And I'm funny. I'm charming. I've got it all.,And I'm funny. I'm charming. I've got it all.,And I'm funny. I'm charming. I've got it all.,happiness,intense
"00:01:09,000","00:01:15,000","Staged in the lush, tropical jungle, filled with diverse and dangerous wildlife...","Staged in the lush, tropical jungle, filled with diverse and dangerous wildlife...","Staged in the lush, tropical jungle, filled with diverse and dangerous wildlife...",surprise,mild
"00:01:15,000","00:01:19,000","Yes, there are jaguars, snakes, scorpions, and big ugly spiders.","Yes, there are jaguars, snakes, scorpions, and big ugly spiders.","Yes, there are jaguars, snakes, scorpions, and big ugly spiders.",fear,moderate
"00:01:19,000","00:01:22,000","They are out there, but they've always been out there.","They are out there, but they've always been out there.","They are out there, but they've always been out there.",neutral,neutral
"00:01:22,000","00:01:27,000",It's not like every day a Kiwi wakes up and looks outside and sees a jaguar or a tarantula.,It's not like every day a Kiwi wakes up and looks outside and sees a jaguar or a tarantula.,It's not like every day a Kiwi wakes up and looks outside and sees a jaguar or a tarantula.,happiness,mild
"00:01:27,000","00:01:31,000","And I'll take on any gang member, but I won't take on a spider.","And I'll take on any gang member, but I won't take on a spider.","And I'll take on any gang member, but I won't take on a spider.",fear,moderate
"00:01:31,000","00:01:37,000",Just how will New Zealanders cope competing in the world's toughest game?,Just how will New Zealanders cope competing in the world's toughest game?,Just how will New Zealanders cope competing in the world's toughest game?,surprise,moderate
"00:01:39,000","00:01:43,000","8,000 people applied, and the Kiwi survived.","8,000 people applied, and the Kiwi survived.","8,000 people applied, and the Kiwi survived.",happiness,moderate
"00:01:52,000","00:01:54,000",Yahoo!,Yahoo!,Yahoo!,happiness,intense
"00:02:44,000","00:02:48,000","The following footage is from our vault of classics, taken ten years ago.","The following footage is from our vault of classics, taken ten years ago.","The following footage is from our vault of classics, taken ten years ago.",neutral,neutral
"00:02:48,000","00:02:52,000",Those ages 30 and over should take into consideration when watching this video.,Those ages 30 and over should take into consideration when watching this video.,Those ages 30 and over should take into consideration when watching this video.,neutral,neutral
"00:03:14,000","00:03:16,000","Come on over, guys!","Come on over, guys!","Come on over, guys!",happiness,moderate
"00:03:16,000","00:03:21,000",I am so excited. Just standing on this beach is unreal.,I am so excited. Just standing on this beach is unreal.,I am so excited. Just standing on this beach is unreal.,happiness,intense
"00:03:21,000","00:03:25,000",I have to keep pinching myself and reminding myself where I am.,I have to keep pinching myself and reminding myself where I am.,I have to keep pinching myself and reminding myself where I am.,happiness,moderate
"00:03:25,000","00:03:28,000","It's just, like, an absolute dream to me.","It's just, like, an absolute dream to me.","It's just, like, an absolute dream to me.",happiness,intense
"00:03:28,000","00:03:33,000","Welcome to Nukaragua, and New Zealand's first ever Survivor.","Welcome to Nukaragua, and New Zealand's first ever Survivor.","Welcome to Nukaragua, and New Zealand's first ever Survivor.",happiness,intense
"00:03:36,000","00:03:40,000","In this first season, 16 of you will be competing against one another","In this first season, 16 of you will be competing against one another","In this first season, 16 of you will be competing against one another",happiness,moderate
"00:03:40,000","00:03:45,000","to see who can outwit, outlast, and outplay the rest,","to see who can outwit, outlast, and outplay the rest,","to see who can outwit, outlast, and outplay the rest,",happiness,moderate
"00:03:45,000","00:03:49,000","and take away $100,000.","and take away $100,000.","and take away $100,000.",happiness,intense
"00:03:50,000","00:03:54,000",I dream of being in a tribal council. I dream of being on the sand.,I dream of being in a tribal council. I dream of being on the sand.,I dream of being in a tribal council. I dream of being on the sand.,happiness,intense
"00:03:54,000","00:03:58,000","I dream of being in the water. Like, this is incredible.","I dream of being in the water. Like, this is incredible.","I dream of being in the water. Like, this is incredible.",happiness,intense
"00:04:00,000","00:04:04,000","Any of you more than happy to be labelled the villain,","Any of you more than happy to be labelled the villain,","Any of you more than happy to be labelled the villain,",surprise,moderate
"00:04:04,000","00:04:08,000",if it means winning this game?,if it means winning this game?,if it means winning this game?,surprise,moderate
"00:04:10,000","00:04:12,000",D?,D?,D?,neutral,neutral
"00:04:12,000","00:04:14,000",D?,D?,D?,neutral,neutral
"00:04:14,000","00:04:16,000",D?,D?,D?,neutral,neutral
"00:04:16,000","00:04:18,000",D?,D?,D?,neutral,neutral
"00:04:19,000","00:04:19,000",D?,D?,D?,neutral,neutral
"00:04:19,000","00:04:20,000",I'm in.,I'm in.,I'm in.,happiness,moderate
"00:04:20,000","00:04:22,000",I'm surprised by your answer.,I'm surprised by your answer.,I'm surprised by your answer.,surprise,mild
"00:04:22,000","00:04:25,000","I think that, generally, I'm gonna be labelled the villain,","I think that, generally, I'm gonna be labelled the villain,","I think that, generally, I'm gonna be labelled the villain,",neutral,neutral
"00:04:25,000","00:04:28,000","just for the way that I look, so I might as well accept that.","just for the way that I look, so I might as well accept that.","just for the way that I look, so I might as well accept that.",neutral,neutral
"00:04:28,000","00:04:34,000","And if it means winning the game, why wouldn't you do whatever it takes?","And if it means winning the game, why wouldn't you do whatever it takes?","And if it means winning the game, why wouldn't you do whatever it takes?",happiness,moderate
"00:04:35,000","00:04:39,000","Michael, do you think D's already looking like the villain?","Michael, do you think D's already looking like the villain?","Michael, do you think D's already looking like the villain?",surprise,mild
"00:04:39,000","00:04:43,000",You never know. Looks can be deceiving.,You never know. Looks can be deceiving.,You never know. Looks can be deceiving.,neutral,neutral
"00:04:43,000","00:04:46,000",Any of you guys think you've got game when it comes to the physical challenges?,Any of you guys think you've got game when it comes to the physical challenges?,Any of you guys think you've got game when it comes to the physical challenges?,surprise,moderate
"00:04:46,000","00:04:47,000",Nathan?,Nathan?,Nathan?,neutral,neutral
"00:04:47,000","00:04:50,000","Maybe a few years ago, but I'm an old man now.","Maybe a few years ago, but I'm an old man now.","Maybe a few years ago, but I'm an old man now.",neutral,neutral
"00:04:50,000","00:04:54,000",Who thinks they can put food on the table?,Who thinks they can put food on the table?,Who thinks they can put food on the table?,surprise,mild
"00:04:54,000","00:04:56,000","Tony, how you gonna do that?","Tony, how you gonna do that?","Tony, how you gonna do that?",surprise,moderate
"00:04:56,000","00:04:59,000","Well, there's a lot of stuff that creeps around out there in the bush.","Well, there's a lot of stuff that creeps around out there in the bush.","Well, there's a lot of stuff that creeps around out there in the bush.",neutral,neutral
"00:04:59,000","00:05:02,000",I'm sure I can come up with something that's edible.,I'm sure I can come up with something that's edible.,I'm sure I can come up with something that's edible.,happiness,mild
"00:05:02,000","00:05:05,000",The things they teach you as a soldier is attention to detail.,The things they teach you as a soldier is attention to detail.,The things they teach you as a soldier is attention to detail.,happiness,mild
"00:05:05,000","00:05:07,000",I'm also a former unit tracker.,I'm also a former unit tracker.,I'm also a former unit tracker.,happiness,mild
"00:05:07,000","00:05:09,000",I can track a human through the bush.,I can track a human through the bush.,I can track a human through the bush.,happiness,moderate
"00:05:12,000","00:05:15,000","I mean, this environment, yes, it's hot. It's horrible.","I mean, this environment, yes, it's hot. It's horrible.","I mean, this environment, yes, it's hot. It's horrible.",anger,moderate
"00:05:15,000","00:05:17,000","Hey, guess what? There's a survivor.","Hey, guess what? There's a survivor.","Hey, guess what? There's a survivor.",surprise,moderate
"00:05:17,000","00:05:20,000","All right, let's get into it. First things first.","All right, let's get into it. First things first.","All right, let's get into it. First things first.",happiness,moderate
"00:05:20,000","00:05:23,000","The teams, come forward and take your buff.","The teams, come forward and take your buff.","The teams, come forward and take your buff.",neutral,neutral
"00:05:23,000","00:05:26,000","Orange buffs, your mogaton.","Orange buffs, your mogaton.","Orange buffs, your mogaton.",neutral,neutral
"00:05:26,000","00:05:28,000",Sala.,Sala.,Sala.,neutral,neutral
"00:05:33,000","00:05:35,000",Woo-hoo!,Woo-hoo!,Woods!,neutral,neutral
"00:05:35,000","00:05:37,000",Anna.,Anna.,Anna.,neutral,neutral
"00:05:37,000","00:05:40,000",I am a plus-size model.,I am a plus-size model.,I am a plus-size model.,happiness,mild
"00:05:40,000","00:05:43,000",I play roller derby.,I play roller derby.,I play roller derby.,happiness,mild
"00:05:43,000","00:05:46,000",And I am a powerlifter.,And I am a powerlifter.,And I am a powerlifter.,happiness,mild
"00:05:46,000","00:05:48,000",Abi.,Abi.,Abi.,neutral,neutral
"00:05:50,000","00:05:52,000",Isabel.,Isabel.,Isabel.,neutral,neutral
"00:05:52,000","00:05:55,000",I'm here on Survivor because I can't resist a challenge.,I'm here on Survivor because I can't resist a challenge.,I'm here on Survivor because I can't resist a challenge.,happiness,moderate
"00:05:55,000","00:05:57,000","I love proving people wrong,","I love proving people wrong,","I love proving people wrong,",happiness,moderate
"00:05:57,000","00:05:59,000",and I just love it when people get surprised,and I just love it when people get surprised,and I just love it when people get surprised,happiness,moderate
"00:05:59,000","00:06:02,000","and they think I can't do something, and then I do it.","and they think I can't do something, and then I do it.","and they think I can't do something, and then I do it.",happiness,intense
"00:06:02,000","00:06:04,000",Tom.,Tom.,Tom.,neutral,neutral
"00:06:07,000","00:06:09,000","Gosh, my heart's racing.","Gosh, my heart's racing.","Gosh, my heart's racing.",fear,intense
"00:06:09,000","00:06:11,000",Shaina.,Shaina.,Shaina.,neutral,neutral
"00:06:13,000","00:06:15,000",Anthony.,Anthony.,Anthony.,neutral,neutral
"00:06:16,000","00:06:18,000",Anthony.,Anthony.,Anthony.,neutral,neutral
"00:06:20,000","00:06:24,000","And last but probably not least, Louisa.","And last but probably not least, Louisa.","And last but probably not least, Louisa.",neutral,neutral
"00:06:26,000","00:06:28,000",Thanks. Cheers.,Thanks. Cheers.,Thanks. Cheers.,happiness,mild
"00:06:28,000","00:06:30,000","Sala and Shaina, you're looking pretty stoked.","Sala and Shaina, you're looking pretty stoked.","Sala and Shaina, you're looking pretty stoked.",happiness,mild
"00:06:30,000","00:06:32,000",How are you feeling about your new tribe?,How are you feeling about your new tribe?,How are you feeling about your new tribe?,surprise,mild
"00:06:32,000","00:06:34,000","I've got my brother from another mother over here,","I've got my brother from another mother over here,","I've got my brother from another mother over here,",happiness,mild
"00:06:34,000","00:06:36,000",which I'm really happy about.,which I'm really happy about.,which I'm really happy about.,happiness,moderate
"00:06:36,000","00:06:38,000","Shay, when she walked over and she said, you know,","Shay, when she walked over and she said, you know,","Shay, when she walked over and she said, you know,",neutral,neutral
"00:06:38,000","00:06:40,000","brother from another mother,","brother from another mother,","brother from another mother,",neutral,neutral
"00:06:40,000","00:06:42,000",that saying worried me,that saying worried me,that saying worried me,fear,moderate
"00:06:42,000","00:06:46,000",because it felt like a strategic back-line alliance.,because it felt like a strategic back-line alliance.,because it felt like a strategic back-line alliance.,surprise,mild
"00:06:46,000","00:06:48,000","Your mogaton tribe,","Your mogaton tribe,","Your mogaton tribe,",neutral,neutral
"00:06:48,000","00:06:51,000",named after Ngaragua's highest mountain.,named after Ngaragua's highest mountain.,named after Ngaragua's highest mountain.,neutral,neutral
"00:06:51,000","00:06:54,000","It'll be interesting to see if you can live up to your mighty name,","It'll be interesting to see if you can live up to your mighty name,","It'll be interesting to see if you can live up to your mighty name,",surprise,mild
"00:06:54,000","00:06:56,000",which means purple buffs for you other guys.,which means purple buffs for you other guys.,which means purple buffs for you other guys.,neutral,neutral
"00:06:56,000","00:06:58,000",Barb.,Barb.,Barb.,neutral,neutral
"00:06:58,000","00:07:00,000",Yes! I look good in blue.,Yes! I look good in blue.,Yes! I look good in blue.,happiness,moderate
"00:07:00,000","00:07:02,000","That's purple, isn't it, Barb?","That's purple, isn't it, Barb?","That's purple, isn't it, Barb?",surprise,mild
"00:07:02,000","00:07:04,000","No, but it's a cool colour.","No, but it's a cool colour.","No, but it's a cool colour.",happiness,mild
"00:07:04,000","00:07:06,000",OK. Georgia.,OK. Georgia.,OK. Georgia.,neutral,neutral
"00:07:06,000","00:07:08,000","I don't know why I had this feeling,","I don't know why I had this feeling,","I don't know why I had this feeling,",surprise,moderate
"00:07:08,000","00:07:10,000",but I didn't want to be in that first team.,but I didn't want to be in that first team.,but I didn't want to be in that first team.,sadness,mild
"00:07:10,000","00:07:12,000",I was actually stoked.,I was actually stoked.,I was actually stoked.,happiness,intense
"00:07:12,000","00:07:14,000","When I looked around, saw the members,","When I looked around, saw the members,","When I looked around, saw the members,",surprise,mild
"00:07:14,000","00:07:16,000",I was super happy.,I was super happy.,I was super happy.,happiness,intense
"00:07:16,000","00:07:18,000",Made it.,Made it.,Made it.,happiness,moderate
"00:07:18,000","00:07:20,000",Nathan.,Nathan.,Nathan.,neutral,neutral
"00:07:22,000","00:07:24,000","and even that ride-in on the truck,","and even that ride-in on the truck,","and even that ride-in on the truck,",neutral,neutral
"00:07:24,000","00:07:26,000",you tend to make a bit of a quick connection.,you tend to make a bit of a quick connection.,you tend to make a bit of a quick connection.,surprise,mild
"00:07:26,000","00:07:29,000",Most of the people that I had formed some kind of connection with,Most of the people that I had formed some kind of connection with,Most of the people that I had formed some kind of connection with,happiness,mild
"00:07:29,000","00:07:31,000","were on the other side, so I was pretty gutted.","were on the other side, so I was pretty gutted.","were on the other side, so I was pretty gutted.",sadness,moderate
"00:07:31,000","00:07:33,000",Jack.,Jack.,Jack.,neutral,neutral
"00:07:33,000","00:07:35,000","Cheers, brother. Good, mate.","Cheers, brother. Good, mate.","Cheers, brother. Good, mate.",happiness,mild
"00:07:35,000","00:07:37,000",Shannon.,Shannon.,Shannon.,neutral,neutral
"00:07:37,000","00:07:39,000",Lee.,Lee.,Lee.,neutral,neutral
"00:07:40,000","00:07:42,000",Cheers.,Cheers.,Cheers.,happiness,mild
"00:07:42,000","00:07:44,000",Michael.,Michael.,Michael.,neutral,neutral
"00:07:45,000","00:07:47,000","Cheers, mate.","Cheers, mate.","Cheers, mate.",happiness,mild
"00:07:47,000","00:07:49,000","And, of course, Dee.","And, of course, Dee.","And, of course, Dee.",neutral,neutral
"00:07:51,000","00:07:53,000",Thank you very much. You're welcome.,Thank you very much. You're welcome.,Thank you very much. You're welcome.,happiness,mild
"00:07:54,000","00:07:56,000",Mmm!,Mmm!,Mmm!,neutral,neutral
"00:07:56,000","00:07:58,000","Yeah, guys!","Yeah, guys!","Yeah, guys!",happiness,moderate
"00:07:58,000","00:08:00,000","Purple tribe, Yohamosa,","Purple tribe, Yohamosa,","Purple tribe, Yohamosa,",neutral,neutral
"00:08:00,000","00:08:02,000",named after the bay right here,named after the bay right here,named after the bay right here,neutral,neutral
"00:08:02,000","00:08:04,000",and also Spanish for beautiful.,and also Spanish for beautiful.,and also Spanish for beautiful.,happiness,mild
"00:08:04,000","00:08:06,000",Oh! Barb.,Oh! Barb.,Oh! Barb.,surprise,mild
"00:08:06,000","00:08:08,000","A tribe name perfectly suited to you, I think.","A tribe name perfectly suited to you, I think.","A tribe name perfectly suited to you, I think.",happiness,mild
"00:08:08,000","00:08:10,000",I think it's perfectly an apt name.,I think it's perfectly an apt name.,I think it's perfectly an apt name.,happiness,mild
"00:08:12,000","00:08:14,000","Michael, what are you making?","Michael, what are you making?","Michael, what are you making?",surprise,mild
"00:08:14,000","00:08:16,000",Are you new tribe mates?,Are you new tribe mates?,Are you new tribe mates?,surprise,mild
"00:08:16,000","00:08:18,000","Yeah, I'm really happy with what I got.","Yeah, I'm really happy with what I got.","Yeah, I'm really happy with what I got.",happiness,moderate
"00:08:18,000","00:08:20,000",It looks like we've got a pretty competitive team.,It looks like we've got a pretty competitive team.,It looks like we've got a pretty competitive team.,happiness,moderate
"00:08:20,000","00:08:22,000","So when I look around at the other tribes,","So when I look around at the other tribes,","So when I look around at the other tribes,",surprise,mild
"00:08:22,000","00:08:24,000","as Matt's called them out,","as Matt's called them out,","as Matt's called them out,",neutral,neutral
"00:08:24,000","00:08:26,000","I see that Mike and Lee and Jack and Nathan,","I see that Mike and Lee and Jack and Nathan,","I see that Mike and Lee and Jack and Nathan,",neutral,neutral
"00:08:26,000","00:08:30,000","you know, the people who I had made a quick and easy bond with,","you know, the people who I had made a quick and easy bond with,","you know, the people who I had made a quick and easy bond with,",happiness,mild
"00:08:30,000","00:08:32,000","are on the other side,","are on the other side,","are on the other side,",sadness,mild
"00:08:32,000","00:08:34,000",and I feel like I don't know these people.,and I feel like I don't know these people.,and I feel like I don't know these people.,surprise,moderate
"00:08:34,000","00:08:36,000",Soak up the atmosphere,Soak up the atmosphere,Soak up the atmosphere,happiness,mild
"00:08:36,000","00:08:38,000","and enjoy being part of the team, guys,","and enjoy being part of the team, guys,","and enjoy being part of the team, guys,",happiness,mild
"00:08:38,000","00:08:40,000","because by the end of the day,","because by the end of the day,","because by the end of the day,",neutral,neutral
"00:08:40,000","00:08:43,000",two of you will no longer be in these tribes.,two of you will no longer be in these tribes.,two of you will no longer be in these tribes.,fear,moderate
"00:08:45,000","00:08:47,000",That's right.,That's right.,That's right.,neutral,neutral
"00:08:47,000","00:08:50,000","One person from Mogaton, one from Yohamosa,","One person from Mogaton, one from Yohamosa,","One person from Mogaton, one from Yohamosa,",neutral,neutral
"00:08:53,000","00:08:55,000",Gone.,Gone.,Gone.,sadness,mild
"00:08:55,000","00:08:57,000",Just like that.,Just like that.,Just like that.,surprise,mild
"00:09:02,000","00:09:04,000",Why so worried?,Why so worried?,Why so worried?,surprise,mild
"00:09:04,000","00:09:06,000","That sucks! It's day one,","That sucks! It's day one,","That sucks! It's day one,",sadness,intense
"00:09:06,000","00:09:08,000",and already we've got to vote someone out.,and already we've got to vote someone out.,and already we've got to vote someone out.,sadness,moderate
"00:09:08,000","00:09:10,000",That's so stink.,That's so stink.,That's so stink.,anger,moderate
"00:09:10,000","00:09:12,000","We're not even on the ground,","We're not even on the ground,","We're not even on the ground,",neutral,neutral
"00:09:12,000","00:09:14,000","and bang, someone's going home.","and bang, someone's going home.","and bang, someone's going home.",surprise,moderate
"00:09:14,000","00:09:16,000","Ah, unfair.","Ah, unfair.","Ah, unfair.",anger,moderate
"00:09:16,000","00:09:18,000","Someone has to go home,","Someone has to go home,","Someone has to go home,",sadness,mild
"00:09:18,000","00:09:20,000",and they haven't even been given a chance,and they haven't even been given a chance,and they haven't even been given a chance,sadness,moderate
"00:09:20,000","00:09:22,000",to put their best foot forward.,to put their best foot forward.,to put their best foot forward.,sadness,mild
"00:09:22,000","00:09:24,000",You guys know you're here to play a game?,You guys know you're here to play a game?,You guys know you're here to play a game?,surprise,mild
"00:09:24,000","00:09:26,000",It's a harsh game for day one.,It's a harsh game for day one.,It's a harsh game for day one.,anger,moderate
"00:09:26,000","00:09:28,000",It's a harsh game from day one.,It's a harsh game from day one.,It's a harsh game from day one.,anger,moderate
"00:09:28,000","00:09:31,000",I reckon you guys have got it pretty well worked out already.,I reckon you guys have got it pretty well worked out already.,I reckon you guys have got it pretty well worked out already.,happiness,mild
"00:09:31,000","00:09:33,000",We're not getting into this competition either.,We're not getting into this competition either.,We're not getting into this competition either.,sadness,moderate
"00:09:33,000","00:09:37,000",We're kicking things off with a challenge right now.,We're kicking things off with a challenge right now.,We're kicking things off with a challenge right now.,happiness,moderate
"00:09:38,000","00:09:40,000",Of course we are.,Of course we are.,Of course we are.,neutral,neutral
"00:09:40,000","00:09:42,000",Georgia's feeling pretty good about that.,Georgia's feeling pretty good about that.,Georgia's feeling pretty good about that.,happiness,mild
"00:09:44,000","00:09:46,000",I'm going to give you two minutes,I'm going to give you two minutes,I'm going to give you two minutes,neutral,neutral
"00:09:46,000","00:09:49,000",to clean everything off this boat you can.,to clean everything off this boat you can.,to clean everything off this boat you can.,neutral,neutral
"00:09:49,000","00:09:53,000",Whatever you have on your tribe mat at the finish,Whatever you have on your tribe mat at the finish,Whatever you have on your tribe mat at the finish,neutral,neutral
"00:09:53,000","00:09:55,000",is yours to keep.,is yours to keep.,is yours to keep.,neutral,neutral
"00:09:55,000","00:09:57,000","Come on, guys.","Come on, guys.","Come on, guys.",neutral,neutral
"00:09:57,000","00:09:59,000",It's knives.,It's knives.,It's knives.,neutral,neutral
"00:10:00,000","00:10:05,000",The large sack of rice and flint is locked in the chest in the middle of the boat.,The large sack of rice and flint is locked in the chest in the middle of the boat.,The large sack of rice and flint is locked in the chest in the middle of the boat.,neutral,neutral
"00:10:05,000","00:10:12,000","But, before you get to that, you're going to have to find a key buried under one of these coloured rocks.","But, before you get to that, you're going to have to find a key buried under one of these coloured rocks.","But, before you get to that, you're going to have to find a key buried under one of these coloured rocks.",surprise,mild
"00:10:12,000","00:10:17,000",I have made a fire before without flint. It takes a lot of time and a lot of perseverance.,I have made a fire before without flint. It takes a lot of time and a lot of perseverance.,I have made a fire before without flint. It takes a lot of time and a lot of perseverance.,happiness,mild
"00:10:17,000","00:10:22,000",Survivors ready? Your time starts now. Go!,Survivors ready? Your time starts now. Go!,Survivors ready? Your time starts now. Go!,happiness,intense
"00:10:22,000","00:10:25,000",This challenge is on!,This challenge is on!,This challenge is on!,happiness,intense
"00:10:26,000","00:10:32,000","A bit of strategy already at play here. Both teams going for the key, both teams going for the loot.","A bit of strategy already at play here. Both teams going for the key, both teams going for the loot.","A bit of strategy already at play here. Both teams going for the key, both teams going for the loot.",surprise,mild
"00:10:35,000","00:10:42,000",Tom is digging hard. No one's found the key. Just how important is that rice and that flint?,Tom is digging hard. No one's found the key. Just how important is that rice and that flint?,Tom is digging hard. No one's found the key. Just how important is that rice and that flint?,surprise,moderate
"00:10:42,000","00:10:48,000",Flint creates fire. Fire boils water.,Flint creates fire. Fire boils water.,Flint creates fire. Fire boils water.,surprise,mild
"00:10:48,000","00:10:53,000",Mogga and Tom are getting some good loot already. 90 seconds remaining.,Mogga and Tom are getting some good loot already. 90 seconds remaining.,Mogga and Tom are getting some good loot already. 90 seconds remaining.,happiness,moderate
"00:10:53,000","00:10:59,000","Both tribes working hard. No surprise, Barb's going for the vegetables.","Both tribes working hard. No surprise, Barb's going for the vegetables.","Both tribes working hard. No surprise, Barb's going for the vegetables.",neutral,neutral
"00:10:59,000","00:11:03,000",Zala losing some gravy. Arby's working hard.,Zala losing some gravy. Arby's working hard.,Zala losing some gravy. Arby's working hard.,neutral,neutral
"00:11:03,000","00:11:07,000",Looks like Mogga and Tom have got the front edge at this point.,Looks like Mogga and Tom have got the front edge at this point.,Looks like Mogga and Tom have got the front edge at this point.,happiness,mild
"00:11:07,000","00:11:12,000",Jack is working hard. Tom's still digging.,Jack is working hard. Tom's still digging.,Jack is working hard. Tom's still digging.,neutral,neutral
"00:11:12,000","00:11:17,000",Michael's digging. 30 seconds to go. Dig it in!,Michael's digging. 30 seconds to go. Dig it in!,Michael's digging. 30 seconds to go. Dig it in!,happiness,moderate
"00:11:17,000","00:11:22,000",You've got to start as you mean to go on.,You've got to start as you mean to go on.,You've got to start as you mean to go on.,neutral,neutral
"00:11:22,000","00:11:29,000","Isabel, she has got this game down. No one finds the key, no one gets the rice or that flint.","Isabel, she has got this game down. No one finds the key, no one gets the rice or that flint.","Isabel, she has got this game down. No one finds the key, no one gets the rice or that flint.",happiness,mild
"00:11:29,000","00:11:32,000","It's going to be a dry, hungry night.","It's going to be a dry, hungry night.","It's going to be a dry, hungry night.",sadness,moderate
"00:11:32,000","00:11:38,000","This is it, right here. Isabel testing the rules early in this game.","This is it, right here. Isabel testing the rules early in this game.","This is it, right here. Isabel testing the rules early in this game.",surprise,mild
"00:11:40,000","00:11:52,000","10, 9, 8, 7, 6, 5, 4, 3, 2, 1. Stop! Your time is over.","10, 9, 8, 7, 6, 5, 4, 3, 2, 1. Stop! Your time is over.","10, 9, 8, 7, 6, 5, 4, 3, 2, 1. Stop! Your time is over.",happiness,intense
"00:11:52,000","00:11:56,000","Oh, they're doing it again.","Oh, they're doing it again.","Oh, they're doing it again.",anger,mild
"00:11:56,000","00:12:01,000","Did somebody take that? Oh, great, we're that tribe.","Did somebody take that? Oh, great, we're that tribe.","Did somebody take that? Oh, great, we're that tribe.",anger,moderate
"00:12:01,000","00:12:06,000",It wasn't a nice feeling to see that the other team took most of our good stuff.,It wasn't a nice feeling to see that the other team took most of our good stuff.,It wasn't a nice feeling to see that the other team took most of our good stuff.,sadness,moderate
"00:12:06,000","00:12:11,000",We all got back to the mats and to see that we had hardly anything there.,We all got back to the mats and to see that we had hardly anything there.,We all got back to the mats and to see that we had hardly anything there.,sadness,moderate
"00:12:11,000","00:12:14,000",There was definitely a bit of a blow. They looked pretty smug.,There was definitely a bit of a blow. They looked pretty smug.,There was definitely a bit of a blow. They looked pretty smug.,anger,moderate
"00:12:14,000","00:12:18,000",You got it! Yeah!,You got it! Yeah!,You got it! Yeah!,happiness,intense
"00:12:18,000","00:12:20,000",They were ripping us off.,They were ripping us off.,They were ripping us off.,anger,moderate
"00:12:20,000","00:12:23,000",I actually saw Isabel come along and grab some stuff.,I actually saw Isabel come along and grab some stuff.,I actually saw Isabel come along and grab some stuff.,surprise,mild
"00:12:23,000","00:12:26,000",And I thought maybe they'd just got it on the wrong mat.,And I thought maybe they'd just got it on the wrong mat.,And I thought maybe they'd just got it on the wrong mat.,surprise,mild
"00:12:26,000","00:12:30,000",I cannot believe that I didn't react.,I cannot believe that I didn't react.,I cannot believe that I didn't react.,sadness,moderate
"00:12:30,000","00:12:34,000",They stole our back thing.,They stole our back thing.,They stole our back thing.,anger,moderate
"00:12:34,000","00:12:41,000","I didn't see what she was doing, but it sounded like she stole quite a lot from the other mat.","I didn't see what she was doing, but it sounded like she stole quite a lot from the other mat.","I didn't see what she was doing, but it sounded like she stole quite a lot from the other mat.",anger,moderate
"00:12:45,000","00:12:49,000",I feel a little bit bad for the other swans because they had nothing.,I feel a little bit bad for the other swans because they had nothing.,I feel a little bit bad for the other swans because they had nothing.,happiness,mild
"00:13:05,000","00:13:09,000","Ogaton, looking like the clear winners in this game.","Ogaton, looking like the clear winners in this game.","Ogaton, looking like the clear winners in this game.",happiness,mild
"00:13:09,000","00:13:10,000",Yeah.,Yeah.,Yeah.,neutral,neutral
"00:13:10,000","00:13:12,000","Tony, what was the game plan?","Tony, what was the game plan?","Tony, what was the game plan?",surprise,mild
"00:13:12,000","00:13:14,000","Everyone going hell for leather to get what they could get, eh?","Everyone going hell for leather to get what they could get, eh?","Everyone going hell for leather to get what they could get, eh?",happiness,moderate
"00:13:14,000","00:13:18,000",I could not believe when I looked down how much gear there was on that mat.,I could not believe when I looked down how much gear there was on that mat.,I could not believe when I looked down how much gear there was on that mat.,surprise,moderate
"00:13:18,000","00:13:24,000","I looked over the other tribe and I was going, oh, I know which tribe I'm going to be in.","I looked over the other tribe and I was going, oh, I know which tribe I'm going to be in.","I looked over the other tribe and I was going, oh, I know which tribe I'm going to be in.",surprise,mild
"00:13:24,000","00:13:30,000",And Isabel?,And Isabel?,And Isabel?,surprise,mild
"00:13:31,000","00:13:35,000",Playing the game early!,Playing the game early!,Playing the game early!,happiness,moderate
"00:13:35,000","00:13:39,000","Well, it's a strategy and this is a game and I did what I could.","Well, it's a strategy and this is a game and I did what I could.","Well, it's a strategy and this is a game and I did what I could.",happiness,mild
"00:13:39,000","00:13:41,000",I read between the lines.,I read between the lines.,I read between the lines.,surprise,mild
"00:13:41,000","00:13:44,000","I'm not a bitter person, but no, actually I'm a very bitter person.","I'm not a bitter person, but no, actually I'm a very bitter person.","I'm not a bitter person, but no, actually I'm a very bitter person.",sadness,moderate
"00:13:44,000","00:13:47,000",I'm not happy at all. I'm pretty pissed off.,I'm not happy at all. I'm pretty pissed off.,I'm not happy at all. I'm pretty pissed off.,anger,intense
"00:13:47,000","00:13:50,000",Maybe we should give them a knife. I'll give them a knife at the end.,Maybe we should give them a knife. I'll give them a knife at the end.,Maybe we should give them a knife. I'll give them a knife at the end.,happiness,mild
"00:13:50,000","00:13:52,000","Dee, is this how you wanted to start this game?","Dee, is this how you wanted to start this game?","Dee, is this how you wanted to start this game?",surprise,mild
"00:13:52,000","00:13:56,000",We're here to play survivor. I've got a pot. I'm good.,We're here to play survivor. I've got a pot. I'm good.,We're here to play survivor. I've got a pot. I'm good.,happiness,moderate
"00:13:56,000","00:14:00,000",At one point we'll get fire. You always end up with fire.,At one point we'll get fire. You always end up with fire.,At one point we'll get fire. You always end up with fire.,happiness,mild
"00:14:00,000","00:14:04,000",I've got a good team. I've got a squished melon. I'm all right.,I've got a good team. I've got a squished melon. I'm all right.,I've got a good team. I've got a squished melon. I'm all right.,happiness,mild
"00:14:04,000","00:14:08,000","All right, guys. Grab your loot. Set up camp for the first time.","All right, guys. Grab your loot. Set up camp for the first time.","All right, guys. Grab your loot. Set up camp for the first time.",happiness,mild
"00:14:08,000","00:14:12,000","Ogaton, you're going that way.","Ogaton, you're going that way.","Ogaton, you're going that way.",neutral,neutral
"00:14:12,000","00:14:15,000",Here's a map to your camp.,Here's a map to your camp.,Here's a map to your camp.,neutral,neutral
"00:14:15,000","00:14:16,000",That's camp loot.,That's camp loot.,That's camp loot.,neutral,neutral
"00:14:16,000","00:14:19,000","Mimosa, you're going that way.","Mimosa, you're going that way.","Mimosa, you're going that way.",neutral,neutral
"00:14:27,000","00:14:30,000",Can I just say one thing? I just want to...,Can I just say one thing? I just want to...,Can I just say one thing? I just want to...,fear,mild
"00:14:30,000","00:14:32,000",I feel bad if you don't have a knife.,I feel bad if you don't have a knife.,I feel bad if you don't have a knife.,happiness,mild
"00:14:32,000","00:14:33,000",What?,What?,What?,surprise,mild
"00:14:33,000","00:14:35,000",So I'll give you a knife.,So I'll give you a knife.,So I'll give you a knife.,happiness,mild
"00:14:35,000","00:14:37,000",Got one. Take it.,Got one. Take it.,Got one. Take it.,neutral,neutral
"00:14:37,000","00:14:40,000","No, no, no. Grab that knife, Jack.","No, no, no. Grab that knife, Jack.","No, no, no. Grab that knife, Jack.",neutral,neutral
"00:14:40,000","00:14:42,000",I don't want to take it.,I don't want to take it.,I don't want to take it.,anger,mild
"00:14:42,000","00:14:44,000","The whole principle is if you're going to steal,","The whole principle is if you're going to steal,","The whole principle is if you're going to steal,",anger,moderate
"00:14:44,000","00:14:49,000",then you've got to live with the consequences of looking like a bit of a villain.,then you've got to live with the consequences of looking like a bit of a villain.,then you've got to live with the consequences of looking like a bit of a villain.,anger,moderate
"00:14:49,000","00:14:51,000","Isabel, what was that about?","Isabel, what was that about?","Isabel, what was that about?",surprise,mild
"00:14:51,000","00:14:54,000","I think a knife is essential, and if you didn't have that,","I think a knife is essential, and if you didn't have that,","I think a knife is essential, and if you didn't have that,",happiness,mild
"00:14:54,000","00:14:57,000",I couldn't imagine going into the bush without one.,I couldn't imagine going into the bush without one.,I couldn't imagine going into the bush without one.,neutral,neutral
"00:14:57,000","00:15:00,000","Isabel, you're being nice right off the bat.","Isabel, you're being nice right off the bat.","Isabel, you're being nice right off the bat.",surprise,mild
"00:15:00,000","00:15:02,000",Yeah.,Yeah.,Yeah.,neutral,neutral
"00:15:02,000","00:15:04,000",I'm confused by your strategy.,I'm confused by your strategy.,I'm confused by your strategy.,surprise,moderate
"00:15:04,000","00:15:07,000","Well, I have morals, and I have a moral compass as well,","Well, I have morals, and I have a moral compass as well,","Well, I have morals, and I have a moral compass as well,",happiness,mild
"00:15:07,000","00:15:11,000","and so, you know, I feel bad for them as well.","and so, you know, I feel bad for them as well.","and so, you know, I feel bad for them as well.",happiness,mild
"00:15:11,000","00:15:15,000","It is a game at the end of the day, and it was just part of the strategy.","It is a game at the end of the day, and it was just part of the strategy.","It is a game at the end of the day, and it was just part of the strategy.",neutral,neutral
"00:15:25,000","00:15:27,000","Awesome, mate. There's our beach.","Awesome, mate. There's our beach.","Awesome, mate. There's our beach.",happiness,moderate
"00:15:27,000","00:15:29,000",This is wicked.,This is wicked.,This is wicked.,happiness,moderate
"00:15:29,000","00:15:32,000","Is that a point break over there, Tom?","Is that a point break over there, Tom?","Is that a point break over there, Tom?",surprise,mild
"00:15:32,000","00:15:34,000","Yeah, mate.","Yeah, mate.","Yeah, mate.",neutral,neutral
"00:15:36,000","00:15:39,000","This is our home for the next however long, guys.","This is our home for the next however long, guys.","This is our home for the next however long, guys.",happiness,mild
"00:15:39,000","00:15:43,000","Walking together, we were all really stoked, you know, for winning,","Walking together, we were all really stoked, you know, for winning,","Walking together, we were all really stoked, you know, for winning,",happiness,moderate
"00:15:43,000","00:15:46,000","and we're just carrying all our goods, and we're looking out in the ocean,","and we're just carrying all our goods, and we're looking out in the ocean,","and we're just carrying all our goods, and we're looking out in the ocean,",neutral,neutral
"00:15:46,000","00:15:49,000","and you see these pelicans, and you realise,","and you see these pelicans, and you realise,","and you see these pelicans, and you realise,",surprise,mild
"00:15:49,000","00:15:53,000","wow, we're not in South Auckland anymore.","wow, we're not in South Auckland anymore.","wow, we're not in South Auckland anymore.",surprise,mild
"00:15:53,000","00:15:55,000","Oh, yeah.","Oh, yeah.","Oh, yeah.",neutral,neutral
"00:15:55,000","00:15:57,000",Nice.,Nice.,Nice.,happiness,mild
"00:15:57,000","00:16:02,000","And as soon as we saw our flag, we knew, oh, this is home base.","And as soon as we saw our flag, we knew, oh, this is home base.","And as soon as we saw our flag, we knew, oh, this is home base.",surprise,moderate
"00:16:02,000","00:16:05,000","Yeah, it sunk in. We're here.","Yeah, it sunk in. We're here.","Yeah, it sunk in. We're here.",surprise,moderate
"00:16:05,000","00:16:07,000","One, two, three.","One, two, three.","One, two, three.",neutral,neutral
"00:16:07,000","00:16:09,000",Muggerton!,Muggerton!,Muggerton!,happiness,mild
"00:16:09,000","00:16:11,000",Woo-hoo!,Woo-hoo!,Woods!,happiness,mild
"00:16:11,000","00:16:14,000","We'll go over here in the shade, and we'll just get out of the asylum,","We'll go over here in the shade, and we'll just get out of the asylum,","We'll go over here in the shade, and we'll just get out of the asylum,",happiness,mild
"00:16:14,000","00:16:17,000","and we'll have a quick chat, and then we'll get into it.","and we'll have a quick chat, and then we'll get into it.","and we'll have a quick chat, and then we'll get into it.",neutral,neutral
"00:16:17,000","00:16:20,000",You can leave all your gear here.,You can leave all your gear here.,You can leave all your gear here.,neutral,neutral
"00:16:20,000","00:16:22,000","OK, guys, just a suggestion.","OK, guys, just a suggestion.","OK, guys, just a suggestion.",neutral,neutral
"00:16:22,000","00:16:25,000","I've got a bit of experience working in bush like this,","I've got a bit of experience working in bush like this,","I've got a bit of experience working in bush like this,",happiness,mild
"00:16:25,000","00:16:28,000","how to set up a camp, toilet, and all the rest of it, but we're a team,","how to set up a camp, toilet, and all the rest of it, but we're a team,","how to set up a camp, toilet, and all the rest of it, but we're a team,",happiness,mild
"00:16:28,000","00:16:30,000","and I think if we play together,","and I think if we play together,","and I think if we play together,",happiness,mild
"00:16:30,000","00:16:33,000","everybody's got input and a bit of a say on what goes on, eh?","everybody's got input and a bit of a say on what goes on, eh?","everybody's got input and a bit of a say on what goes on, eh?",happiness,mild
"00:16:33,000","00:16:35,000",Matua Tony?,Matua Tony?,Master Tony?,surprise,mild
"00:16:35,000","00:16:37,000","Yeah, man, he's the man, eh?","Yeah, man, he's the man, eh?","Yeah, man, he's the man, eh?",happiness,mild
"00:16:37,000","00:16:40,000","He's got a lot of experience, man, a lot of knowledge,","He's got a lot of experience, man, a lot of knowledge,","He's got a lot of experience, man, a lot of knowledge,",happiness,moderate
"00:16:40,000","00:16:42,000",and he's not shy to share it.,and he's not shy to share it.,and he's not shy to share it.,happiness,mild
"00:16:42,000","00:16:45,000","Just remember, when you're working around in this environment,","Just remember, when you're working around in this environment,","Just remember, when you're working around in this environment,",neutral,neutral
"00:16:45,000","00:16:48,000","although it may look open, every time you go to touch something,","although it may look open, every time you go to touch something,","although it may look open, every time you go to touch something,",neutral,neutral
"00:16:48,000","00:16:50,000","give it a bit of a kick, or find yourself a stick,","give it a bit of a kick, or find yourself a stick,","give it a bit of a kick, or find yourself a stick,",neutral,neutral
"00:16:50,000","00:16:52,000","and give it a bit of a shuffle,","and give it a bit of a shuffle,","and give it a bit of a shuffle,",neutral,neutral
"00:16:52,000","00:16:54,000","because there's always going to be something around,","because there's always going to be something around,","because there's always going to be something around,",fear,moderate
"00:16:54,000","00:16:56,000",and more so when it gets dark.,and more so when it gets dark.,and more so when it gets dark.,fear,mild
"00:16:56,000","00:16:58,000",I don't mind being a leader at all.,I don't mind being a leader at all.,I don't mind being a leader at all.,neutral,neutral
"00:16:58,000","00:17:00,000","I do have a considerable amount of experience,","I do have a considerable amount of experience,","I do have a considerable amount of experience,",happiness,mild
"00:17:01,000","00:17:03,000",They see me as valuable.,They see me as valuable.,They see me as valuable.,happiness,moderate
"00:17:03,000","00:17:05,000",That's part of my plan anyway.,That's part of my plan anyway.,That's part of my plan anyway.,neutral,neutral
"00:17:05,000","00:17:07,000",Make yourself valuable.,Make yourself valuable.,Make yourself valuable.,neutral,neutral
"00:17:07,000","00:17:09,000",Don't be just an extra body on the ground.,Don't be just an extra body on the ground.,Don't be just an extra body on the ground.,neutral,neutral
"00:17:09,000","00:17:11,000","If we can all just have a look around the general area,","If we can all just have a look around the general area,","If we can all just have a look around the general area,",neutral,neutral
"00:17:11,000","00:17:13,000","and we'll just bring it all in here,","and we'll just bring it all in here,","and we'll just bring it all in here,",neutral,neutral
"00:17:13,000","00:17:16,000","and then we'll see what we've got, and figure out what we're going to build, eh?","and then we'll see what we've got, and figure out what we're going to build, eh?","and then we'll see what we've got, and figure out what we're going to build, eh?",surprise,mild
"00:17:16,000","00:17:18,000","All right, go team!","All right, go team!","All right, go team!",happiness,moderate
"00:17:18,000","00:17:20,000",The first thing that I noticed about the tribe members,The first thing that I noticed about the tribe members,The first thing that I noticed about the tribe members,surprise,mild
"00:17:20,000","00:17:22,000","is that a lot of people are standoffish,","is that a lot of people are standoffish,","is that a lot of people are standoffish,",surprise,mild
"00:17:22,000","00:17:26,000",and I'm wondering if it's because of Tony being so direct.,and I'm wondering if it's because of Tony being so direct.,and I'm wondering if it's because of Tony being so direct.,surprise,mild
"00:17:26,000","00:17:29,000","As soon as we walk in, he knew what he thought we needed to do,","As soon as we walk in, he knew what he thought we needed to do,","As soon as we walk in, he knew what he thought we needed to do,",neutral,neutral
"00:17:29,000","00:17:31,000","who was in charge,","who was in charge,","who was in charge,",neutral,neutral
"00:17:31,000","00:17:33,000",and so we kind of let it happen.,and so we kind of let it happen.,and so we kind of let it happen.,neutral,neutral
"00:17:33,000","00:17:35,000","Yeah, if you look at some of that stuff, it's a bit rotten.","Yeah, if you look at some of that stuff, it's a bit rotten.","Yeah, if you look at some of that stuff, it's a bit rotten.",anger,mild
"00:17:35,000","00:17:37,000","Give it a good kick first, eh?","Give it a good kick first, eh?","Give it a good kick first, eh?",neutral,neutral
"00:17:39,000","00:17:43,000","Tony, were you thinking just to build an actual structure in this little area here?","Tony, were you thinking just to build an actual structure in this little area here?","Tony, were you thinking just to build an actual structure in this little area here?",surprise,mild
"00:17:43,000","00:17:44,000",Yeah.,Yeah.,Yeah.,neutral,neutral
"00:17:44,000","00:17:48,000",I don't mind Tony taking a leadership role in this tribe.,I don't mind Tony taking a leadership role in this tribe.,I don't mind Tony taking a leadership role in this tribe.,happiness,mild
"00:17:48,000","00:17:51,000","It kind of takes the focus off me a little bit, I guess.","It kind of takes the focus off me a little bit, I guess.","It kind of takes the focus off me a little bit, I guess.",happiness,mild
"00:17:51,000","00:17:53,000","No, no, just try and overlap,","No, no, just try and overlap,","No, no, just try and overlap,",neutral,neutral
"00:17:53,000","00:17:56,000",and then I can show you how to try a square left.,and then I can show you how to try a square left.,and then I can show you how to try a square left.,neutral,neutral
"00:17:57,000","00:17:59,000","Yeah, that's too small, eh?","Yeah, that's too small, eh?","Yeah, that's too small, eh?",anger,mild
"00:17:59,000","00:18:02,000","Could you take it, yeah, to that far, onto that one?","Could you take it, yeah, to that far, onto that one?","Could you take it, yeah, to that far, onto that one?",neutral,neutral
"00:18:02,000","00:18:04,000",That's a better idea.,That's a better idea.,That's a better idea.,happiness,mild
"00:18:04,000","00:18:05,000",Yeah.,Yeah.,Yeah.,neutral,neutral
"00:18:05,000","00:18:07,000",Maybe that one's a bit shorter.,Maybe that one's a bit shorter.,Maybe that one's a bit shorter.,neutral,neutral
"00:18:22,000","00:18:25,000","OK, guys, we need to site the toilet away from our camp.","OK, guys, we need to site the toilet away from our camp.","OK, guys, we need to site the toilet away from our camp.",neutral,neutral
"00:18:25,000","00:18:30,000","But not too far away that, you know, if the girls want to come down here,","But not too far away that, you know, if the girls want to come down here,","But not too far away that, you know, if the girls want to come down here,",happiness,mild
"00:18:30,000","00:18:32,000",they're not going to find it.,they're not going to find it.,they're not going to find it.,neutral,neutral
"00:18:32,000","00:18:35,000",They're way off in the bush and they get lost and maybe get bitten by something.,They're way off in the bush and they get lost and maybe get bitten by something.,They're way off in the bush and they get lost and maybe get bitten by something.,fear,moderate
"00:18:35,000","00:18:38,000","So I think we'll use this initially, we'll dig one here.","So I think we'll use this initially, we'll dig one here.","So I think we'll use this initially, we'll dig one here.",neutral,neutral
"00:18:38,000","00:18:41,000","I mean, we'll dig it deep enough for about two or three days,","I mean, we'll dig it deep enough for about two or three days,","I mean, we'll dig it deep enough for about two or three days,",neutral,neutral
"00:18:41,000","00:18:44,000","so you probably want a hole about, say, two feet deep.","so you probably want a hole about, say, two feet deep.","so you probably want a hole about, say, two feet deep.",neutral,neutral
"00:18:44,000","00:18:45,000",Yeah.,Yeah.,Yeah.,neutral,neutral
"00:18:45,000","00:18:48,000","See, I'll go get a machete.","See, I'll go get a machete.","See, I'll go get a machete.",neutral,neutral
"00:18:50,000","00:18:52,000","I mean, Tony's here because he loves it.","I mean, Tony's here because he loves it.","I mean, Tony's here because he loves it.",happiness,mild
"00:18:53,000","00:18:58,000","I think he's here for the experience, like, so I don't see him as a huge threat.","I think he's here for the experience, like, so I don't see him as a huge threat.","I think he's here for the experience, like, so I don't see him as a huge threat.",neutral,neutral
"00:18:58,000","00:19:02,000","Yeah, I want to try and, you know, side with him and still keep him close.","Yeah, I want to try and, you know, side with him and still keep him close.","Yeah, I want to try and, you know, side with him and still keep him close.",neutral,neutral
"00:19:02,000","00:19:05,000",Only I've got stuff to learn off a dude like that.,Only I've got stuff to learn off a dude like that.,Only I've got stuff to learn off a dude like that.,surprise,mild
"00:19:05,000","00:19:07,000",He's cool.,He's cool.,He's cool.,happiness,mild
"00:19:12,000","00:19:14,000","How's the loo going, Tom?","How's the loo going, Tom?","How's the loo going, Tom?",neutral,neutral
"00:19:14,000","00:19:17,000",Just clearing it out. Have you talked to Lou?,Just clearing it out. Have you talked to Lou?,Just clearing it out. Have you talked to Lou?,neutral,neutral
"00:19:17,000","00:19:21,000",Not really. I just— I think we've all agreed on Hannah.,Not really. I just— I think we've all agreed on Hannah.,Not really. I just— I think we've all agreed on Hannah.,neutral,neutral
"00:19:21,000","00:19:22,000",Yeah.,Yeah.,Yeah.,neutral,neutral
"00:19:22,000","00:19:26,000",My biggest concern going into tribal would be that I get blindsided.,My biggest concern going into tribal would be that I get blindsided.,My biggest concern going into tribal would be that I get blindsided.,fear,moderate
"00:19:26,000","00:19:30,000","I don't know these people yet, and there's always going to be doubt,","I don't know these people yet, and there's always going to be doubt,","I don't know these people yet, and there's always going to be doubt,",fear,moderate
"00:19:30,000","00:19:33,000","but this first day, there's a lot of doubt.","but this first day, there's a lot of doubt.","but this first day, there's a lot of doubt.",fear,moderate
"00:19:33,000","00:19:37,000",I want to kill it so we can have it for our dinners.,I want to kill it so we can have it for our dinners.,I want to kill it so we can have it for our dinners.,happiness,moderate
"00:19:37,000","00:19:39,000",I don't want it to claw me.,I don't want it to claw me.,I don't want it to claw me.,fear,mild
"00:19:39,000","00:19:43,000",It might just claw onto your stick and then you can carry it.,It might just claw onto your stick and then you can carry it.,It might just claw onto your stick and then you can carry it.,neutral,neutral
"00:19:47,000","00:19:49,000",I caught a dinner!,I caught a dinner!,I caught a dinner!,happiness,moderate
"00:19:49,000","00:19:50,000",Yeah.,Yeah.,Yeah.,neutral,neutral
"00:19:50,000","00:19:53,000","It's more like an entree, eh? Entree.","It's more like an entree, eh? Entree.","It's more like an entree, eh? Entree.",happiness,mild
"00:19:55,000","00:20:00,000","Tom is just, like— I'm really impressed with the way you just, like, were bossing that challenge.","Tom is just, like— I'm really impressed with the way you just, like, were bossing that challenge.","Tom is just, like— I'm really impressed with the way you just, like, were bossing that challenge.",happiness,moderate
"00:20:00,000","00:20:01,000",like throwing your body on there,like throwing your body on there,like throwing your body on there,happiness,mild
"00:20:01,000","00:20:02,000",and you're looking pretty strong.,and you're looking pretty strong.,and you're looking pretty strong.,happiness,mild
"00:20:02,000","00:20:05,000","I was like, bro, I told you I was a powerlifter","I was like, bro, I told you I was a powerlifter","I was like, bro, I told you I was a powerlifter",happiness,moderate
"00:20:05,000","00:20:06,000",and you just immediately wrote me off,and you just immediately wrote me off,and you just immediately wrote me off,sadness,moderate
"00:20:06,000","00:20:08,000","and like, fat girl, you're not gonna be strong,","and like, fat girl, you're not gonna be strong,","and like, fat girl, you're not gonna be strong,",anger,moderate
"00:20:08,000","00:20:10,000",you're gonna be the weakling.,you're gonna be the weakling.,you're gonna be the weakling.,anger,moderate
"00:20:10,000","00:20:14,000",My immediate reaction with voting would be Tom.,My immediate reaction with voting would be Tom.,My immediate reaction with voting would be Tom.,neutral,neutral
"00:20:14,000","00:20:15,000","I think he could be quite dangerous,","I think he could be quite dangerous,","I think he could be quite dangerous,",fear,moderate
"00:20:15,000","00:20:18,000",so I'm a little bit worried what he could do.,so I'm a little bit worried what he could do.,so I'm a little bit worried what he could do.,fear,mild
"00:20:18,000","00:20:20,000","He was part of an alliance, like yeah,","He was part of an alliance, like yeah,","He was part of an alliance, like yeah,",neutral,neutral
"00:20:20,000","00:20:23,000",one that was naturally created,one that was naturally created,one that was naturally created,neutral,neutral
"00:20:23,000","00:20:24,000",before the tribes were announced.,before the tribes were announced.,before the tribes were announced.,neutral,neutral
"00:20:24,000","00:20:25,000",Yeah.,Yeah.,Yeah.,neutral,neutral
"00:20:25,000","00:20:28,000",Worst person on my hit list is Tom.,Worst person on my hit list is Tom.,Worst person on my hit list is Tom.,anger,moderate
"00:20:30,000","00:20:33,000",because I know he has some strong people,because I know he has some strong people,because I know he has some strong people,neutral,neutral
"00:20:33,000","00:20:35,000",that he's quite close with from the other tribes.,that he's quite close with from the other tribes.,that he's quite close with from the other tribes.,neutral,neutral
"00:20:35,000","00:20:36,000",You have to look out for people,You have to look out for people,You have to look out for people,fear,moderate
"00:20:36,000","00:20:38,000",who might potentially send you home,who might potentially send you home,who might potentially send you home,fear,moderate
"00:20:38,000","00:20:40,000",and he's one of those people.,and he's one of those people.,and he's one of those people.,neutral,neutral
"00:20:40,000","00:20:41,000","But I just purely think Tom,","But I just purely think Tom,","But I just purely think Tom,",anger,mild
"00:20:41,000","00:20:45,000","just because he's, to me, he seems unpredictable.","just because he's, to me, he seems unpredictable.","just because he's, to me, he seems unpredictable.",fear,mild
"00:20:45,000","00:20:46,000","Like, you don't know what side he will take.","Like, you don't know what side he will take.","Like, you don't know what side he will take.",surprise,moderate
"00:20:46,000","00:20:48,000","No, I don't know where his loyalties would lie.","No, I don't know where his loyalties would lie.","No, I don't know where his loyalties would lie.",surprise,moderate
"00:20:48,000","00:20:49,000","Like, he's real cool, like, he's a real decent guy,","Like, he's real cool, like, he's a real decent guy,","Like, he's real cool, like, he's a real decent guy,",happiness,mild
"00:20:49,000","00:20:52,000",but in terms of strategy.,but in terms of strategy.,but in terms of strategy.,neutral,neutral
"00:20:52,000","00:20:54,000","Once you stick with someone, like, that's it.","Once you stick with someone, like, that's it.","Once you stick with someone, like, that's it.",neutral,neutral
"00:20:54,000","00:20:56,000",I will be voting for Tom tonight,I will be voting for Tom tonight,I will be voting for Tom tonight,happiness,moderate
"00:20:56,000","00:21:00,000",because I don't find him 100% trustworthy.,because I don't find him 100% trustworthy.,because I don't find him 100% trustworthy.,anger,moderate
"00:21:00,000","00:21:02,000","Well, are you okay with that?","Well, are you okay with that?","Well, are you okay with that?",surprise,mild
"00:21:02,000","00:21:03,000",As long as you don't turn around and put it off.,As long as you don't turn around and put it off.,As long as you don't turn around and put it off.,neutral,neutral
"00:21:03,000","00:21:04,000","No, for sure.","No, for sure.","No, for sure.",neutral,neutral
"00:21:05,000","00:21:06,000","Okay, I'm good with that.","Okay, I'm good with that.","Okay, I'm good with that.",happiness,mild
"00:21:06,000","00:21:09,000",Tom has to go and Izzy and Hannah agree.,Tom has to go and Izzy and Hannah agree.,Tom has to go and Izzy and Hannah agree.,happiness,moderate
"00:21:10,000","00:21:13,000","Guys, we have to come back or something.","Guys, we have to come back or something.","Guys, we have to come back or something.",neutral,neutral
"00:21:13,000","00:21:14,000","Otherwise, it's just not as dodgy.","Otherwise, it's just not as dodgy.","Otherwise, it's just not as dodgy.",neutral,neutral
"00:21:19,000","00:21:20,000","Well, I've got a bro coming through.","Well, I've got a bro coming through.","Well, I've got a bro coming through.",neutral,neutral
"00:21:20,000","00:21:23,000","Oh, there's gonna be a mean fire by the time we're done.","Oh, there's gonna be a mean fire by the time we're done.","Oh, there's gonna be a mean fire by the time we're done.",happiness,moderate
"00:21:23,000","00:21:24,000",We're not here.,We're not here.,We're not here.,surprise,mild
"00:21:25,000","00:21:27,000","You're insane, eh?","You're insane, eh?","You're insane, eh?",happiness,mild
"00:21:27,000","00:21:27,000",Woohoo!,Woohoo!,Woohoo!,happiness,intense
"00:21:27,000","00:21:29,000","Oh my God, look at this.","Oh my God, look at this.","Oh my God, look at this.",surprise,moderate
"00:21:29,000","00:21:30,000","Oh yeah, yeah.","Oh yeah, yeah.","Oh yeah, yeah.",neutral,neutral
"00:21:30,000","00:21:31,000",Look at you.,Look at you.,Look at you.,happiness,mild
"00:21:31,000","00:21:32,000",My babies.,My babies.,My babies.,neutral,mild
"00:21:32,000","00:21:35,000",My greatest strength to this tribe would be my strength.,My greatest strength to this tribe would be my strength.,My greatest strength to this tribe would be my strength.,happiness,moderate
"00:21:35,000","00:21:38,000","So I was picking up boulders and, not boulders,","So I was picking up boulders and, not boulders,","So I was picking up boulders and, not boulders,",happiness,mild
"00:21:38,000","00:21:40,000",but really big rocks and bringing them over.,but really big rocks and bringing them over.,but really big rocks and bringing them over.,happiness,mild
"00:21:40,000","00:21:42,000",I'd like to say it was a boulder.,I'd like to say it was a boulder.,I'd like to say it was a boulder.,happiness,mild
"00:21:42,000","00:21:46,000","I'm like, this is Hannah's pile.","I'm like, this is Hannah's pile.","I'm like, this is Hannah's pile.",neutral,neutral
"00:21:46,000","00:21:47,000","Oh, it actually is.","Oh, it actually is.","Oh, it actually is.",surprise,mild
"00:21:47,000","00:21:49,000","I think Hannah is strong as hell,","I think Hannah is strong as hell,","I think Hannah is strong as hell,",happiness,moderate
"00:21:49,000","00:21:52,000",mentally and physically.,mentally and physically.,mentally and physically.,happiness,moderate
"00:21:52,000","00:21:53,000",She's really tough.,She's really tough.,She's really tough.,happiness,moderate
"00:21:54,000","00:21:56,000",I just know that there's a lot,I just know that there's a lot,I just know that there's a lot,neutral,neutral
"00:21:59,000","00:22:01,000",and no team wants to be slowed down at all.,and no team wants to be slowed down at all.,and no team wants to be slowed down at all.,neutral,neutral
"00:22:03,000","00:22:08,000","So basically, me, Izzy and Hannah","So basically, me, Izzy and Hannah","So basically, me, Izzy and Hannah",neutral,neutral
"00:22:09,000","00:22:11,000",have discussed voting Tom out,have discussed voting Tom out,have discussed voting Tom out,happiness,moderate
"00:22:13,000","00:22:15,000",just because he's an easy threat.,just because he's an easy threat.,just because he's an easy threat.,anger,moderate
"00:22:15,000","00:22:20,000","Yeah, I think both Izzy and Tom on the same page.","Yeah, I think both Izzy and Tom on the same page.","Yeah, I think both Izzy and Tom on the same page.",neutral,neutral
"00:22:20,000","00:22:23,000",They're thinking about Hannah as well.,They're thinking about Hannah as well.,They're thinking about Hannah as well.,neutral,neutral
"00:22:23,000","00:22:26,000",I'll be seeing Hannah because of the challenges.,I'll be seeing Hannah because of the challenges.,I'll be seeing Hannah because of the challenges.,neutral,neutral
"00:22:26,000","00:22:27,000",That's a surprise to me,That's a surprise to me,That's a surprise to me,surprise,mild
"00:22:27,000","00:22:29,000",because she's part of my original alliance.,because she's part of my original alliance.,because she's part of my original alliance.,surprise,mild
"00:22:29,000","00:22:32,000",I'm not very happy with this new development.,I'm not very happy with this new development.,I'm not very happy with this new development.,sadness,moderate
"00:22:32,000","00:22:36,000",Tom's just sitting around looking at Isabelle,Tom's just sitting around looking at Isabelle,Tom's just sitting around looking at Isabelle,surprise,mild
"00:22:36,000","00:22:38,000",because he didn't like how she just gave way out.,because he didn't like how she just gave way out.,because he didn't like how she just gave way out.,anger,moderate
"00:22:38,000","00:22:39,000",He didn't like how what?,He didn't like how what?,He didn't like how what?,surprise,mild
"00:22:39,000","00:22:41,000",How she gave way out.,How she gave way out.,How she gave way out.,anger,mild
"00:22:41,000","00:22:42,000",She didn't say-,She didn't say-,She didn't say-,surprise,mild
"00:22:42,000","00:22:44,000",I think Tom's feeling the pressure,I think Tom's feeling the pressure,I think Tom's feeling the pressure,fear,moderate
"00:22:44,000","00:22:47,000",and maybe in desperation is trying to point the finger,and maybe in desperation is trying to point the finger,and maybe in desperation is trying to point the finger,anger,moderate
"00:22:47,000","00:22:48,000",at somebody else.,at somebody else.,at somebody else.,anger,mild
"00:22:48,000","00:22:49,000",He's thinking you do.,He's thinking you do.,He's thinking you do.,neutral,neutral
"00:22:49,000","00:22:52,000","She's already thinking past, you know?","She's already thinking past, you know?","She's already thinking past, you know?",surprise,mild
"00:22:52,000","00:22:54,000",I think that we should stick to the plan,I think that we should stick to the plan,I think that we should stick to the plan,happiness,mild
"00:22:54,000","00:22:56,000",because Tom's an absolute threat.,because Tom's an absolute threat.,because Tom's an absolute threat.,fear,moderate
"00:22:56,000","00:23:00,000",But ultimately my most solid alliance would be Osana.,But ultimately my most solid alliance would be Osana.,But ultimately my most solid alliance would be Osana.,neutral,neutral
"00:23:00,000","00:23:02,000",That's kind of what I'm going with right now.,That's kind of what I'm going with right now.,That's kind of what I'm going with right now.,neutral,neutral
"00:23:02,000","00:23:05,000","So, Hannah or Izzy?","So, Hannah or Izzy?","So, Hannah or Izzy?",surprise,mild
"00:23:05,000","00:23:06,000",Switch.,Switch.,Switch.,neutral,neutral
"00:23:06,000","00:23:07,000",Or Hannah?,Or Hannah?,Or Hannah?,surprise,mild
"00:23:07,000","00:23:09,000",What do you think?,What do you think?,What do you think?,surprise,mild
"00:23:09,000","00:23:10,000",Let's see.,Let's see.,Let's see.,neutral,neutral
"00:23:13,000","00:23:15,000",I'm just waiting for a name,I'm just waiting for a name,I'm just waiting for a name,neutral,neutral
"00:23:15,000","00:23:16,000",because I don't know where the numbers are.,because I don't know where the numbers are.,because I don't know where the numbers are.,surprise,mild
"00:23:16,000","00:23:17,000",I think we should lock one in,I think we should lock one in,I think we should lock one in,neutral,neutral
"00:23:17,000","00:23:19,000",so we don't keep talking about it,so we don't keep talking about it,so we don't keep talking about it,anger,mild
"00:23:19,000","00:23:21,000",so we can get work done.,so we can get work done.,so we can get work done.,neutral,neutral
"00:23:21,000","00:23:21,000",I don't know if you guys realise,I don't know if you guys realise,I don't know if you guys realise,surprise,mild
"00:23:21,000","00:23:24,000",but Hannah's been doing a lot more work than Izzy.,but Hannah's been doing a lot more work than Izzy.,but Hannah's been doing a lot more work than Izzy.,happiness,mild
"00:23:24,000","00:23:25,000","Yeah, yeah.","Yeah, yeah.","Yeah, yeah.",neutral,neutral
"00:23:25,000","00:23:28,000","I think she's just properly like proving herself, eh?","I think she's just properly like proving herself, eh?","I think she's just properly like proving herself, eh?",happiness,moderate
"00:23:28,000","00:23:30,000",Like that's the point of it.,Like that's the point of it.,Like that's the point of it.,surprise,mild
"00:23:30,000","00:23:31,000",Yeah.,Yeah.,Yeah.,neutral,neutral
"00:23:31,000","00:23:33,000","So Tom, either one's Hannah out or Izzy out","So Tom, either one's Hannah out or Izzy out","So Tom, either one's Hannah out or Izzy out",neutral,neutral
"00:23:33,000","00:23:35,000",which makes me a horrible person.,which makes me a horrible person.,which makes me a horrible person.,sadness,moderate
"00:23:35,000","00:23:39,000",I want to be the good person that does the decent thing,I want to be the good person that does the decent thing,I want to be the good person that does the decent thing,happiness,moderate
"00:23:39,000","00:23:41,000",and then I want to be a survivor.,and then I want to be a survivor.,and then I want to be a survivor.,happiness,moderate
"00:23:41,000","00:23:44,000",So you almost can't play the two at the same time.,So you almost can't play the two at the same time.,So you almost can't play the two at the same time.,surprise,moderate
"00:23:44,000","00:23:45,000","Just let me know, eh?","Just let me know, eh?","Just let me know, eh?",neutral,neutral
"00:23:45,000","00:23:45,000",Let me know.,Let me know.,Let me know.,neutral,neutral
"00:23:51,000","00:23:51,000",Yeah.,Yeah.,Yeah.,neutral,neutral
"00:24:17,000","00:24:20,000","Hey guys, before we start dragging somewhere","Hey guys, before we start dragging somewhere","Hey guys, before we start dragging somewhere",neutral,neutral
"00:24:20,000","00:24:22,000",can we pick the somewhere?,can we pick the somewhere?,can we pick the somewhere?,surprise,mild
"00:24:22,000","00:24:23,000",Yeah.,Yeah.,Yeah.,neutral,neutral
"00:24:23,000","00:24:24,000",So where's home?,So where's home?,So where's home?,surprise,mild
"00:24:24,000","00:24:25,000",Closer to the beach.,Closer to the beach.,Closer to the beach.,neutral,neutral
"00:24:25,000","00:24:25,000",Don't want to be too far in here.,Don't want to be too far in here.,Don't want to be too far in here.,neutral,neutral
"00:24:25,000","00:24:27,000","No, as I say, you've got to pick a site","No, as I say, you've got to pick a site","No, as I say, you've got to pick a site",neutral,neutral
"00:24:27,000","00:24:28,000",and then we just pick it.,and then we just pick it.,and then we just pick it.,neutral,neutral
"00:24:28,000","00:24:28,000","Yeah, good idea.","Yeah, good idea.","Yeah, good idea.",happiness,mild
"00:24:28,000","00:24:30,000",So we reckon just over here,So we reckon just over here,So we reckon just over here,neutral,neutral
"00:24:30,000","00:24:32,000",so it's quite like just behind our flag?,so it's quite like just behind our flag?,so it's quite like just behind our flag?,surprise,mild
"00:24:32,000","00:24:33,000",We go there then.,We go there then.,We go there then.,neutral,neutral
"00:24:33,000","00:24:34,000",Yep.,Yep.,Yep.,neutral,neutral
"00:24:34,000","00:24:35,000",Okay.,Okay.,Okay.,neutral,neutral
"00:24:35,000","00:24:36,000","Just where, okay.","Just where, okay.","Just where, okay.",neutral,neutral
"00:24:36,000","00:24:37,000",So there goes that.,So there goes that.,So there goes that.,neutral,neutral
"00:24:37,000","00:24:38,000",Yep.,Yep.,Yep.,neutral,neutral
"00:24:38,000","00:24:39,000",My preparation for Survivor,My preparation for Survivor,My preparation for Survivor,neutral,neutral
"00:24:39,000","00:24:41,000",didn't start the day that I found out,didn't start the day that I found out,didn't start the day that I found out,neutral,neutral
"00:24:41,000","00:24:42,000",I was going to be on Survivor.,I was going to be on Survivor.,I was going to be on Survivor.,happiness,mild
"00:24:42,000","00:24:44,000",It started the day that I found out,It started the day that I found out,It started the day that I found out,surprise,mild
"00:24:44,000","00:24:47,000",Survivor was coming to New Zealand.,Survivor was coming to New Zealand.,Survivor was coming to New Zealand.,happiness,mild
"00:24:47,000","00:24:48,000","So I got to the point where I could run,","So I got to the point where I could run,","So I got to the point where I could run,",happiness,mild
"00:24:48,000","00:24:49,000",I could swim.,I could swim.,I could swim.,happiness,mild
"00:24:49,000","00:24:51,000",I was juggling.,I was juggling.,I was juggling.,happiness,mild
"00:24:51,000","00:24:53,000",I was standing on one foot.,I was standing on one foot.,I was standing on one foot.,happiness,mild
"00:24:53,000","00:24:55,000",I have held my arm up in the air,I have held my arm up in the air,I have held my arm up in the air,happiness,mild
"00:24:55,000","00:24:57,000",for as long as I possibly can.,for as long as I possibly can.,for as long as I possibly can.,happiness,mild
"00:24:57,000","00:25:00,000",And I started meditating,And I started meditating,And I started meditating,neutral,neutral
"00:25:00,000","00:25:03,000",and thinking about how I was going to act nice,and thinking about how I was going to act nice,and thinking about how I was going to act nice,surprise,mild
"00:25:03,000","00:25:05,000",and how I was going to convince people,and how I was going to convince people,and how I was going to convince people,surprise,mild
"00:25:05,000","00:25:06,000",that I was a pleasant person.,that I was a pleasant person.,that I was a pleasant person.,neutral,neutral
"00:25:09,000","00:25:11,000",Have either of you thought at all,Have either of you thought at all,Have either of you thought at all,surprise,mild
"00:25:11,000","00:25:12,000",that maybe it wasn't the best idea,that maybe it wasn't the best idea,that maybe it wasn't the best idea,neutral,neutral
"00:25:12,000","00:25:15,000",for three of us to go off and leave five behind?,for three of us to go off and leave five behind?,for three of us to go off and leave five behind?,neutral,neutral
"00:25:15,000","00:25:16,000",Risky?,Risky?,Risky?,neutral,neutral
"00:25:16,000","00:25:19,000","No, I think if we're worried about that,","No, I think if we're worried about that,","No, I think if we're worried about that,",neutral,neutral
"00:25:19,000","00:25:22,000",then it's us three and try and get two more in.,then it's us three and try and get two more in.,then it's us three and try and get two more in.,neutral,neutral
"00:25:22,000","00:25:25,000","That's going to, oh, I think Barb, Barb","That's going to, oh, I think Barb, Barb","That's going to, oh, I think Barb, Barb",neutral,neutral
"00:25:25,000","00:25:27,000","surely would want to come with the girls,","surely would want to come with the girls,","surely would want to come with the girls,",happiness,mild
"00:25:27,000","00:25:27,000",but who knows?,but who knows?,but who knows?,neutral,neutral
"00:25:27,000","00:25:29,000",But do we want a whole girl alive?,But do we want a whole girl alive?,But do we want a whole girl alive?,surprise,mild
"00:25:29,000","00:25:30,000","No, because the boys will never flip.","No, because the boys will never flip.","No, because the boys will never flip.",neutral,neutral
"00:25:30,000","00:25:32,000",They'll just try to grab one of us.,They'll just try to grab one of us.,They'll just try to grab one of us.,neutral,neutral
"00:25:32,000","00:25:33,000",So what do you reckon?,So what do you reckon?,So what do you reckon?,surprise,mild
"00:25:35,000","00:25:38,000",I do want to rush into an alliance straight away.,I do want to rush into an alliance straight away.,I do want to rush into an alliance straight away.,happiness,mild
"00:25:38,000","00:25:39,000","As soon as I got to camp,","As soon as I got to camp,","As soon as I got to camp,",neutral,neutral
"00:25:39,000","00:25:41,000","I was looking around at my tribe thinking,","I was looking around at my tribe thinking,","I was looking around at my tribe thinking,",surprise,mild
"00:25:41,000","00:25:44,000","all right, come on, who can I trust?","all right, come on, who can I trust?","all right, come on, who can I trust?",surprise,mild
"00:25:44,000","00:25:46,000","Dee has spoken to Shannon and I,","Dee has spoken to Shannon and I,","Dee has spoken to Shannon and I,",neutral,neutral
"00:25:46,000","00:25:48,000",but I'm a little bit wary of her at this point.,but I'm a little bit wary of her at this point.,but I'm a little bit wary of her at this point.,neutral,neutral
"00:25:48,000","00:25:51,000",So I'm not sure how I am feeling about Dee.,So I'm not sure how I am feeling about Dee.,So I'm not sure how I am feeling about Dee.,neutral,neutral
"00:25:51,000","00:25:56,000","You, the sex appeal, you two need to get in a couple of boys.","You, the sex appeal, you two need to get in a couple of boys.","You, the sex appeal, you two need to get in a couple of boys.",neutral,neutral
"00:25:56,000","00:25:57,000","Well, we can try.","Well, we can try.","Well, we can try.",neutral,neutral
"00:25:57,000","00:25:58,000",I don't know how well that's going to work.,I don't know how well that's going to work.,I don't know how well that's going to work.,neutral,neutral
"00:25:58,000","00:26:01,000","For me, I'm just not too sure about Dee.","For me, I'm just not too sure about Dee.","For me, I'm just not too sure about Dee.",neutral,neutral
"00:26:01,000","00:26:02,000",I trust Georgia.,I trust Georgia.,I trust Georgia.,neutral,neutral
"00:26:02,000","00:26:06,000",I'm not sure how much I can trust Dee at this point.,I'm not sure how much I can trust Dee at this point.,I'm not sure how much I can trust Dee at this point.,surprise,moderate
"00:26:06,000","00:26:06,000",We'll talk to you later?,We'll talk to you later?,We'll talk to you later?,neutral,neutral
"00:26:06,000","00:26:08,000","Yeah, yeah, we'll find a time.","Yeah, yeah, we'll find a time.","Yeah, yeah, we'll find a time.",neutral,neutral
"00:26:09,000","00:26:11,000","You know, someone like that,","You know, someone like that,","You know, someone like that,",surprise,mild
"00:26:11,000","00:26:13,000",I don't know whether I do want to have them in my alliance,I don't know whether I do want to have them in my alliance,I don't know whether I do want to have them in my alliance,surprise,moderate
"00:26:13,000","00:26:14,000",right from the get-go.,right from the get-go.,right from the get-go.,neutral,neutral
"00:26:14,000","00:26:17,000",It's just going to add a whole other level,It's just going to add a whole other level,It's just going to add a whole other level,neutral,neutral
"00:26:17,000","00:26:18,000",of paranoia to the game.,of paranoia to the game.,of paranoia to the game.,fear,moderate
"00:26:30,000","00:26:32,000","We have to get Dee off, obviously, right?","We have to get Dee off, obviously, right?","We have to get Dee off, obviously, right?",happiness,moderate
"00:26:32,000","00:26:33,000","Yeah, well.","Yeah, well.","Yeah, well.",neutral,neutral
"00:26:33,000","00:26:34,000",Is anyone else thinking that?,Is anyone else thinking that?,Is anyone else thinking that?,surprise,mild
"00:26:34,000","00:26:34,000",Yeah.,Yeah.,Yeah.,neutral,neutral
"00:26:34,000","00:26:35,000",Sure.,Sure.,Sure.,neutral,neutral
"00:26:35,000","00:26:37,000",I'm hoping to get Michael on my side.,I'm hoping to get Michael on my side.,I'm hoping to get Michael on my side.,happiness,mild
"00:26:37,000","00:26:41,000",I think he would be an awesome alliance.,I think he would be an awesome alliance.,I think he would be an awesome alliance.,happiness,moderate
"00:26:41,000","00:26:46,000","He looks very fit, and I think he is quite bright as well.","He looks very fit, and I think he is quite bright as well.","He looks very fit, and I think he is quite bright as well.",happiness,mild
"00:26:46,000","00:26:48,000",So I think he's quite an all-rounder player.,So I think he's quite an all-rounder player.,So I think he's quite an all-rounder player.,happiness,mild
"00:26:48,000","00:26:50,000","We went off, and she was like,","We went off, and she was like,","We went off, and she was like,",neutral,neutral
"00:26:50,000","00:26:51,000","oh my God, we've left all those guys","oh my God, we've left all those guys","oh my God, we've left all those guys",surprise,moderate
"00:26:51,000","00:26:52,000",behind us now to get her.,behind us now to get her.,behind us now to get her.,neutral,neutral
"00:26:52,000","00:26:53,000",This is not good.,This is not good.,This is not good.,sadness,moderate
"00:26:57,000","00:26:58,000",Definitely probably going to keep my eye,Definitely probably going to keep my eye,Definitely probably going to keep my eye,fear,moderate
"00:26:58,000","00:27:00,000","on Georgia a little bit, I think.","on Georgia a little bit, I think.","on Georgia a little bit, I think.",surprise,mild
"00:27:00,000","00:27:02,000",I can definitely see her giving those eyes to Mike.,I can definitely see her giving those eyes to Mike.,I can definitely see her giving those eyes to Mike.,surprise,mild
"00:27:02,000","00:27:04,000","I don't know what's going to happen there,","I don't know what's going to happen there,","I don't know what's going to happen there,",surprise,moderate
"00:27:04,000","00:27:06,000",but I definitely just got to be wary of that.,but I definitely just got to be wary of that.,but I definitely just got to be wary of that.,fear,moderate
"00:27:06,000","00:27:08,000","You've got my back, I've got your back.","You've got my back, I've got your back.","You've got my back, I've got your back.",happiness,moderate
"00:27:08,000","00:27:08,000",Come.,Come.,Come.,neutral,neutral
"00:27:08,000","00:27:09,000",Yeah.,Yeah.,Yeah.,neutral,neutral
"00:27:09,000","00:27:10,000","Okay, right.","Okay, right.","Okay, right.",neutral,neutral
"00:27:10,000","00:27:11,000",Yeah.,Yeah.,Yeah.,neutral,neutral
"00:27:16,000","00:27:17,000",I don't like villains.,I don't like villains.,I don't like villains.,anger,moderate
"00:27:17,000","00:27:18,000",You don't like what?,You don't like what?,You don't like what?,surprise,mild
"00:27:18,000","00:27:19,000",Villains.,Villains.,Villains.,neutral,neutral
"00:27:19,000","00:27:20,000",No.,No.,No.,neutral,neutral
"00:27:20,000","00:27:22,000","As soon as she put out her hand for the villain,","As soon as she put out her hand for the villain,","As soon as she put out her hand for the villain,",anger,moderate
"00:27:22,000","00:27:23,000","I was like, all right, you're out.","I was like, all right, you're out.","I was like, all right, you're out.",happiness,moderate
"00:27:23,000","00:27:25,000","Like, I don't want someone around Cammy","Like, I don't want someone around Cammy","Like, I don't want someone around Cammy",anger,moderate
"00:27:25,000","00:27:28,000","who's going to start, you know what I mean?","who's going to start, you know what I mean?","who's going to start, you know what I mean?",neutral,neutral
"00:27:28,000","00:27:29,000","Yep, yep.","Yep, yep.","Yep, yep.",neutral,neutral
"00:27:33,000","00:27:36,000",And I'm a man of my word.,And I'm a man of my word.,And I'm a man of my word.,happiness,moderate
"00:27:36,000","00:27:37,000",Yep.,Yep.,Yep.,neutral,neutral
"00:27:37,000","00:27:38,000",You're a man of your word.,You're a man of your word.,You're a man of your word.,happiness,mild
"00:27:38,000","00:27:39,000",Yep.,Yep.,Yep.,neutral,neutral
"00:27:39,000","00:27:42,000","So I was thinking, if me, you, Shannon and Georgia","So I was thinking, if me, you, Shannon and Georgia","So I was thinking, if me, you, Shannon and Georgia",surprise,mild
"00:27:42,000","00:27:47,000","teamed up, because you seem like a very honest person,","teamed up, because you seem like a very honest person,","teamed up, because you seem like a very honest person,",happiness,mild
"00:27:48,000","00:27:50,000",and I am as well.,and I am as well.,and I am as well.,happiness,mild
"00:27:50,000","00:27:55,000","If us four teamed up, and yeah, ideally final four.","If us four teamed up, and yeah, ideally final four.","If us four teamed up, and yeah, ideally final four.",happiness,moderate
"00:27:58,000","00:28:00,000","So yeah, have a think about that proposition.","So yeah, have a think about that proposition.","So yeah, have a think about that proposition.",surprise,mild
"00:28:00,000","00:28:02,000",So I'm a senior sergeant with the police.,So I'm a senior sergeant with the police.,So I'm a senior sergeant with the police.,happiness,moderate
"00:28:02,000","00:28:04,000",I've spoken to people for nearly 20 years,I've spoken to people for nearly 20 years,I've spoken to people for nearly 20 years,neutral,neutral
"00:28:04,000","00:28:07,000",who've been not telling me the truth.,who've been not telling me the truth.,who've been not telling me the truth.,sadness,moderate
"00:28:07,000","00:28:08,000",What are the skill sets that I'll have,What are the skill sets that I'll have,What are the skill sets that I'll have,surprise,mild
"00:28:08,000","00:28:09,000",that the others won't have?,that the others won't have?,that the others won't have?,surprise,mild
"00:28:09,000","00:28:12,000",We'll be picking up on the little cues and vibes,We'll be picking up on the little cues and vibes,We'll be picking up on the little cues and vibes,happiness,mild
"00:28:12,000","00:28:15,000",and mannerisms around what they're doing,and mannerisms around what they're doing,and mannerisms around what they're doing,surprise,mild
"00:28:15,000","00:28:16,000",versus what they say.,versus what they say.,versus what they say.,surprise,mild
"00:28:22,000","00:28:24,000","And we'll keep those long, because we can weave those.","And we'll keep those long, because we can weave those.","And we'll keep those long, because we can weave those.",happiness,mild
"00:28:25,000","00:28:28,000","I think we should do D, because she's a sh**ster.","I think we should do D, because she's a sh**ster.","I think we should do D, because she's a sh**ster.",anger,intense
"00:28:28,000","00:28:29,000",100% a sh**ster.,100% a sh**ster.,100% a sh**ster.,anger,intense
"00:28:31,000","00:28:33,000","I really know very little about D,","I really know very little about D,","I really know very little about D,",surprise,mild
"00:28:33,000","00:28:35,000","but I just looked at her and I thought,","but I just looked at her and I thought,","but I just looked at her and I thought,",neutral,neutral
"00:28:36,000","00:28:38,000",you're going to be a bit of trouble further down.,you're going to be a bit of trouble further down.,you're going to be a bit of trouble further down.,anger,mild
"00:28:39,000","00:28:40,000",Nathan's coming now.,Nathan's coming now.,Nathan's coming now.,neutral,neutral
"00:28:40,000","00:28:42,000",You've got to kind of watch how he is.,You've got to kind of watch how he is.,You've got to kind of watch how he is.,fear,moderate
"00:28:42,000","00:28:45,000","He's thinking, we're just going to get voted off","He's thinking, we're just going to get voted off","He's thinking, we're just going to get voted off",fear,moderate
"00:28:45,000","00:28:45,000",because we're old.,because we're old.,because we're old.,sadness,mild
"00:28:45,000","00:28:47,000",So don't play on that with him.,So don't play on that with him.,So don't play on that with him.,happiness,mild
"00:28:48,000","00:28:50,000","Yeah, I am concerned at this stage.","Yeah, I am concerned at this stage.","Yeah, I am concerned at this stage.",fear,moderate
"00:28:50,000","00:28:51,000",I'm the old man of the tribe.,I'm the old man of the tribe.,I'm the old man of the tribe.,sadness,mild
"00:28:51,000","00:28:53,000","There's Barb, obviously, who's on that sort of same","There's Barb, obviously, who's on that sort of same","There's Barb, obviously, who's on that sort of same",neutral,neutral
"00:28:53,000","00:28:55,000",40 to 50 age bracket with myself.,40 to 50 age bracket with myself.,40 to 50 age bracket with myself.,neutral,neutral
"00:28:55,000","00:28:58,000","And we've got now, we've got five young ones","And we've got now, we've got five young ones","And we've got now, we've got five young ones",neutral,neutral
"00:28:58,000","00:29:00,000",as in their 20s.,as in their 20s.,as in their 20s.,neutral,neutral
"00:29:00,000","00:29:02,000","You could totally weave them into a mat, don't you reckon?","You could totally weave them into a mat, don't you reckon?","You could totally weave them into a mat, don't you reckon?",happiness,mild
"00:29:02,000","00:29:05,000","We'll need heaps of them, but there's quite a few around.","We'll need heaps of them, but there's quite a few around.","We'll need heaps of them, but there's quite a few around.",neutral,neutral
"00:29:05,000","00:29:06,000",Michael's given me his word,Michael's given me his word,Michael's given me his word,neutral,neutral
"00:29:06,000","00:29:08,000",that he wasn't going to vote me off.,that he wasn't going to vote me off.,that he wasn't going to vote me off.,happiness,mild
"00:29:08,000","00:29:10,000","If it broke down to four,","If it broke down to four,","If it broke down to four,",neutral,neutral
"00:29:10,000","00:29:12,000",the four from this tribe were going through.,the four from this tribe were going through.,the four from this tribe were going through.,happiness,mild
"00:29:12,000","00:29:14,000",I'm unsure about that.,I'm unsure about that.,I'm unsure about that.,neutral,neutral
"00:29:17,000","00:29:19,000","Okay, so us three definitely together, right?","Okay, so us three definitely together, right?","Okay, so us three definitely together, right?",neutral,neutral
"00:29:19,000","00:29:19,000",Yes.,Yes.,Yes.,neutral,neutral
"00:29:19,000","00:29:20,000",100%.,100%.,100%.,neutral,neutral
"00:29:20,000","00:29:21,000","One, two, three.","One, two, three.","One, two, three.",neutral,neutral
"00:29:21,000","00:29:22,000",Yeah.,Yeah.,Yeah.,neutral,neutral
"00:29:22,000","00:29:23,000",We need a fourth.,We need a fourth.,We need a fourth.,neutral,neutral
"00:29:23,000","00:29:24,000",Yeah.,Yeah.,Yeah.,neutral,neutral
"00:29:24,000","00:29:25,000",Who do you think?,Who do you think?,Who do you think?,surprise,mild
"00:29:25,000","00:29:25,000",I like Nate.,I like Nate.,I like Nate.,happiness,mild
"00:29:25,000","00:29:27,000","No, no, no, no, no, no, no, no, no.","No, no, no, no, no, no, no, no, no.","No, no, no, no, no, no, no, no, no.",anger,intense
"00:29:27,000","00:29:31,000","The old people, they already were going to target you two,","The old people, they already were going to target you two,","The old people, they already were going to target you two,",anger,moderate
"00:29:31,000","00:29:32,000",I heard.,I heard.,I heard.,neutral,neutral
"00:29:33,000","00:29:34,000",They were going to target one,They were going to target one,They were going to target one,neutral,neutral
"00:29:34,000","00:29:36,000",because they thought you guys were getting too close.,because they thought you guys were getting too close.,because they thought you guys were getting too close.,anger,moderate
"00:29:36,000","00:29:38,000",I think I made a mistake.,I think I made a mistake.,I think I made a mistake.,sadness,moderate
"00:29:38,000","00:29:39,000","I already went to Nate and was like,","I already went to Nate and was like,","I already went to Nate and was like,",neutral,neutral
"00:29:39,000","00:29:40,000","hey man, you're the man.","hey man, you're the man.","hey man, you're the man.",happiness,mild
"00:29:40,000","00:29:41,000",Yeah.,Yeah.,Yeah.,neutral,neutral
"00:29:41,000","00:29:43,000",I reckon it should be us three and him.,I reckon it should be us three and him.,I reckon it should be us three and him.,neutral,neutral
"00:29:43,000","00:29:46,000","I don't, I don't, I don't think that's a good idea.","I don't, I don't, I don't think that's a good idea.","I don't, I don't, I don't think that's a good idea.",anger,moderate
"00:29:46,000","00:29:47,000",I reckon us three.,I reckon us three.,I reckon us three.,neutral,neutral
"00:29:47,000","00:29:48,000","Yeah, for sure.","Yeah, for sure.","Yeah, for sure.",happiness,mild
"00:29:58,000","00:30:00,000",What are you thinking tonight?,What are you thinking tonight?,What are you thinking tonight?,surprise,mild
"00:30:00,000","00:30:07,000","I think I'm thinking the same thing as everyone else, which is, as long as it's not me.","I think I'm thinking the same thing as everyone else, which is, as long as it's not me.","I think I'm thinking the same thing as everyone else, which is, as long as it's not me.",fear,moderate
"00:30:07,000","00:30:09,000",Is there an idea getting thrown around?,Is there an idea getting thrown around?,Is there an idea getting thrown around?,surprise,mild
"00:30:09,000","00:30:12,000","Well, it's the weakest person.","Well, it's the weakest person.","Well, it's the weakest person.",anger,mild
"00:30:12,000","00:30:14,000",Which is...,Which is...,Which is...,surprise,mild
"00:30:14,000","00:30:16,000",Yeah. Yeah.,Yeah. Yeah.,Yeah. Yeah.,neutral,neutral
"00:30:16,000","00:30:18,000",I think it is.,I think it is.,I think it is.,surprise,mild
"00:30:18,000","00:30:22,000",The only person that probably wouldn't do that is Nate.,The only person that probably wouldn't do that is Nate.,The only person that probably wouldn't do that is Nate.,neutral,neutral
"00:30:22,000","00:30:27,000",But I think it's all about the first couple of challenges and stuff.,But I think it's all about the first couple of challenges and stuff.,But I think it's all about the first couple of challenges and stuff.,neutral,neutral
"00:30:27,000","00:30:32,000","It's about strength, and, like, she's lovely, and she's mummy,","It's about strength, and, like, she's lovely, and she's mummy,","It's about strength, and, like, she's lovely, and she's mummy,",happiness,mild
"00:30:32,000","00:30:37,000",but I don't need a mum. I need someone who can...,but I don't need a mum. I need someone who can...,but I don't need a mum. I need someone who can...,happiness,moderate
"00:30:37,000","00:30:39,000",Yeah. ...run.,Yeah. ...run.,Yeah. ...run.,neutral,neutral
"00:30:39,000","00:30:41,000",GENTLE ELECTRONIC MUSIC,GENTLE ELECTRONIC MUSIC,GENTLE ELECTRONIC MUSIC,neutral,neutral
"00:30:41,000","00:30:43,000",GENTLE ELECTRONIC MUSIC,GENTLE ELECTRONIC MUSIC,GENTLE ELECTRONIC MUSIC,neutral,neutral
"00:30:43,000","00:30:45,000",GENTLE ELECTRONIC MUSIC,GENTLE ELECTRONIC MUSIC,GENTLE ELECTRONIC MUSIC,neutral,neutral
"00:30:45,000","00:30:47,000",GENTLE ELECTRONIC MUSIC,GENTLE ELECTRONIC MUSIC,GENTLE ELECTRONIC MUSIC,neutral,neutral
"00:30:49,000","00:30:51,000",ELECTRONIC MUSIC,ELECTRONIC MUSIC,ELECTRONIC MUSIC,neutral,neutral
"00:30:51,000","00:30:53,000",ELECTRONIC MUSIC,ELECTRONIC MUSIC,ELECTRONIC MUSIC,neutral,neutral
"00:30:53,000","00:30:55,000",ELECTRONIC MUSIC,ELECTRONIC MUSIC,ELECTRONIC MUSIC,neutral,neutral
"00:30:56,000","00:30:58,000",ELECTRONIC MUSIC,ELECTRONIC MUSIC,ELECTRONIC MUSIC,neutral,neutral
"00:30:58,000","00:31:00,000",ELECTRONIC MUSIC,ELECTRONIC MUSIC,ELECTRONIC MUSIC,neutral,neutral
"00:31:00,000","00:31:02,000",ELECTRONIC MUSIC,ELECTRONIC MUSIC,ELECTRONIC MUSIC,neutral,neutral
"00:31:22,000","00:31:24,000",GENTLE ELECTRONIC MUSIC,GENTLE ELECTRONIC MUSIC,GENTLE ELECTRONIC MUSIC,neutral,neutral
"00:31:25,000","00:31:30,000","I'm, like, tossing up, like, cos everyone thinks Hannah's really weak and everything.","I'm, like, tossing up, like, cos everyone thinks Hannah's really weak and everything.","I'm, like, tossing up, like, cos everyone thinks Hannah's really weak and everything.",surprise,moderate
"00:31:30,000","00:31:33,000",And I could see that. I could definitely see that.,And I could see that. I could definitely see that.,And I could see that. I could definitely see that.,surprise,mild
"00:31:33,000","00:31:36,000","But she is very strong, and she is helping out.","But she is very strong, and she is helping out.","But she is very strong, and she is helping out.",happiness,moderate
"00:31:36,000","00:31:40,000","But I don't know, like, people see her as the weaker player.","But I don't know, like, people see her as the weaker player.","But I don't know, like, people see her as the weaker player.",surprise,moderate
"00:31:40,000","00:31:42,000","So... But then Tom, he's...","So... But then Tom, he's...","So... But then Tom, he's...",surprise,mild
"00:31:42,000","00:31:45,000",I don't know if he's actually that strong.,I don't know if he's actually that strong.,I don't know if he's actually that strong.,surprise,mild
"00:31:45,000","00:31:47,000",And then... May have a point there.,And then... May have a point there.,And then... May have a point there.,surprise,mild
"00:31:47,000","00:31:50,000","He hasn't done anything strong to show us, you know what I mean?","He hasn't done anything strong to show us, you know what I mean?","He hasn't done anything strong to show us, you know what I mean?",anger,moderate
"00:31:50,000","00:31:52,000",He doesn't look that strong.,He doesn't look that strong.,He doesn't look that strong.,neutral,neutral
"00:31:52,000","00:31:54,000",And then...,And then...,And then...,surprise,mild
"00:31:54,000","00:31:56,000",I don't trust him.,I don't trust him.,I don't trust him.,anger,moderate
"00:32:01,000","00:32:05,000",and I haven't really talked to Hannah or Shay again.,and I haven't really talked to Hannah or Shay again.,and I haven't really talked to Hannah or Shay again.,neutral,neutral
"00:32:07,000","00:32:10,000","because they have been going off with other people and doing things,","because they have been going off with other people and doing things,","because they have been going off with other people and doing things,",anger,moderate
"00:32:10,000","00:32:12,000",and I'm just wondering.,and I'm just wondering.,and I'm just wondering.,surprise,mild
"00:32:17,000","00:32:20,000",Everything is ultimately just gonna get us to win.,Everything is ultimately just gonna get us to win.,Everything is ultimately just gonna get us to win.,happiness,moderate
"00:32:20,000","00:32:22,000",Same plan. Same plan.,Same plan. Same plan.,Same plan. Same plan.,neutral,neutral
"00:32:22,000","00:32:24,000","So far, so good, yeah? So far, so good.","So far, so good, yeah? So far, so good.","So far, so good, yeah? So far, so good.",neutral,neutral
"00:32:24,000","00:32:26,000",Yeah.,Yeah.,Yeah.,neutral,neutral
"00:32:26,000","00:32:30,000",Always paranoid of what other people are seeing.,Always paranoid of what other people are seeing.,Always paranoid of what other people are seeing.,fear,moderate
"00:32:32,000","00:32:34,000",We can't do this again.,We can't do this again.,We can't do this again.,anger,moderate
"00:32:34,000","00:32:36,000","Walk off then? Yeah. Yep, yep.","Walk off then? Yeah. Yep, yep.","Walk off then? Yeah. Yep, yep.",neutral,neutral
"00:32:36,000","00:32:39,000",And a couple in survival is dangerous.,And a couple in survival is dangerous.,And a couple in survival is dangerous.,surprise,moderate
"00:32:39,000","00:32:43,000","And so if they view us to be a strong couple,","And so if they view us to be a strong couple,","And so if they view us to be a strong couple,",fear,mild
"00:32:43,000","00:32:46,000","yeah, one of us is gonna be on the chopping block.","yeah, one of us is gonna be on the chopping block.","yeah, one of us is gonna be on the chopping block.",fear,moderate
"00:32:51,000","00:32:54,000",I don't feel safe heading into tribal.,I don't feel safe heading into tribal.,I don't feel safe heading into tribal.,fear,intense
"00:32:54,000","00:32:57,000","I mean, who knows what could happen?","I mean, who knows what could happen?","I mean, who knows what could happen?",surprise,moderate
"00:32:59,000","00:33:02,000",No-one is giving a clear number.,No-one is giving a clear number.,No-one is giving a clear number.,surprise,mild
"00:33:02,000","00:33:05,000",There's no majority vote yet.,There's no majority vote yet.,There's no majority vote yet.,neutral,neutral
"00:33:07,000","00:33:09,000","So, so nervous.","So, so nervous.","So, so nervous.",fear,intense
"00:33:09,000","00:33:11,000","I'm hoping I'm in a good position,","I'm hoping I'm in a good position,","I'm hoping I'm in a good position,",neutral,neutral
"00:33:11,000","00:33:14,000",but my heart is absolutely pounding.,but my heart is absolutely pounding.,but my heart is absolutely pounding.,fear,intense
"00:33:15,000","00:33:19,000","Being discussed, and I feel I have almost been instructed","Being discussed, and I feel I have almost been instructed","Being discussed, and I feel I have almost been instructed",anger,moderate
"00:33:19,000","00:33:21,000",to vote a certain way.,to vote a certain way.,to vote a certain way.,neutral,neutral
"00:33:44,000","00:33:46,000",CHEERING,CHEERING,CHEERING,happiness,intense
"00:33:54,000","00:33:56,000",Welcome to Tribal Council.,Welcome to Tribal Council.,Welcome to Tribal Council.,neutral,neutral
"00:34:01,000","00:34:04,000","In this game, fire represents life.","In this game, fire represents life.","In this game, fire represents life.",surprise,moderate
"00:34:04,000","00:34:08,000","Once your fire is gone, you are gone from this tribe.","Once your fire is gone, you are gone from this tribe.","Once your fire is gone, you are gone from this tribe.",fear,moderate
"00:34:08,000","00:34:11,000","Day one of Survivor New Zealand,","Day one of Survivor New Zealand,","Day one of Survivor New Zealand,",neutral,neutral
"00:34:11,000","00:34:14,000","day one of the Mogotron tribe, will be gone.","day one of the Mogotron tribe, will be gone.","day one of the Mogotron tribe, will be gone.",sadness,mild
"00:34:16,000","00:34:19,000","Tom, how would you feel if that was you?","Tom, how would you feel if that was you?","Tom, how would you feel if that was you?",surprise,mild
"00:34:19,000","00:34:21,000",I'd feel rough.,I'd feel rough.,I'd feel rough.,sadness,moderate
"00:34:23,000","00:34:26,000","It's a big trip to make, and then to go back so early,","It's a big trip to make, and then to go back so early,","It's a big trip to make, and then to go back so early,",sadness,moderate
"00:34:26,000","00:34:28,000",so it'd be rough.,so it'd be rough.,so it'd be rough.,sadness,moderate
"00:34:28,000","00:34:31,000","Louisa, do you think there's any game-playing going on","Louisa, do you think there's any game-playing going on","Louisa, do you think there's any game-playing going on",surprise,mild
"00:34:31,000","00:34:34,000","already, day one of Survivor New Zealand?","already, day one of Survivor New Zealand?","already, day one of Survivor New Zealand?",surprise,mild
"00:34:34,000","00:34:37,000","Oh, people are talking and going off,","Oh, people are talking and going off,","Oh, people are talking and going off,",surprise,mild
"00:34:37,000","00:34:40,000",discussing who they think or what weaknesses people have.,discussing who they think or what weaknesses people have.,discussing who they think or what weaknesses people have.,surprise,mild
"00:34:40,000","00:34:42,000",We hardly know each other.,We hardly know each other.,We hardly know each other.,neutral,neutral
"00:34:42,000","00:34:44,000","You don't even get to spend a night on the island,","You don't even get to spend a night on the island,","You don't even get to spend a night on the island,",sadness,moderate
"00:34:44,000","00:34:47,000",and you've got to send one of your team members home.,and you've got to send one of your team members home.,and you've got to send one of your team members home.,sadness,moderate
"00:34:48,000","00:34:50,000",And it's not a nice feeling.,And it's not a nice feeling.,And it's not a nice feeling.,sadness,moderate
"00:34:53,000","00:34:56,000","Hannah, day one, how difficult is it to vote someone","Hannah, day one, how difficult is it to vote someone","Hannah, day one, how difficult is it to vote someone",surprise,mild
"00:34:56,000","00:34:59,000",out of this game when you've just met each other?,out of this game when you've just met each other?,out of this game when you've just met each other?,surprise,mild
"00:34:59,000","00:35:01,000",It's hard.,It's hard.,It's hard.,sadness,moderate
"00:35:01,000","00:35:02,000",Hard.,Hard.,Hard.,sadness,moderate
"00:35:02,000","00:35:03,000",This is a hard game.,This is a hard game.,This is a hard game.,surprise,moderate
"00:35:03,000","00:35:04,000",It is.,It is.,It is.,neutral,neutral
"00:35:04,000","00:35:05,000",You're here to play it?,You're here to play it?,You're here to play it?,surprise,mild
"00:35:05,000","00:35:07,000","Yeah, man.","Yeah, man.","Yeah, man.",neutral,neutral
"00:35:07,000","00:35:09,000",I've got things to prove.,I've got things to prove.,I've got things to prove.,happiness,moderate
"00:35:10,000","00:35:12,000",What have you got to prove?,What have you got to prove?,What have you got to prove?,surprise,mild
"00:35:14,000","00:35:16,000","People often look at me and just think,","People often look at me and just think,","People often look at me and just think,",neutral,neutral
"00:35:16,000","00:35:18,000","oh, here's a pretty girl in a dress","oh, here's a pretty girl in a dress","oh, here's a pretty girl in a dress",neutral,neutral
"00:35:18,000","00:35:20,000",who does her hair and make-up.,who does her hair and make-up.,who does her hair and make-up.,neutral,neutral
"00:35:20,000","00:35:22,000","She can't pull her weight, but I was out there","She can't pull her weight, but I was out there","She can't pull her weight, but I was out there",anger,moderate
"00:35:22,000","00:35:24,000","lifting massive rocks, you know,","lifting massive rocks, you know,","lifting massive rocks, you know,",happiness,moderate
"00:35:24,000","00:35:27,000",pulling all my power-lifting skills into play.,pulling all my power-lifting skills into play.,pulling all my power-lifting skills into play.,happiness,moderate
"00:35:28,000","00:35:30,000",You can't judge a book by its cover.,You can't judge a book by its cover.,You can't judge a book by its cover.,surprise,moderate
"00:35:30,000","00:35:32,000","You know, I've got a lot to prove.","You know, I've got a lot to prove.","You know, I've got a lot to prove.",happiness,moderate
"00:35:32,000","00:35:35,000",What are you looking for in a good tribe member?,What are you looking for in a good tribe member?,What are you looking for in a good tribe member?,surprise,mild
"00:35:35,000","00:35:37,000",Someone who's got my back.,Someone who's got my back.,Someone who's got my back.,happiness,mild
"00:35:37,000","00:35:39,000",Do you trust everyone?,Do you trust everyone?,Do you trust everyone?,surprise,mild
"00:35:39,000","00:35:41,000","Yes, to an extent.","Yes, to an extent.","Yes, to an extent.",neutral,neutral
"00:35:41,000","00:35:44,000","At the end of the day, it comes down to it's in a game.","At the end of the day, it comes down to it's in a game.","At the end of the day, it comes down to it's in a game.",surprise,mild
"00:35:45,000","00:35:47,000","Things can happen, people can turn.","Things can happen, people can turn.","Things can happen, people can turn.",fear,moderate
"00:35:51,000","00:35:53,000","Arby, you got Hannah's back?","Arby, you got Hannah's back?","Arby, you got Hannah's back?",surprise,mild
"00:35:54,000","00:35:59,000","I mean, you can't really have everyone's back.","I mean, you can't really have everyone's back.","I mean, you can't really have everyone's back.",surprise,moderate
"00:36:00,000","00:36:02,000","I don't know who's got my back,","I don't know who's got my back,","I don't know who's got my back,",surprise,moderate
"00:36:02,000","00:36:04,000",I don't know who's back I've got yet.,I don't know who's back I've got yet.,I don't know who's back I've got yet.,surprise,moderate
"00:36:04,000","00:36:06,000","It's day one, it's still so, so early.","It's day one, it's still so, so early.","It's day one, it's still so, so early.",neutral,neutral
"00:36:09,000","00:36:11,000",Anyone emerging as a leader?,Anyone emerging as a leader?,Anyone emerging as a leader?,surprise,mild
"00:36:12,000","00:36:14,000","If anyone, I'd have to say old Tony here.","If anyone, I'd have to say old Tony here.","If anyone, I'd have to say old Tony here.",happiness,mild
"00:36:14,000","00:36:16,000",He's had a wealth of experience building,He's had a wealth of experience building,He's had a wealth of experience building,happiness,moderate
"00:36:16,000","00:36:18,000",and he really knows his stuff.,and he really knows his stuff.,and he really knows his stuff.,happiness,moderate
"00:36:18,000","00:36:21,000",I think we all listen and respect his opinion.,I think we all listen and respect his opinion.,I think we all listen and respect his opinion.,happiness,moderate
"00:36:22,000","00:36:24,000","Tony, do you feel like you're a leader?","Tony, do you feel like you're a leader?","Tony, do you feel like you're a leader?",surprise,mild
"00:36:26,000","00:36:28,000","Yeah, I think I am.","Yeah, I think I am.","Yeah, I think I am.",happiness,mild
"00:36:28,000","00:36:30,000","But they've got a great bunch of people here,","But they've got a great bunch of people here,","But they've got a great bunch of people here,",happiness,mild
"00:36:30,000","00:36:32,000","you know, I think some of them have been","you know, I think some of them have been","you know, I think some of them have been",surprise,mild
"00:36:32,000","00:36:34,000","biting their lip a bit, but they can see","biting their lip a bit, but they can see","biting their lip a bit, but they can see",surprise,mild
"00:36:34,000","00:36:36,000","what I'm trying to get at, which is good.","what I'm trying to get at, which is good.","what I'm trying to get at, which is good.",neutral,neutral
"00:36:36,000","00:36:38,000",You think some of this tribe are,You think some of this tribe are,You think some of this tribe are,surprise,mild
"00:36:39,000","00:36:41,000","Yeah, I think maybe one or two.","Yeah, I think maybe one or two.","Yeah, I think maybe one or two.",surprise,mild
"00:36:41,000","00:36:43,000","I mean, I expected that, you know,","I mean, I expected that, you know,","I mean, I expected that, you know,",neutral,neutral
"00:36:43,000","00:36:45,000",I didn't want to come on too strong,I didn't want to come on too strong,I didn't want to come on too strong,neutral,neutral
"00:36:45,000","00:36:47,000",because we are a team.,because we are a team.,because we are a team.,happiness,mild
"00:36:47,000","00:36:49,000","Tony, what are your weak points?","Tony, what are your weak points?","Tony, what are your weak points?",surprise,mild
"00:36:50,000","00:36:52,000",I've got a few.,I've got a few.,I've got a few.,neutral,neutral
"00:36:52,000","00:36:54,000",I've got a very dark sense of humour,I've got a very dark sense of humour,I've got a very dark sense of humour,happiness,mild
"00:36:54,000","00:36:56,000",and some people are going to appreciate it.,and some people are going to appreciate it.,and some people are going to appreciate it.,neutral,neutral
"00:36:56,000","00:36:58,000","It could be my downfall, I guess,","It could be my downfall, I guess,","It could be my downfall, I guess,",fear,mild
"00:36:58,000","00:37:00,000","but this is Survivor, anything can happen,","but this is Survivor, anything can happen,","but this is Survivor, anything can happen,",surprise,moderate
"00:37:00,000","00:37:02,000",probably we'll deal with it.,probably we'll deal with it.,probably we'll deal with it.,happiness,mild
"00:37:02,000","00:37:04,000",Have alliances been formed today?,Have alliances been formed today?,Have alliances been formed today?,surprise,mild
"00:37:09,000","00:37:11,000",Yes.,Yes.,Yes.,neutral,neutral
"00:37:16,000","00:37:18,000",Who's playing this game with honour?,Who's playing this game with honour?,Who's playing this game with honour?,surprise,mild
"00:37:18,000","00:37:20,000",Any of you?,Any of you?,Any of you?,surprise,mild
"00:37:20,000","00:37:22,000",Sala?,Sala?,Sala?,surprise,mild
"00:37:22,000","00:37:24,000","I'd like to think I'm a man of integrity,","I'd like to think I'm a man of integrity,","I'd like to think I'm a man of integrity,",happiness,mild
"00:37:24,000","00:37:28,000",so I want to be as honest as possible.,so I want to be as honest as possible.,so I want to be as honest as possible.,neutral,neutral
"00:37:29,000","00:37:31,000",How did you feel about Isabel pilfering,How did you feel about Isabel pilfering,How did you feel about Isabel pilfering,surprise,mild
"00:37:31,000","00:37:33,000",the other tribe's loot?,the other tribe's loot?,the other tribe's loot?,surprise,mild
"00:37:33,000","00:37:36,000","Oh, you know,","Oh, you know,","Oh, you know,",neutral,neutral
"00:37:36,000","00:37:38,000",sometimes you've got to do what you've got to do,sometimes you've got to do what you've got to do,sometimes you've got to do what you've got to do,neutral,neutral
"00:37:38,000","00:37:40,000",in order to survive.,in order to survive.,in order to survive.,happiness,moderate
"00:37:40,000","00:37:43,000","Isabel, you probably delivered the lion's share","Isabel, you probably delivered the lion's share","Isabel, you probably delivered the lion's share",happiness,mild
"00:37:43,000","00:37:45,000",of the loot in today's challenge.,of the loot in today's challenge.,of the loot in today's challenge.,neutral,neutral
"00:37:45,000","00:37:47,000",Are you feeling safe?,Are you feeling safe?,Are you feeling safe?,surprise,mild
"00:37:47,000","00:37:49,000","No, I'm not.","No, I'm not.","No, I'm not.",fear,moderate
"00:37:49,000","00:37:50,000",Why not?,Why not?,Why not?,surprise,mild
"00:37:50,000","00:37:52,000",Because I think some people disagree,Because I think some people disagree,Because I think some people disagree,anger,mild
"00:37:52,000","00:37:54,000",with me giving the knife away.,with me giving the knife away.,with me giving the knife away.,anger,mild
"00:37:54,000","00:37:56,000",Does anyone think that?,Does anyone think that?,Does anyone think that?,surprise,mild
"00:37:56,000","00:37:59,000",I personally don't think it was a wrong decision.,I personally don't think it was a wrong decision.,I personally don't think it was a wrong decision.,neutral,neutral
"00:37:59,000","00:38:02,000",Anyone can see it as a weak decision.,Anyone can see it as a weak decision.,Anyone can see it as a weak decision.,anger,moderate
"00:38:07,000","00:38:11,000","Guys, 100k up for grabs.","Guys, 100k up for grabs.","Guys, 100k up for grabs.",happiness,moderate
"00:38:11,000","00:38:13,000",Any of you want to say anything,Any of you want to say anything,Any of you want to say anything,surprise,neutral
"00:38:13,000","00:38:16,000",before we vote someone out tonight?,before we vote someone out tonight?,before we vote someone out tonight?,fear,mild
"00:38:16,000","00:38:18,000",We've got to make it there as a team first,We've got to make it there as a team first,We've got to make it there as a team first,happiness,moderate
"00:38:18,000","00:38:20,000","to get that 100k,","to get that 100k,","to get that 100k,",happiness,moderate
"00:38:20,000","00:38:23,000",so that's all I have to say about that.,so that's all I have to say about that.,so that's all I have to say about that.,neutral,neutral
"00:38:23,000","00:38:27,000",A team who has to vote someone out.,A team who has to vote someone out.,A team who has to vote someone out.,sadness,mild
"00:38:27,000","00:38:30,000",It is time for each tribe member,It is time for each tribe member,It is time for each tribe member,neutral,neutral
"00:38:30,000","00:38:34,000",to vote out the person they want to see leave.,to vote out the person they want to see leave.,to vote out the person they want to see leave.,neutral,neutral
"00:38:34,000","00:38:36,000","Luisa, you're up first.","Luisa, you're up first.","Luisa, you're up first.",neutral,neutral
"00:39:19,000","00:39:21,000",I'll go tally the votes.,I'll go tally the votes.,I'll go tally the votes.,neutral,neutral
"00:39:31,000","00:39:33,000","Once the votes are read, the decision is final.","Once the votes are read, the decision is final.","Once the votes are read, the decision is final.",neutral,neutral
"00:39:33,000","00:39:35,000",The person voted out will be asked,The person voted out will be asked,The person voted out will be asked,neutral,neutral
"00:39:39,000","00:39:43,000",I'll read the votes.,I'll read the votes.,I'll read the votes.,neutral,neutral
"00:39:43,000","00:39:45,000",First vote.,First vote.,First vote.,neutral,neutral
"00:39:45,000","00:39:47,000",Hannah.,Hannah.,Hannah.,neutral,neutral
"00:39:50,000","00:39:51,000",Second vote.,Second vote.,Second vote.,neutral,neutral
"00:39:51,000","00:39:52,000",Hannah.,Hannah.,Hannah.,neutral,neutral
"00:39:52,000","00:39:54,000","That's two votes, Hannah.","That's two votes, Hannah.","That's two votes, Hannah.",neutral,neutral
"00:39:57,000","00:39:59,000",Izzy.,Izzy.,Izzy.,neutral,neutral
"00:39:59,000","00:40:00,000","That's two votes, Izzy.","That's two votes, Izzy.","That's two votes, Izzy.",neutral,neutral
"00:40:00,000","00:40:01,000","Two votes Hannah, one vote Izzy.","Two votes Hannah, one vote Izzy.","Two votes Hannah, one vote Izzy.",neutral,neutral
"00:40:05,000","00:40:08,000","Hannah, three votes Hannah, one vote Izzy.","Hannah, three votes Hannah, one vote Izzy.","Hannah, three votes Hannah, one vote Izzy.",neutral,neutral
"00:40:11,000","00:40:14,000","Hannah, four votes Hannah, one vote Izzy.","Hannah, four votes Hannah, one vote Izzy.","Hannah, four votes Hannah, one vote Izzy.",neutral,neutral
"00:40:18,000","00:40:22,000",First person voted out of Mogaton is Hannah.,First person voted out of Mogaton is Hannah.,First person voted out of Mogaton is Hannah.,sadness,moderate
"00:40:24,000","00:40:25,000",You need to bring me a torch.,You need to bring me a torch.,You need to bring me a torch.,neutral,neutral
"00:40:31,000","00:40:37,000","Hannah, the tribe has spoken.","Hannah, the tribe has spoken.","Hannah, the tribe has spoken.",neutral,neutral
"00:40:41,000","00:40:42,000",It's time for you to go.,It's time for you to go.,It's time for you to go.,sadness,mild
"00:40:56,000","00:40:59,000","Mogaton tribe, Hannah did have a final plea for you.","Mogaton tribe, Hannah did have a final plea for you.","Mogaton tribe, Hannah did have a final plea for you.",surprise,mild
"00:41:00,000","00:41:02,000",She said don't judge a book by its cover.,She said don't judge a book by its cover.,She said don't judge a book by its cover.,neutral,neutral
"00:41:02,000","00:41:03,000",Maybe you've just done that.,Maybe you've just done that.,Maybe you've just done that.,neutral,neutral
"00:41:07,000","00:41:09,000","Let me tell you, it's not going to get any easier.","Let me tell you, it's not going to get any easier.","Let me tell you, it's not going to get any easier.",sadness,moderate
"00:41:10,000","00:41:11,000",One more thing.,One more thing.,One more thing.,neutral,neutral
"00:41:11,000","00:41:12,000",Here's some flint.,Here's some flint.,Here's some flint.,neutral,neutral
"00:41:12,000","00:41:13,000",Now you have fire.,Now you have fire.,Now you have fire.,happiness,moderate
"00:41:15,000","00:41:17,000","Grab your stuff, head back to camp.","Grab your stuff, head back to camp.","Grab your stuff, head back to camp.",neutral,neutral
"00:41:17,000","00:41:19,000","Amosu, your opposition tribe is about to enter.","Amosu, your opposition tribe is about to enter.","Amosu, your opposition tribe is about to enter.",fear,moderate
"00:41:29,000","00:41:30,000",I had an alliance.,I had an alliance.,I had an alliance.,neutral,neutral
"00:41:30,000","00:41:32,000",Obviously it's a game and they're going to do that.,Obviously it's a game and they're going to do that.,Obviously it's a game and they're going to do that.,neutral,neutral
"00:41:32,000","00:41:36,000",But I don't understand what I possibly did to worry about me out.,But I don't understand what I possibly did to worry about me out.,But I don't understand what I possibly did to worry about me out.,surprise,moderate
"00:41:59,000","00:42:16,000",Welcome to Tribal Council.,Welcome to Tribal Council.,Welcome to Tribal Council.,neutral,neutral
"00:42:21,000","00:42:24,000","Just like Mogaton before you, you now have to vote out one of your own","Just like Mogaton before you, you now have to vote out one of your own","Just like Mogaton before you, you now have to vote out one of your own",neutral,neutral
"00:42:25,000","00:42:28,000",based on what you've learned about each other in just a few hours.,based on what you've learned about each other in just a few hours.,based on what you've learned about each other in just a few hours.,neutral,neutral
"00:42:30,000","00:42:31,000",Let's start at the start.,Let's start at the start.,Let's start at the start.,neutral,neutral
"00:42:31,000","00:42:36,000","Nathan, how do you feel about being outsmarted by your opposition tribe","Nathan, how do you feel about being outsmarted by your opposition tribe","Nathan, how do you feel about being outsmarted by your opposition tribe",surprise,mild
"00:42:36,000","00:42:37,000",so early in this game?,so early in this game?,so early in this game?,surprise,mild
"00:42:39,000","00:42:41,000","We were robbed, weren't we?","We were robbed, weren't we?","We were robbed, weren't we?",sadness,moderate
"00:42:41,000","00:42:42,000",We were robbed.,We were robbed.,We were robbed.,sadness,moderate
"00:42:42,000","00:42:46,000",We were caught not thinking outside the square and I'm pretty confident,We were caught not thinking outside the square and I'm pretty confident,We were caught not thinking outside the square and I'm pretty confident,surprise,moderate
"00:42:46,000","00:42:48,000",as a group that won't be happening again.,as a group that won't be happening again.,as a group that won't be happening again.,happiness,moderate
"00:42:51,000","00:42:53,000","Georgia, is this tribe too nice?","Georgia, is this tribe too nice?","Georgia, is this tribe too nice?",surprise,mild
"00:42:54,000","00:42:55,000",Maybe.,Maybe.,Maybe.,neutral,neutral
"00:42:56,000","00:42:59,000","We'll have to see sort of what happens further down the track, maybe.","We'll have to see sort of what happens further down the track, maybe.","We'll have to see sort of what happens further down the track, maybe.",surprise,mild
"00:43:04,000","00:43:06,000",We're such a nice group of people.,We're such a nice group of people.,We're such a nice group of people.,happiness,mild
"00:43:06,000","00:43:08,000",I really love this tribe.,I really love this tribe.,I really love this tribe.,neutral,moderate
"00:43:08,000","00:43:09,000",It's got such a good vibe.,It's got such a good vibe.,It's got such a good vibe.,happiness,moderate
"00:43:09,000","00:43:11,000",You love every single one of them?,You love every single one of them?,You love every single one of them?,surprise,mild
"00:43:11,000","00:43:13,000","Yeah, definitely, for sure.","Yeah, definitely, for sure.","Yeah, definitely, for sure.",neutral,moderate
"00:43:13,000","00:43:13,000",I do.,I do.,I do.,neutral,moderate
"00:43:14,000","00:43:15,000",I don't believe you.,I don't believe you.,I don't believe you.,neutral,neutral
"00:43:17,000","00:43:18,000",I do.,I do.,I do.,neutral,neutral
"00:43:18,000","00:43:19,000",I really do.,I really do.,I really do.,neutral,neutral
"00:43:19,000","00:43:22,000",We're all different and I really am so stoked with this tribe.,We're all different and I really am so stoked with this tribe.,We're all different and I really am so stoked with this tribe.,happiness,moderate
"00:43:26,000","00:43:29,000","Shannon, does everyone bring something to the table in this tribe?","Shannon, does everyone bring something to the table in this tribe?","Shannon, does everyone bring something to the table in this tribe?",surprise,mild
"00:43:30,000","00:43:31,000","Yeah, absolutely.","Yeah, absolutely.","Yeah, absolutely.",happiness,moderate
"00:43:31,000","00:43:33,000","I mean, everyone definitely has their own strengths","I mean, everyone definitely has their own strengths","I mean, everyone definitely has their own strengths",happiness,moderate
"00:43:33,000","00:43:36,000",and we're only just starting to see that on day one.,and we're only just starting to see that on day one.,and we're only just starting to see that on day one.,happiness,mild
"00:43:36,000","00:43:39,000",It's like the worst thing in the world to be here,It's like the worst thing in the world to be here,It's like the worst thing in the world to be here,sadness,moderate
"00:43:39,000","00:43:42,000",and to have to get rid of one of us when we've only just got started.,and to have to get rid of one of us when we've only just got started.,and to have to get rid of one of us when we've only just got started.,sadness,moderate
"00:43:42,000","00:43:44,000","I mean, it really, really hits you.","I mean, it really, really hits you.","I mean, it really, really hits you.",surprise,moderate
"00:43:45,000","00:43:46,000","Can you imagine how the opposition tribe,","Can you imagine how the opposition tribe,","Can you imagine how the opposition tribe,",surprise,mild
"00:43:46,000","00:43:49,000","the perhaps winning tribe, must be feeling right now?","the perhaps winning tribe, must be feeling right now?","the perhaps winning tribe, must be feeling right now?",surprise,mild
"00:43:49,000","00:43:50,000",They had to do the same thing.,They had to do the same thing.,They had to do the same thing.,neutral,neutral
"00:43:51,000","00:43:54,000","Yeah, but I don't think too kindly of them at the moment.","Yeah, but I don't think too kindly of them at the moment.","Yeah, but I don't think too kindly of them at the moment.",anger,moderate
"00:43:54,000","00:43:56,000",So I'm not too worried about that.,So I'm not too worried about that.,So I'm not too worried about that.,neutral,neutral
"00:43:56,000","00:43:57,000",Why is that?,Why is that?,Why is that?,surprise,mild
"00:43:57,000","00:43:58,000","Oh, just the start.","Oh, just the start.","Oh, just the start.",neutral,neutral
"00:43:58,000","00:44:02,000","I mean, I didn't realise it was heroes versus villains from day one.","I mean, I didn't realise it was heroes versus villains from day one.","I mean, I didn't realise it was heroes versus villains from day one.",surprise,moderate
"00:44:04,000","00:44:06,000",Now we know what game we're playing.,Now we know what game we're playing.,Now we know what game we're playing.,surprise,moderate
"00:44:08,000","00:44:09,000",This is Survivor.,This is Survivor.,This is Survivor.,neutral,neutral
"00:44:09,000","00:44:10,000",Anything goes.,Anything goes.,Anything goes.,neutral,neutral
"00:44:14,000","00:44:17,000","Dee, you came out of the blocks firing,","Dee, you came out of the blocks firing,","Dee, you came out of the blocks firing,",happiness,mild
"00:44:18,000","00:44:20,000",being more than happy to label yourself as the villain.,being more than happy to label yourself as the villain.,being more than happy to label yourself as the villain.,happiness,moderate
"00:44:20,000","00:44:22,000",How's your tribe reacted to that?,How's your tribe reacted to that?,How's your tribe reacted to that?,surprise,mild
"00:44:23,000","00:44:25,000",I'm not sure that I labelled myself a villain.,I'm not sure that I labelled myself a villain.,I'm not sure that I labelled myself a villain.,surprise,mild
"00:44:25,000","00:44:27,000","You asked the question,","You asked the question,","You asked the question,",neutral,neutral
"00:44:27,000","00:44:30,000","if it would mean that you would succeed,","if it would mean that you would succeed,","if it would mean that you would succeed,",surprise,mild
"00:44:30,000","00:44:32,000",would anyone be happy being the villain?,would anyone be happy being the villain?,would anyone be happy being the villain?,surprise,mild
"00:44:33,000","00:44:37,000","I said, if and maybe and succeed, I said, yes.","I said, if and maybe and succeed, I said, yes.","I said, if and maybe and succeed, I said, yes.",neutral,neutral
"00:44:37,000","00:44:38,000","I did not put my hand up and say,","I did not put my hand up and say,","I did not put my hand up and say,",neutral,neutral
"00:44:39,000","00:44:40,000","boom, I'm the villain.","boom, I'm the villain.","boom, I'm the villain.",surprise,moderate
"00:44:43,000","00:44:47,000",How much strategy has been going on in this tribe?,How much strategy has been going on in this tribe?,How much strategy has been going on in this tribe?,surprise,moderate
"00:44:48,000","00:44:48,000",Lee?,Lee?,Lee?,neutral,neutral
"00:44:49,000","00:44:52,000",There's definitely been some discussions going around camp.,There's definitely been some discussions going around camp.,There's definitely been some discussions going around camp.,neutral,neutral
"00:44:53,000","00:44:56,000","Just going to wait and see what transpires from all the discussions,","Just going to wait and see what transpires from all the discussions,","Just going to wait and see what transpires from all the discussions,",neutral,neutral
"00:44:56,000","00:44:57,000","I guess, that went on today.","I guess, that went on today.","I guess, that went on today.",neutral,neutral
"00:44:58,000","00:45:00,000",Does it feel like there have been some alliances formed?,Does it feel like there have been some alliances formed?,Does it feel like there have been some alliances formed?,surprise,moderate
"00:45:01,000","00:45:05,000","Oh, to some degree there might, but not obvious if there is.","Oh, to some degree there might, but not obvious if there is.","Oh, to some degree there might, but not obvious if there is.",neutral,neutral
"00:45:07,000","00:45:08,000",Is it obvious to anyone else?,Is it obvious to anyone else?,Is it obvious to anyone else?,surprise,moderate
"00:45:09,000","00:45:10,000",Dee?,Dee?,Dee?,neutral,neutral
"00:45:10,000","00:45:11,000",It's day one.,It's day one.,It's day one.,neutral,neutral
"00:45:12,000","00:45:13,000",You don't know **** on day one.,You don't know **** on day one.,You don't know **** on day one.,anger,moderate
"00:45:15,000","00:45:18,000",You made your intentions very clear right from the start.,You made your intentions very clear right from the start.,You made your intentions very clear right from the start.,anger,moderate
"00:45:18,000","00:45:19,000",How safe are you feeling?,How safe are you feeling?,How safe are you feeling?,surprise,mild
"00:45:20,000","00:45:23,000",I would hope that I don't have anything to worry about.,I would hope that I don't have anything to worry about.,I would hope that I don't have anything to worry about.,happiness,mild
"00:45:23,000","00:45:27,000",Doesn't mean that I'm not sitting here feeling my heart throbbing.,Doesn't mean that I'm not sitting here feeling my heart throbbing.,Doesn't mean that I'm not sitting here feeling my heart throbbing.,fear,moderate
"00:45:31,000","00:45:33,000","Michael, have you seen much game playing?","Michael, have you seen much game playing?","Michael, have you seen much game playing?",surprise,mild
"00:45:36,000","00:45:37,000","Yeah, there's been a bit.","Yeah, there's been a bit.","Yeah, there's been a bit.",neutral,neutral
"00:45:38,000","00:45:41,000","Just been going around while they're working, talking to each other.","Just been going around while they're working, talking to each other.","Just been going around while they're working, talking to each other.",neutral,neutral
"00:45:41,000","00:45:43,000","So, yeah.","So, yeah.","So, yeah.",neutral,neutral
"00:45:43,000","00:45:50,000","Okay, it is time to vote.","Okay, it is time to vote.","Okay, it is time to vote.",neutral,neutral
"00:45:51,000","00:45:52,000","Dee, you're up first.","Dee, you're up first.","Dee, you're up first.",neutral,neutral
"00:46:14,000","00:46:22,000","Dee, you're an awesome girl, but this is a tribe of heroes and you're a villain.","Dee, you're an awesome girl, but this is a tribe of heroes and you're a villain.","Dee, you're an awesome girl, but this is a tribe of heroes and you're a villain.",anger,intense
"00:46:36,000","00:46:37,000",I'll go tally the votes.,I'll go tally the votes.,I'll go tally the votes.,neutral,neutral
"00:46:43,000","00:46:51,000","Once the votes are read, the decision is final.","Once the votes are read, the decision is final.","Once the votes are read, the decision is final.",neutral,neutral
"00:46:51,000","00:46:54,000",The person voted out will be asked to leave the Tribal Council area immediately.,The person voted out will be asked to leave the Tribal Council area immediately.,The person voted out will be asked to leave the Tribal Council area immediately.,neutral,neutral
"00:46:55,000","00:46:56,000",I'll read the votes.,I'll read the votes.,I'll read the votes.,neutral,neutral
"00:46:59,000","00:47:00,000",First vote.,First vote.,First vote.,neutral,neutral
"00:47:01,000","00:47:01,000",Dee.,Dee.,Dee.,neutral,neutral
"00:47:04,000","00:47:05,000",Second vote.,Second vote.,Second vote.,neutral,neutral
"00:47:07,000","00:47:08,000",Dee.,Dee.,Dee.,neutral,neutral
"00:47:10,000","00:47:11,000",Third vote.,Third vote.,Third vote.,neutral,neutral
"00:47:12,000","00:47:13,000",Dee again.,Dee again.,Dee again.,neutral,neutral
"00:47:14,000","00:47:19,000",Barb.,Barb.,Barb.,neutral,neutral
"00:47:20,000","00:47:21,000","Three votes, Dee.","Three votes, Dee.","Three votes, Dee.",neutral,neutral
"00:47:21,000","00:47:22,000","One vote, Barb.","One vote, Barb.","One vote, Barb.",neutral,neutral
"00:47:27,000","00:47:27,000",Dee.,Dee.,Dee.,neutral,neutral
"00:47:29,000","00:47:30,000","Four votes, Dee.","Four votes, Dee.","Four votes, Dee.",neutral,neutral
"00:47:30,000","00:47:31,000","One vote, Barb.","One vote, Barb.","One vote, Barb.",neutral,neutral
"00:47:37,000","00:47:39,000",First person voted out of the Vimosa Tribe.,First person voted out of the Vimosa Tribe.,First person voted out of the Vimosa Tribe.,neutral,neutral
"00:47:41,000","00:47:43,000","Dee, you need to bring me your torch.","Dee, you need to bring me your torch.","Dee, you need to bring me your torch.",neutral,neutral
"00:47:44,000","00:47:56,000","Dee, the tribe has spoken.","Dee, the tribe has spoken.","Dee, the tribe has spoken.",neutral,neutral
"00:48:01,000","00:48:01,000",It's time for you to go.,It's time for you to go.,It's time for you to go.,neutral,neutral
"00:48:01,000","00:48:18,000",Day one of Survivor New Zealand and already a massive blindside.,Day one of Survivor New Zealand and already a massive blindside.,Day one of Survivor New Zealand and already a massive blindside.,surprise,intense
"00:48:18,000","00:48:20,000",I did not see that one coming.,I did not see that one coming.,I did not see that one coming.,surprise,intense
"00:48:22,000","00:48:25,000","Michael, here's some flint for your fire.","Michael, here's some flint for your fire.","Michael, here's some flint for your fire.",neutral,neutral
"00:48:27,000","00:48:28,000",Head back to camp.,Head back to camp.,Head back to camp.,neutral,neutral
"00:48:32,000","00:48:35,000","I'm feeling f***ed, full stop.","I'm feeling f***ed, full stop.","I'm feeling f***ed, full stop.",anger,intense
"00:48:36,000","00:48:38,000",I was the first person voted out of Vimosa Tribe.,I was the first person voted out of Vimosa Tribe.,I was the first person voted out of Vimosa Tribe.,sadness,moderate
"00:48:39,000","00:48:46,000","Was associated with being a villain and I'm not one of the older, mature, mumsy-dadsy type.","Was associated with being a villain and I'm not one of the older, mature, mumsy-dadsy type.","Was associated with being a villain and I'm not one of the older, mature, mumsy-dadsy type.",anger,moderate
"00:48:46,000","00:48:50,000","And I'm also not one of the young, beautiful types either.","And I'm also not one of the young, beautiful types either.","And I'm also not one of the young, beautiful types either.",anger,mild
"00:48:55,000","00:48:55,000",I'm me.,I'm me.,I'm me.,happiness,mild
"00:48:56,000","00:48:56,000",I'm Deanna.,I'm Deanna.,I'm Deanna.,happiness,mild
"00:49:01,000","00:49:26,000",I felt sick.,I felt sick.,I felt sick.,fear,moderate
"00:49:26,000","00:49:30,000",I felt so sick just from nerves that whole time.,I felt so sick just from nerves that whole time.,I felt so sick just from nerves that whole time.,fear,intense
"00:49:31,000","00:49:33,000",And it's going to feel like that every single time.,And it's going to feel like that every single time.,And it's going to feel like that every single time.,fear,intense
"00:49:33,000","00:49:33,000",Yeah.,Yeah.,Yeah.,neutral,neutral
"00:49:36,000","00:49:36,000",Ready?,Ready?,Ready?,neutral,neutral
"00:49:36,000","00:49:37,000",Yeah.,Yeah.,Yeah.,neutral,neutral
"00:49:41,000","00:49:42,000",Did it burn through a bit?,Did it burn through a bit?,Did it burn through a bit?,surprise,mild
"00:49:47,000","00:49:47,000","Okay, ready?","Okay, ready?","Okay, ready?",neutral,neutral
"00:49:50,000","00:49:50,000",Ready?,Ready?,Ready?,neutral,neutral
"00:49:50,000","00:49:51,000",Yeah.,Yeah.,Yeah.,neutral,neutral
"00:49:54,000","00:49:55,000",There you go.,There you go.,There you go.,neutral,neutral
"00:49:55,000","00:49:55,000",Oh my god.,Oh my god.,Oh my god.,surprise,moderate
"00:49:55,000","00:49:56,000",Come on.,Come on.,Come on.,neutral,neutral
"00:49:56,000","00:49:58,000","She's a wire, it's a wire, it's a wire, it's a wire.","She's a wire, it's a wire, it's a wire, it's a wire.","She's a wire, it's a wire, it's a wire, it's a wire.",surprise,moderate
"00:50:00,000","00:50:24,000","Coming back to camp after tribal, the priority was to get a fire going, lift morale a bit","Coming back to camp after tribal, the priority was to get a fire going, lift morale a bit","Coming back to camp after tribal, the priority was to get a fire going, lift morale a bit",happiness,mild
"00:50:24,000","00:50:31,000","and also provide a valuable source of light. Everyone's down, by what happened you know,","and also provide a valuable source of light. Everyone's down, by what happened you know,","and also provide a valuable source of light. Everyone's down, by what happened you know,",sadness,moderate
"00:50:31,000","00:50:37,000",you never would have seen it coming. She didn't do anything wrong.,you never would have seen it coming. She didn't do anything wrong.,you never would have seen it coming. She didn't do anything wrong.,sadness,moderate
"00:50:37,000","00:50:44,000",I definitely did not want to go against someone that I was actually pretty good friends with.,I definitely did not want to go against someone that I was actually pretty good friends with.,I definitely did not want to go against someone that I was actually pretty good friends with.,sadness,moderate
"00:50:44,000","00:50:54,000","I guess the thought of having gone against that, yeah I mean, it's not a good feeling.","I guess the thought of having gone against that, yeah I mean, it's not a good feeling.","I guess the thought of having gone against that, yeah I mean, it's not a good feeling.",sadness,moderate
"00:50:54,000","00:51:00,000","I'm good at cooking, right?","I'm good at cooking, right?","I'm good at cooking, right?",happiness,mild
"00:51:00,000","00:51:08,000",Just let us know if you want to swipe.,Just let us know if you want to swipe.,Just let us know if you want to swipe.,neutral,neutral
"00:51:08,000","00:51:10,000",I could try.,I could try.,I could try.,happiness,mild
"00:51:24,000","00:51:46,000","After our first night in the jungle, I have not slept at all. I'm a little bit concerned","After our first night in the jungle, I have not slept at all. I'm a little bit concerned","After our first night in the jungle, I have not slept at all. I'm a little bit concerned",fear,moderate
"00:51:54,000","00:51:59,000","a little bit small, so hoping we can expand on that today.","a little bit small, so hoping we can expand on that today.","a little bit small, so hoping we can expand on that today.",happiness,mild
"00:51:59,000","00:52:04,000","I think if you just lay them so the spine goes on top of the poles, that should make","I think if you just lay them so the spine goes on top of the poles, that should make","I think if you just lay them so the spine goes on top of the poles, that should make",neutral,neutral
"00:52:04,000","00:52:05,000","the numbers, you know.","the numbers, you know.","the numbers, you know.",neutral,neutral
"00:52:05,000","00:52:12,000",I don't think we've got room for seven that way. One's going to have to lie horizontal.,I don't think we've got room for seven that way. One's going to have to lie horizontal.,I don't think we've got room for seven that way. One's going to have to lie horizontal.,neutral,neutral
"00:52:12,000","00:52:16,000",What I'm expecting today is that we'll modify our shelter and then we're going to look and,What I'm expecting today is that we'll modify our shelter and then we're going to look and,What I'm expecting today is that we'll modify our shelter and then we're going to look and,happiness,mild
"00:52:16,000","00:52:20,000",try and put a roof on there. We've got to establish a toilet site and we're going to,try and put a roof on there. We've got to establish a toilet site and we're going to,try and put a roof on there. We've got to establish a toilet site and we're going to,happiness,moderate
"00:52:20,000","00:52:23,000",just keep bringing that firewood because that fire is pretty important.,just keep bringing that firewood because that fire is pretty important.,just keep bringing that firewood because that fire is pretty important.,happiness,moderate
"00:52:23,000","00:52:26,000",It's the best thing we've caught.,It's the best thing we've caught.,It's the best thing we've caught.,happiness,mild
"00:52:26,000","00:52:29,000","I'm pretty sure that's like straight up rotten, eh?","I'm pretty sure that's like straight up rotten, eh?","I'm pretty sure that's like straight up rotten, eh?",disgust,moderate
"00:52:29,000","00:52:31,000",You don't want to eat it?,You don't want to eat it?,You don't want to eat it?,surprise,mild
"00:52:31,000","00:52:37,000","I mean, give it a go, but I just don't. I'm pretty high maintenance, I can't eat disgusting","I mean, give it a go, but I just don't. I'm pretty high maintenance, I can't eat disgusting","I mean, give it a go, but I just don't. I'm pretty high maintenance, I can't eat disgusting",disgust,moderate
"00:52:37,000","00:52:43,000","food. I can do fresh fruit at a push, but definitely not rotten fruit.","food. I can do fresh fruit at a push, but definitely not rotten fruit.","food. I can do fresh fruit at a push, but definitely not rotten fruit.",disgust,moderate
"00:52:44,000","00:52:48,000",Can I just pop it and then squeeze the juices out? That's what I'm going to do.,Can I just pop it and then squeeze the juices out? That's what I'm going to do.,Can I just pop it and then squeeze the juices out? That's what I'm going to do.,surprise,mild
"00:52:48,000","00:52:51,000","We still don't know if it's a fruit or a vegetable, or if it's a gourd.","We still don't know if it's a fruit or a vegetable, or if it's a gourd.","We still don't know if it's a fruit or a vegetable, or if it's a gourd.",surprise,mild
"00:52:51,000","00:52:54,000",Or if it's a dead something.,Or if it's a dead something.,Or if it's a dead something.,disgust,moderate
"00:52:54,000","00:52:56,000",It's like a massive big fish.,It's like a massive big fish.,It's like a massive big fish.,surprise,mild
"00:52:56,000","00:52:59,000",Diarrhoea or something.,Diarrhoea or something.,Diarrhoea or something.,disgust,moderate
"00:53:05,000","00:53:07,000","Well, that's all good.","Well, that's all good.","Well, that's all good.",neutral,neutral
"00:53:07,000","00:53:09,000",Could be worse.,Could be worse.,Could be worse.,happiness,mild
"00:53:09,000","00:53:11,000",Yeah.,Yeah.,Yeah.,neutral,neutral
"00:53:13,000","00:53:15,000",Delicious.,Delicious.,Delicious.,happiness,mild
"00:53:15,000","00:53:17,000","Easily entertained, eh?","Easily entertained, eh?","Easily entertained, eh?",happiness,mild
"00:53:17,000","00:53:19,000",But I need it.,But I need it.,But I need it.,happiness,moderate
"00:53:19,000","00:53:23,000",It was weird. It tasted nice to begin with and then all of a sudden it just tasted like,It was weird. It tasted nice to begin with and then all of a sudden it just tasted like,It was weird. It tasted nice to begin with and then all of a sudden it just tasted like,surprise,moderate
"00:53:23,000","00:53:30,000",rot. I don't know why I kept going. It was day two and already I'm that desperate that,rot. I don't know why I kept going. It was day two and already I'm that desperate that,rot. I don't know why I kept going. It was day two and already I'm that desperate that,disgust,intense
"00:53:30,000","00:53:33,000",I'm eating this disgusting rotten fruit.,I'm eating this disgusting rotten fruit.,I'm eating this disgusting rotten fruit.,disgust,intense
"00:53:33,000","00:53:37,000",It's like you're eating out of a dead body.,It's like you're eating out of a dead body.,It's like you're eating out of a dead body.,disgust,intense
"00:53:37,000","00:53:40,000","What a bloody animal, eh?","What a bloody animal, eh?","What a bloody animal, eh?",anger,moderate
"00:53:41,000","00:53:46,000",I'm basically just hoping I don't get incredibly sick at this point.,I'm basically just hoping I don't get incredibly sick at this point.,I'm basically just hoping I don't get incredibly sick at this point.,fear,moderate
"00:54:00,000","00:54:02,000","Hey, Izzy.","Hey, Izzy.","Hey, Izzy.",neutral,neutral
"00:54:02,000","00:54:04,000",How are you feeling?,How are you feeling?,How are you feeling?,surprise,mild
"00:54:04,000","00:54:06,000",Better.,Better.,Better.,happiness,mild
"00:54:06,000","00:54:08,000","Oh, really?","Oh, really?","Oh, really?",surprise,mild
"00:54:10,000","00:54:13,000",She was throwing up last night. We just need to keep her hydrated.,She was throwing up last night. We just need to keep her hydrated.,She was throwing up last night. We just need to keep her hydrated.,happiness,moderate
"00:54:13,000","00:54:16,000","Could be a stomach bug, lack of sleep.","Could be a stomach bug, lack of sleep.","Could be a stomach bug, lack of sleep.",neutral,neutral
"00:54:16,000","00:54:20,000","She's a pretty girl, but right now she looks like crap.","She's a pretty girl, but right now she looks like crap.","She's a pretty girl, but right now she looks like crap.",anger,moderate
"00:54:22,000","00:54:26,000",Would you want to go home or do you not want to?,Would you want to go home or do you not want to?,Would you want to go home or do you not want to?,surprise,mild
"00:54:26,000","00:54:31,000","I would want to stay, but I feel like it's almost not up to me.","I would want to stay, but I feel like it's almost not up to me.","I would want to stay, but I feel like it's almost not up to me.",sadness,moderate
"00:54:31,000","00:54:33,000",My body is telling me.,My body is telling me.,My body is telling me.,surprise,mild
"00:54:33,000","00:54:35,000",So you don't think you're up to it?,So you don't think you're up to it?,So you don't think you're up to it?,neutral,neutral
"00:54:35,000","00:54:38,000",I think my body is telling me I'm not up to it.,I think my body is telling me I'm not up to it.,I think my body is telling me I'm not up to it.,surprise,moderate
"00:54:38,000","00:54:41,000","Of course I don't want Izzy to go home. She's family, you know.","Of course I don't want Izzy to go home. She's family, you know.","Of course I don't want Izzy to go home. She's family, you know.",happiness,intense
"00:54:41,000","00:54:45,000","She's part of our team and we stick together and that's who we are, you know.","She's part of our team and we stick together and that's who we are, you know.","She's part of our team and we stick together and that's who we are, you know.",happiness,moderate
"00:54:45,000","00:54:50,000",We all got up during the night to go check on her and take turns sitting by her side,We all got up during the night to go check on her and take turns sitting by her side,We all got up during the night to go check on her and take turns sitting by her side,happiness,intense
"00:54:50,000","00:54:53,000",because that's what family does for one another.,because that's what family does for one another.,because that's what family does for one another.,happiness,intense
"00:54:53,000","00:54:56,000",The best thing we can do is just keep giving our neck out,The best thing we can do is just keep giving our neck out,The best thing we can do is just keep giving our neck out,happiness,moderate
"00:54:56,000","00:54:59,000",and have someone give a little bit of encouragement.,and have someone give a little bit of encouragement.,and have someone give a little bit of encouragement.,happiness,moderate
"00:55:02,000","00:55:04,000","That's a hard one, eh?","That's a hard one, eh?","That's a hard one, eh?",neutral,neutral
"00:55:04,000","00:55:06,000",It really sucks.,It really sucks.,It really sucks.,sadness,moderate
"00:55:06,000","00:55:10,000","And it's hard because when you're in the throes of a sickness,","And it's hard because when you're in the throes of a sickness,","And it's hard because when you're in the throes of a sickness,",sadness,moderate
"00:55:10,000","00:55:13,000",you can't remember what it's like to be well.,you can't remember what it's like to be well.,you can't remember what it's like to be well.,sadness,mild
"00:55:17,000","00:55:18,000","Yeah, true.","Yeah, true.","Yeah, true.",neutral,neutral
"00:55:20,000","00:55:24,000",It's hard to trust your mental space when you're feeling that rough.,It's hard to trust your mental space when you're feeling that rough.,It's hard to trust your mental space when you're feeling that rough.,surprise,moderate
"00:55:24,000","00:55:27,000",I'm sure a huge part of her just wants to call it quits and go home.,I'm sure a huge part of her just wants to call it quits and go home.,I'm sure a huge part of her just wants to call it quits and go home.,sadness,moderate
"00:55:27,000","00:55:30,000",I know that she really wants to play this game as well,I know that she really wants to play this game as well,I know that she really wants to play this game as well,happiness,moderate
"00:55:30,000","00:55:34,000",and it would have to take a lot for her to throw in the towel.,and it would have to take a lot for her to throw in the towel.,and it would have to take a lot for her to throw in the towel.,happiness,moderate
"00:55:35,000","00:55:38,000","We really voted us the wrong person, didn't we?","We really voted us the wrong person, didn't we?","We really voted us the wrong person, didn't we?",sadness,moderate
"00:55:38,000","00:55:42,000","If you want to win in Survivor, you have to take the knocks along the way.","If you want to win in Survivor, you have to take the knocks along the way.","If you want to win in Survivor, you have to take the knocks along the way.",happiness,moderate
"00:55:42,000","00:55:45,000",Isabelle would probably be looked upon now as the weak link.,Isabelle would probably be looked upon now as the weak link.,Isabelle would probably be looked upon now as the weak link.,sadness,moderate
"00:55:47,000","00:55:49,000",Anything could happen in half an hour from now.,Anything could happen in half an hour from now.,Anything could happen in half an hour from now.,neutral,neutral
"00:55:49,000","00:55:52,000",We could have a challenge on and she can't even stand up.,We could have a challenge on and she can't even stand up.,We could have a challenge on and she can't even stand up.,sadness,moderate
"00:55:52,000","00:55:55,000",And I know that I did make the wrong decision.,And I know that I did make the wrong decision.,And I know that I did make the wrong decision.,sadness,moderate
"00:55:55,000","00:55:58,000",It should have been Izzy that should have gone home.,It should have been Izzy that should have gone home.,It should have been Izzy that should have gone home.,anger,moderate
"00:56:00,000","00:56:03,000",Subtitling made possible by Acorn Media,Subtitling made possible by Acorn Media,Subtitling made possible by Acorn Media,neutral,neutral
"00:56:26,000","00:56:27,000",Remo!,Remo!,Remo!,neutral,neutral
"00:56:31,000","00:56:32,000","Oh, crap.","Oh, crap.","Oh, crap.",surprise,mild
"00:56:32,000","00:56:34,000",Challenge invite.,Challenge invite.,Challenge invite.,neutral,neutral
"00:56:34,000","00:56:37,000","As you've noticed by now, this game is full of surprises","As you've noticed by now, this game is full of surprises","As you've noticed by now, this game is full of surprises",surprise,moderate
"00:56:37,000","00:56:41,000","and like a song or a hymn, expect some reprises.","and like a song or a hymn, expect some reprises.","and like a song or a hymn, expect some reprises.",neutral,neutral
"00:56:41,000","00:56:45,000",But what lies ahead now is not a verse or passage repeated.,But what lies ahead now is not a verse or passage repeated.,But what lies ahead now is not a verse or passage repeated.,surprise,moderate
"00:56:45,000","00:56:50,000",It's an opportunity to reinstate what once was deleted.,It's an opportunity to reinstate what once was deleted.,It's an opportunity to reinstate what once was deleted.,happiness,moderate
"00:56:50,000","00:56:51,000",What?,What?,What?,surprise,mild
"00:57:00,000","00:57:08,000",We'll probably have like a little bite to eat soon.,We'll probably have like a little bite to eat soon.,We'll probably have like a little bite to eat soon.,neutral,neutral
"00:57:08,000","00:57:11,000",Shelter's looking awesome.,Shelter's looking awesome.,Shelter's looking awesome.,happiness,moderate
"00:57:11,000","00:57:16,000","I think tonight we'll eat something, we'll sleep well.","I think tonight we'll eat something, we'll sleep well.","I think tonight we'll eat something, we'll sleep well.",happiness,moderate
"00:57:16,000","00:57:19,000",I think we'll all kind of really bounce back.,I think we'll all kind of really bounce back.,I think we'll all kind of really bounce back.,happiness,moderate
"00:57:19,000","00:57:21,000","Yeah, so Izzy's feeling a little bit better.","Yeah, so Izzy's feeling a little bit better.","Yeah, so Izzy's feeling a little bit better.",happiness,mild
"00:57:21,000","00:57:24,000","She said to me, even if she pulls through,","She said to me, even if she pulls through,","She said to me, even if she pulls through,",happiness,mild
"00:57:24,000","00:57:26,000","if it comes to us losing a challenge in Tribal,","if it comes to us losing a challenge in Tribal,","if it comes to us losing a challenge in Tribal,",fear,moderate
"00:57:26,000","00:57:30,000",then she'll talk to us about voting her out so she can go home.,then she'll talk to us about voting her out so she can go home.,then she'll talk to us about voting her out so she can go home.,sadness,moderate
"00:57:37,000","00:57:39,000","What will happen in the challenge, who knows?","What will happen in the challenge, who knows?","What will happen in the challenge, who knows?",surprise,mild
"00:57:39,000","00:57:41,000","After day one, anything can happen.","After day one, anything can happen.","After day one, anything can happen.",neutral,neutral
"00:57:41,000","00:57:43,000","Forget about last night, forget about yesterday.","Forget about last night, forget about yesterday.","Forget about last night, forget about yesterday.",happiness,moderate
"00:57:43,000","00:57:47,000",We go in there today and all we want to do is obliterate the opposition.,We go in there today and all we want to do is obliterate the opposition.,We go in there today and all we want to do is obliterate the opposition.,happiness,intense
"00:57:57,000","00:57:59,000","Morning, guys.","Morning, guys.","Morning, guys.",neutral,neutral
"00:58:03,000","00:58:05,000","Take a seat over there, guys.","Take a seat over there, guys.","Take a seat over there, guys.",neutral,neutral
"00:58:11,000","00:58:14,000",Both teams getting a look at the new tribes.,Both teams getting a look at the new tribes.,Both teams getting a look at the new tribes.,neutral,neutral
"00:58:14,000","00:58:17,000",Hannah and Dee voted out at last night's Tribal Councils.,Hannah and Dee voted out at last night's Tribal Councils.,Hannah and Dee voted out at last night's Tribal Councils.,neutral,neutral
"00:58:17,000","00:58:19,000","I can do this one, mate.","I can do this one, mate.","I can do this one, mate.",neutral,neutral
"00:58:19,000","00:58:21,000",You've got to be good at tying tight knots.,You've got to be good at tying tight knots.,You've got to be good at tying tight knots.,neutral,neutral
"00:58:22,000","00:58:24,000","And come on in, guys.","And come on in, guys.","And come on in, guys.",neutral,neutral
"00:58:37,000","00:58:41,000",I feel like absolute s*** when I see Hannah walk out.,I feel like absolute s*** when I see Hannah walk out.,I feel like absolute s*** when I see Hannah walk out.,sadness,intense
"00:58:41,000","00:58:43,000",I don't know what to do.,I don't know what to do.,I don't know what to do.,surprise,intense
"00:58:43,000","00:58:45,000",I don't know what to do.,I don't know what to do.,I don't know what to do.,surprise,intense
"00:58:45,000","00:58:47,000",I don't know what to do.,I don't know what to do.,I don't know what to do.,surprise,intense
"00:58:47,000","00:58:49,000",I don't know what to do.,I don't know what to do.,I don't know what to do.,surprise,intense
"00:58:49,000","00:58:52,000",I feel like absolute s*** when I see Hannah walk out.,I feel like absolute s*** when I see Hannah walk out.,I feel like absolute s*** when I see Hannah walk out.,sadness,intense
"00:58:52,000","00:58:56,000","I look her straight in the eye, but obviously people are very embarrassed.","I look her straight in the eye, but obviously people are very embarrassed.","I look her straight in the eye, but obviously people are very embarrassed.",sadness,moderate
"00:58:56,000","00:58:59,000",Here's a lovely girl you blindsided last night.,Here's a lovely girl you blindsided last night.,Here's a lovely girl you blindsided last night.,anger,moderate
"00:58:59,000","00:59:01,000",They look really angry.,They look really angry.,They look really angry.,anger,moderate
"00:59:01,000","00:59:03,000",And they should.,And they should.,And they should.,happiness,mild
"00:59:03,000","00:59:06,000","I mean, I'd be just as angry if I was voted off","I mean, I'd be just as angry if I was voted off","I mean, I'd be just as angry if I was voted off",anger,moderate
"00:59:06,000","00:59:09,000",and had to walk in and see my tribe again.,and had to walk in and see my tribe again.,and had to walk in and see my tribe again.,sadness,moderate
"00:59:09,000","00:59:11,000",Welcome to Redemption Island.,Welcome to Redemption Island.,Welcome to Redemption Island.,neutral,neutral
"00:59:14,000","00:59:16,000","Oh, God.","Oh, God.","Oh, God.",surprise,mild
"00:59:16,000","00:59:18,000",Some of you might have caught on yesterday,Some of you might have caught on yesterday,Some of you might have caught on yesterday,neutral,neutral
"00:59:18,000","00:59:20,000",when I said Hannah and Dee's time in the tribe was up.,when I said Hannah and Dee's time in the tribe was up.,when I said Hannah and Dee's time in the tribe was up.,neutral,neutral
"00:59:20,000","00:59:23,000",But I didn't say they were out of this game.,But I didn't say they were out of this game.,But I didn't say they were out of this game.,surprise,mild
"00:59:23,000","00:59:26,000",Redemption Island offers an opportunity,Redemption Island offers an opportunity,Redemption Island offers an opportunity,happiness,mild
"00:59:26,000","00:59:30,000",to duel your way back into this competition.,to duel your way back into this competition.,to duel your way back into this competition.,happiness,moderate
"00:59:30,000","00:59:33,000",Tribe members voted out come here to Redemption Island,Tribe members voted out come here to Redemption Island,Tribe members voted out come here to Redemption Island,neutral,neutral
"00:59:33,000","00:59:36,000",to live with whoever's waiting for them,to live with whoever's waiting for them,to live with whoever's waiting for them,neutral,neutral
"00:59:39,000","00:59:42,000","No one saw it coming at all, which definitely doesn't say much","No one saw it coming at all, which definitely doesn't say much","No one saw it coming at all, which definitely doesn't say much",anger,moderate
"00:59:42,000","00:59:44,000",for the brain capacity of the people around this tribe.,for the brain capacity of the people around this tribe.,for the brain capacity of the people around this tribe.,anger,moderate
"00:59:44,000","00:59:47,000","Lose the duel, and you are gone for good.","Lose the duel, and you are gone for good.","Lose the duel, and you are gone for good.",fear,moderate
"00:59:47,000","00:59:50,000","Win, and you live to fight another duel.","Win, and you live to fight another duel.","Win, and you live to fight another duel.",happiness,mild
"00:59:50,000","00:59:52,000","Survive an isolated life on the island,","Survive an isolated life on the island,","Survive an isolated life on the island,",fear,mild
"00:59:52,000","00:59:54,000","survive your duels,","survive your duels,","survive your duels,",happiness,moderate
"00:59:54,000","00:59:57,000",and eventually one of you will get an opportunity,and eventually one of you will get an opportunity,and eventually one of you will get an opportunity,neutral,neutral
"00:59:57,000","00:59:59,000",to re-enter this game.,to re-enter this game.,to re-enter this game.,neutral,neutral
"01:00:00,000","01:00:05,000","and another shot at the $100,000.","and another shot at the $100,000.","and another shot at the $100,000.",happiness,moderate
"01:00:05,000","01:00:09,000","Redemption Island, for me, it's incredible.","Redemption Island, for me, it's incredible.","Redemption Island, for me, it's incredible.",happiness,moderate
"01:00:09,000","01:00:11,000","It gives you another shot, you know,","It gives you another shot, you know,","It gives you another shot, you know,",neutral,neutral
"01:00:11,000","01:00:16,000",the chance to be able to actually earn your right back into the game.,the chance to be able to actually earn your right back into the game.,the chance to be able to actually earn your right back into the game.,happiness,moderate
"01:00:16,000","01:00:20,000","So, Shayna, how are you feeling after voting Hannah out last night?","So, Shayna, how are you feeling after voting Hannah out last night?","So, Shayna, how are you feeling after voting Hannah out last night?",surprise,mild
"01:00:20,000","01:00:22,000",I think we'd be a lot better off if we got her back.,I think we'd be a lot better off if we got her back.,I think we'd be a lot better off if we got her back.,neutral,neutral
"01:00:22,000","01:00:25,000","Whether she's keen to come back or not,","Whether she's keen to come back or not,","Whether she's keen to come back or not,",neutral,neutral
"01:00:29,000","01:00:34,000","If we have the opportunity, we'll take it. Happy.","If we have the opportunity, we'll take it. Happy.","If we have the opportunity, we'll take it. Happy.",happiness,mild
"01:00:34,000","01:00:37,000",Words don't always mean everything.,Words don't always mean everything.,Words don't always mean everything.,surprise,mild
"01:00:37,000","01:00:42,000","Hannah, who do you think was behind your axing at Tribal Council?","Hannah, who do you think was behind your axing at Tribal Council?","Hannah, who do you think was behind your axing at Tribal Council?",surprise,mild
"01:00:42,000","01:00:45,000",No comment.,No comment.,No comment.,neutral,neutral
"01:00:45,000","01:00:48,000","Dee, what's it like walking into this arena","Dee, what's it like walking into this arena","Dee, what's it like walking into this arena",surprise,mild
"01:00:48,000","01:00:51,000",and facing everyone who voted you out last night?,and facing everyone who voted you out last night?,and facing everyone who voted you out last night?,fear,moderate
"01:00:51,000","01:00:55,000",I think it's probably just as scary for them to face us,I think it's probably just as scary for them to face us,I think it's probably just as scary for them to face us,fear,mild
"01:00:55,000","01:00:57,000",as it is for us to face them.,as it is for us to face them.,as it is for us to face them.,fear,mild
"01:00:58,000","01:01:00,000","Well, your duel is about to start,","Well, your duel is about to start,","Well, your duel is about to start,",fear,mild
"01:01:00,000","01:01:04,000",and something tells me this challenge is going to be a cracker.,and something tells me this challenge is going to be a cracker.,and something tells me this challenge is going to be a cracker.,happiness,moderate
"01:01:19,000","01:01:25,000","For today's duel, you're going to use ropes and sticks to make a long pole.","For today's duel, you're going to use ropes and sticks to make a long pole.","For today's duel, you're going to use ropes and sticks to make a long pole.",neutral,neutral
"01:01:25,000","01:01:29,000",You're going to use that pole to retrieve three keys.,You're going to use that pole to retrieve three keys.,You're going to use that pole to retrieve three keys.,neutral,neutral
"01:01:29,000","01:01:32,000",Those three keys open three locks.,Those three keys open three locks.,Those three keys open three locks.,neutral,neutral
"01:01:32,000","01:01:37,000",The first person through the door stays alive in this game.,The first person through the door stays alive in this game.,The first person through the door stays alive in this game.,fear,moderate
"01:01:48,000","01:01:51,000",Survivors ready?,Survivors ready?,Survivors ready?,happiness,moderate
"01:01:51,000","01:01:52,000",Go!,Go!,Go!,happiness,intense
"01:01:55,000","01:01:57,000",This challenge is on.,This challenge is on.,This challenge is on.,happiness,moderate
"01:01:57,000","01:01:59,000","Dee with some interesting strategy,","Dee with some interesting strategy,","Dee with some interesting strategy,",surprise,mild
"01:01:59,000","01:02:03,000",while Hannah is just going for gold tying knots.,while Hannah is just going for gold tying knots.,while Hannah is just going for gold tying knots.,happiness,moderate
"01:02:03,000","01:02:06,000",A lot of strategy involved in this challenge.,A lot of strategy involved in this challenge.,A lot of strategy involved in this challenge.,surprise,mild
"01:02:06,000","01:02:10,000",Hannah thinks her pole is long enough to get that first key.,Hannah thinks her pole is long enough to get that first key.,Hannah thinks her pole is long enough to get that first key.,neutral,neutral
"01:02:10,000","01:02:12,000","Yep, yep, yep. Perfect, perfect.","Yep, yep, yep. Perfect, perfect.","Yep, yep, yep. Perfect, perfect.",happiness,moderate
"01:02:12,000","01:02:14,000","Nice, Hannah. Good lead, good lead.","Nice, Hannah. Good lead, good lead.","Nice, Hannah. Good lead, good lead.",happiness,moderate
"01:02:14,000","01:02:18,000",Hannah secures her first key before Dee even has a knot tied.,Hannah secures her first key before Dee even has a knot tied.,Hannah secures her first key before Dee even has a knot tied.,happiness,moderate
"01:02:20,000","01:02:22,000",Dee making one long pole.,Dee making one long pole.,Dee making one long pole.,neutral,neutral
"01:02:22,000","01:02:26,000","If this strategy works, she could get three keys in quick succession.","If this strategy works, she could get three keys in quick succession.","If this strategy works, she could get three keys in quick succession.",neutral,neutral
"01:02:26,000","01:02:28,000",But she has to keep moving.,But she has to keep moving.,But she has to keep moving.,neutral,neutral
"01:02:28,000","01:02:30,000",Good.,Good.,Good.,happiness,mild
"01:02:30,000","01:02:32,000",Hannah thinks she can get her second key.,Hannah thinks she can get her second key.,Hannah thinks she can get her second key.,neutral,neutral
"01:02:32,000","01:02:34,000","Yep, yep, yep.","Yep, yep, yep.","Yep, yep, yep.",happiness,moderate
"01:02:34,000","01:02:36,000",Dee falling behind.,Dee falling behind.,Dee falling behind.,neutral,neutral
"01:02:36,000","01:02:40,000","Hannah's pole is long enough, but isn't strong enough.","Hannah's pole is long enough, but isn't strong enough.","Hannah's pole is long enough, but isn't strong enough.",neutral,neutral
"01:02:40,000","01:02:45,000","Hannah with her second key, working on her third key.","Hannah with her second key, working on her third key.","Hannah with her second key, working on her third key.",happiness,moderate
"01:02:45,000","01:02:49,000","Finally, Dee making an attempt at her first key.","Finally, Dee making an attempt at her first key.","Finally, Dee making an attempt at her first key.",neutral,neutral
"01:02:49,000","01:02:54,000","2-1, and just like that, Dee is back in the game.","2-1, and just like that, Dee is back in the game.","2-1, and just like that, Dee is back in the game.",happiness,moderate
"01:02:54,000","01:02:56,000",Hannah working on her second lock.,Hannah working on her second lock.,Hannah working on her second lock.,neutral,neutral
"01:02:58,000","01:03:01,000","These locks are tricky, but Hannah is making it look easy.","These locks are tricky, but Hannah is making it look easy.","These locks are tricky, but Hannah is making it look easy.",happiness,mild
"01:03:01,000","01:03:03,000","Go, reach those little arms.","Go, reach those little arms.","Go, reach those little arms.",neutral,neutral
"01:03:03,000","01:03:08,000",All that work and Dee's pole is only long enough to retrieve her first key.,All that work and Dee's pole is only long enough to retrieve her first key.,All that work and Dee's pole is only long enough to retrieve her first key.,sadness,mild
"01:03:08,000","01:03:13,000",Dee has to go back and add more bamboo.,Dee has to go back and add more bamboo.,Dee has to go back and add more bamboo.,neutral,neutral
"01:03:13,000","01:03:15,000","Come on, Hannah, that's it.","Come on, Hannah, that's it.","Come on, Hannah, that's it.",neutral,neutral
"01:03:15,000","01:03:18,000",Dee going back to try and get her second key.,Dee going back to try and get her second key.,Dee going back to try and get her second key.,happiness,moderate
"01:03:19,000","01:03:22,000",Hannah furiously working on her pole.,Hannah furiously working on her pole.,Hannah furiously working on her pole.,happiness,moderate
"01:03:22,000","01:03:26,000","She's got it. Dee on her second key, and we're all tied up.","She's got it. Dee on her second key, and we're all tied up.","She's got it. Dee on her second key, and we're all tied up.",happiness,moderate
"01:03:28,000","01:03:32,000",Hannah going for her third key.,Hannah going for her third key.,Hannah going for her third key.,neutral,neutral
"01:03:32,000","01:03:37,000","If Hannah can get this key, she can start working on her final lock.","If Hannah can get this key, she can start working on her final lock.","If Hannah can get this key, she can start working on her final lock.",happiness,mild
"01:03:37,000","01:03:40,000","Remember, this is do or die.","Remember, this is do or die.","Remember, this is do or die.",fear,intense
"01:03:43,000","01:03:45,000",Hannah's got her third key.,Hannah's got her third key.,Hannah's got her third key.,happiness,moderate
"01:03:45,000","01:03:48,000",The knot tying has been good.,The knot tying has been good.,The knot tying has been good.,happiness,mild
"01:03:48,000","01:03:51,000",Dee's got to work hard. She's got to dig it in.,Dee's got to work hard. She's got to dig it in.,Dee's got to work hard. She's got to dig it in.,happiness,moderate
"01:03:53,000","01:03:57,000","Hannah just has to get that third lock undone, but her hands are shaking.","Hannah just has to get that third lock undone, but her hands are shaking.","Hannah just has to get that third lock undone, but her hands are shaking.",fear,moderate
"01:04:02,000","01:04:08,000",Hannah is through the door and lives to fight another day in this competition.,Hannah is through the door and lives to fight another day in this competition.,Hannah is through the door and lives to fight another day in this competition.,happiness,moderate
"01:04:16,000","01:04:19,000","Hannah, Dee, that was a great duel.","Hannah, Dee, that was a great duel.","Hannah, Dee, that was a great duel.",happiness,mild
"01:04:19,000","01:04:21,000",Very different approaches.,Very different approaches.,Very different approaches.,neutral,neutral
"01:04:21,000","01:04:24,000","Hannah, congratulations. How are you feeling right now?","Hannah, congratulations. How are you feeling right now?","Hannah, congratulations. How are you feeling right now?",happiness,mild
"01:04:24,000","01:04:28,000","I feel pretty good, but it was awesome, too, to hear the team supporting you.","I feel pretty good, but it was awesome, too, to hear the team supporting you.","I feel pretty good, but it was awesome, too, to hear the team supporting you.",happiness,moderate
"01:04:28,000","01:04:32,000","A couple of times I was like, but I could hear them yelling my name,","A couple of times I was like, but I could hear them yelling my name,","A couple of times I was like, but I could hear them yelling my name,",happiness,mild
"01:04:32,000","01:04:35,000","so I was like, just calm, think about what I'm doing.","so I was like, just calm, think about what I'm doing.","so I was like, just calm, think about what I'm doing.",neutral,neutral
"01:04:35,000","01:04:42,000","Dee, unfortunately, you're shot at redemption, and the $100,000 is over.","Dee, unfortunately, you're shot at redemption, and the $100,000 is over.","Dee, unfortunately, you're shot at redemption, and the $100,000 is over.",sadness,moderate
"01:04:42,000","01:04:44,000",What's going through your mind?,What's going through your mind?,What's going through your mind?,surprise,mild
"01:04:44,000","01:04:48,000",One thing everyone didn't know is that Survivor's my life.,One thing everyone didn't know is that Survivor's my life.,One thing everyone didn't know is that Survivor's my life.,happiness,moderate
"01:04:48,000","01:04:52,000",I've watched every episode of every season at least three times.,I've watched every episode of every season at least three times.,I've watched every episode of every season at least three times.,happiness,moderate
"01:04:52,000","01:04:55,000",I listen to podcasts for about 40 hours a week.,I listen to podcasts for about 40 hours a week.,I listen to podcasts for about 40 hours a week.,neutral,neutral
"01:04:55,000","01:04:58,000",I've listened to about 600 hours of audio books.,I've listened to about 600 hours of audio books.,I've listened to about 600 hours of audio books.,happiness,moderate
"01:04:58,000","01:05:03,000",I follow every blogger. I'm a Survivor super fan.,I follow every blogger. I'm a Survivor super fan.,I follow every blogger. I'm a Survivor super fan.,happiness,moderate
"01:05:04,000","01:05:10,000",My life has been a Survivor fan. It's just not been a Survivor.,My life has been a Survivor fan. It's just not been a Survivor.,My life has been a Survivor fan. It's just not been a Survivor.,sadness,moderate
"01:05:10,000","01:05:14,000","Dee, you are the first person eliminated from Survivor New Zealand.","Dee, you are the first person eliminated from Survivor New Zealand.","Dee, you are the first person eliminated from Survivor New Zealand.",sadness,moderate
"01:05:14,000","01:05:19,000","Toss your buff in the fire, say your goodbyes, your time in this game is over.","Toss your buff in the fire, say your goodbyes, your time in this game is over.","Toss your buff in the fire, say your goodbyes, your time in this game is over.",sadness,moderate
"01:05:33,000","01:05:44,000","Hannah, one duel down, many more to go if you want to stay alive in this game.","Hannah, one duel down, many more to go if you want to stay alive in this game.","Hannah, one duel down, many more to go if you want to stay alive in this game.",happiness,moderate
"01:05:44,000","01:05:49,000",How do you feel about heading back to Redemption Island alone tonight?,How do you feel about heading back to Redemption Island alone tonight?,How do you feel about heading back to Redemption Island alone tonight?,surprise,mild
"01:05:49,000","01:05:52,000",I'll figure it out. There's some good stuff there.,I'll figure it out. There's some good stuff there.,I'll figure it out. There's some good stuff there.,happiness,mild
"01:05:52,000","01:05:56,000","I've got myself. I can talk to myself. Yeah, man.","I've got myself. I can talk to myself. Yeah, man.","I've got myself. I can talk to myself. Yeah, man.",neutral,neutral
"01:05:56,000","01:05:59,000",Has anyone got any sympathy for Hannah?,Has anyone got any sympathy for Hannah?,Has anyone got any sympathy for Hannah?,surprise,mild
"01:05:59,000","01:06:02,000",Sympathy? I don't think she needs sympathy.,Sympathy? I don't think she needs sympathy.,Sympathy? I don't think she needs sympathy.,neutral,neutral
"01:06:07,000","01:06:09,000",Is that common in your tribe?,Is that common in your tribe?,Is that common in your tribe?,surprise,mild
"01:06:09,000","01:06:12,000",I can only speak for myself. I'm not sure where everyone else is at.,I can only speak for myself. I'm not sure where everyone else is at.,I can only speak for myself. I'm not sure where everyone else is at.,neutral,neutral
"01:06:12,000","01:06:14,000","But definite feeling of regret, yep.","But definite feeling of regret, yep.","But definite feeling of regret, yep.",sadness,moderate
"01:06:14,000","01:06:17,000","Salah, do you regret voting Hannah out?","Salah, do you regret voting Hannah out?","Salah, do you regret voting Hannah out?",surprise,mild
"01:06:21,000","01:06:24,000",You don't want to vote a family member out. It sucks.,You don't want to vote a family member out. It sucks.,You don't want to vote a family member out. It sucks.,sadness,moderate
"01:06:24,000","01:06:27,000","But, you know, big ups to Hannah.","But, you know, big ups to Hannah.","But, you know, big ups to Hannah.",happiness,mild
"01:06:27,000","01:06:31,000",She's always been a strong chick and she's proven to all of us.,She's always been a strong chick and she's proven to all of us.,She's always been a strong chick and she's proven to all of us.,happiness,moderate
"01:06:31,000","01:06:36,000","You've been dangerous, man. You've been dangerous, girl. You got this, man.","You've been dangerous, man. You've been dangerous, girl. You got this, man.","You've been dangerous, man. You've been dangerous, girl. You got this, man.",happiness,moderate
"01:06:37,000","01:06:42,000","Hannah, you need to head back and await your next opponent and your next duel.","Hannah, you need to head back and await your next opponent and your next duel.","Hannah, you need to head back and await your next opponent and your next duel.",neutral,neutral
"01:06:47,000","01:06:49,000","Everyone else, grab your stuff and head back to your camps.","Everyone else, grab your stuff and head back to your camps.","Everyone else, grab your stuff and head back to your camps.",neutral,neutral
"01:06:49,000","01:06:52,000",Look forward to seeing you at the next challenge.,Look forward to seeing you at the next challenge.,Look forward to seeing you at the next challenge.,neutral,neutral
"01:07:02,000","01:07:05,000",Next time on Survivor New Zealand.,Next time on Survivor New Zealand.,Next time on Survivor New Zealand.,neutral,neutral
"01:07:05,000","01:07:08,000",I just want trust. That's the main thing that I'm after in this game.,I just want trust. That's the main thing that I'm after in this game.,I just want trust. That's the main thing that I'm after in this game.,happiness,moderate
"01:07:08,000","01:07:11,000",New deals are on the table at Mogaton.,New deals are on the table at Mogaton.,New deals are on the table at Mogaton.,neutral,neutral
"01:07:11,000","01:07:14,000","So, will you vote Tom out if it comes to it?","So, will you vote Tom out if it comes to it?","So, will you vote Tom out if it comes to it?",surprise,mild
"01:07:14,000","01:07:17,000",And new targets are in sight at Omosa.,And new targets are in sight at Omosa.,And new targets are in sight at Omosa.,neutral,neutral
"01:07:17,000","01:07:21,000","Hypothetically, if we lost immunity tomorrow, me and Mike were thinking Nate.","Hypothetically, if we lost immunity tomorrow, me and Mike were thinking Nate.","Hypothetically, if we lost immunity tomorrow, me and Mike were thinking Nate.",neutral,neutral
"01:07:25,000","01:07:28,000","For the first time, immunity is on the table.","For the first time, immunity is on the table.","For the first time, immunity is on the table.",surprise,moderate
"01:07:29,000","01:07:32,000","For the first time, immunity is up for grabs.","For the first time, immunity is up for grabs.","For the first time, immunity is up for grabs.",happiness,moderate
"01:07:34,000","01:07:36,000","I felt that, Michael.","I felt that, Michael.","I felt that, Michael.",surprise,mild
"01:07:36,000","01:07:39,000",And tribes put everything on the line.,And tribes put everything on the line.,And tribes put everything on the line.,happiness,moderate
"01:07:49,000","01:07:54,000",I came in claiming that I had the most knowledge about the game.,I came in claiming that I had the most knowledge about the game.,I came in claiming that I had the most knowledge about the game.,happiness,moderate
"01:07:54,000","01:07:57,000",At no point during my time here was that disproven.,At no point during my time here was that disproven.,At no point during my time here was that disproven.,happiness,moderate
"01:07:58,000","01:08:03,000",There is nothing in the last few days of my experience of Survivor that I'd do differently.,There is nothing in the last few days of my experience of Survivor that I'd do differently.,There is nothing in the last few days of my experience of Survivor that I'd do differently.,happiness,mild
"01:08:03,000","01:08:09,000",I think that looking back and overthinking it and regretting it is just going to drive you bonkers.,I think that looking back and overthinking it and regretting it is just going to drive you bonkers.,I think that looking back and overthinking it and regretting it is just going to drive you bonkers.,surprise,moderate
