original,french,back_to_english
"This is Nicaragua, where these 16 New Zealanders are about to begin the adventure of a lifetime.","ce sont des gens qui ont ' ont fait , à la ' de la , , de la , , de la .","they are the the , , the the , the the the the the the the the the ."
I know nothing about Nicaragua. I had no idea where it was.,"je ne sais pas ' ai pas , , , ' il ne ' ' pas pas , .","i don not t , , i , not to to ."
I actually didn't know where South America or North America was.,"je ne ' ai pas , , , , , , , , , , , de la .","i have no , , , , , , , , , , and the ."
"So I guess it's a massive shock, because I'm from a little, small town.","je ' ai ai , , je ' ai ' ai , , , , , , , , , je m ' as dans la chambre .","i have , i i , i i , i , i , and the , the the , and the ."
"It is the biggest country in Central America,","c ' est la ' de la , , , , , , , et de ' , et de .","the water , the , and the , , and the , and the ."
with a rich history coloured with conflict...,"un ' de de , , de la , , de la .","from the , , the the ."
and revolution.,et et m ' ont conté .,and i .
Which is why it's fitting our fresh-faced Kiwi survivors should face their own battle right here.,"c ' est que ' ' de ' , , , , , , , , , , , , , de la , .","it ' s , , , , , , , , , , , , , , , and the ."
This is my game. This is my passion.,"c ' est que ' ' de la ' , je m ' as dans le monde .",it is s the to of the .
"I know how to mess with people, but I also know how to get them to trust me.","je me souviens que je ' ' ai , , , ' , , , ' , , ' , , ' ' , je me ' .","i have i , i , , i , i , i , ."
And I'm funny. I'm charming. I've got it all.,"et je suis ai , je ' ai ' ai ' un , ' un , ' un coup… de ' .","and i , a a , i i a a ."
"Staged in the lush, tropical jungle, filled with diverse and dangerous wildlife...","des , , des et , des brutalités , des brutalités , , et , , , , , , , , , , , , , et de ' , , et de ' , , de la , , et de .","from the , , and and and , and and , and and , and and , and and , , and the , , and the , , and the the of the ."
"Yes, there are jaguars, snakes, scorpions, and big ugly spiders.","oui , c ' est toi , et , , , , , , , , , , , , , .","yes , it was , , , , , , , , , , and , , and laurent ."
"They are out there, but they've always been out there.","ils sont sont , , , , , , , , , , , , , ' .","they are , , , , , , , , , , , , and the the the ."
It's not like every day a Kiwi wakes up and looks outside and sees a jaguar or a tarantula.,"elle ne ' pas pas ' un , , , , , , , , , , , , , , , , , et de ' .","she would not have , , , , , , , , , , , , , , and , , and ."
"And I'll take on any gang member, but I won't take on a spider.","je ' ai ' ai ' un , tu ' ' , , je ne ' pas pas , je ne ' ai pas , je ne ' ai pas .","i have , i i , i i not to to ."
Just how will New Zealanders cope competing in the world's toughest game?,"comment faire des choses de de la , , de la , de la , de la , de la , de la .","how long the the of the the , , the the , the the , the the , the the ."
"8,000 people applied, and the Kiwi survived.","les invités , , , , , , , , , , , , , , et les .","the , , , , , , and , , and , , and the , and the ."
Yahoo!,"un jour ,",a day night .
"The following footage is from our vault of classics, taken ten years ago.","les jours de sont , , , ' , , , , , , , , , , ' il y a des rentes , et nous .","the other , , , , , , , and , , and , , and , , and we are ."
Those ages 30 and over should take into consideration when watching this video.,"les jours de de la , , , , , , , , , , , , , et de ' .","the of of the , , and , , , , and , , and the , and the ."
"Come on over, guys!","mais , , , , , ' un , , ' un .","but , , , , a a ."
I am so excited. Just standing on this beach is unreal.,"je ' ai ' , , ' un , ' un de ' , , ' un , de ' un , de ' un .","i was a a a , , a a a a a . ."
I have to keep pinching myself and reminding myself where I am.,"je suis ai ai ' de , et je , je ' ' ai , , je me ' et je me ' .","i felt a , and i i , i , i i , i i ."
"It's just, like, an absolute dream to me.","c ' est bien que ' un homme , ' un , ' un , ' un , ' un de ' , , ' un .","it was a a a , , a a , a a , and a ."
"Welcome to Nukaragua, and New Zealand's first ever Survivor.","michaud , sans doute , ' il , ' il , ' il , ' ' il se remettrait à la .","listen to him , he he to himself , he he , he would not to to to ."
"In this first season, 16 of you will be competing against one another","ce dernier , , ' est , , ' un de ' , , ' un de ' , ,","this , , , , , , a a a a ."
"to see who can outwit, outlast, and outplay the rest,","il faut que ' aller à la , , et de la , , et de la , , et de la .","it must be to the , and the the , and the , and the the the the ."
"and take away $100,000.","et et de , , ' un , de , et de ' .","and , and , and and and a ."
I dream of being in a tribal council. I dream of being on the sand.,"je suis ai d ' un , , ' un , , ' un , ' un , ' un , ' un , ' un , ' un de ' un .","i was a a a a a a a , , a a a a a . ."
"I dream of being in the water. Like, this is incredible.","j ' ai ai une , , , et je ' , , , , , , , , , et je .","i have a , , and i i , and i , and i , and i , and i , ."
"Any of you more than happy to be labelled the villain,","je ' aurais voulu ' un , , , , , , , , , , , , ' , , ' ' .","i had a , , , , , , , , , , , , , ."
if it means winning this game?,"pourquoi ne ' ' ' pas pas , , de la ?","why did not , , the ?"
D?,"mme raquin ,","madame raquin , and"
D?,"mme raquin ,","madame raquin , and"
D?,"mme raquin ,","madame raquin , and"
D?,"mme raquin ,","madame raquin , and"
D?,"mme raquin ,","madame raquin , and"
I'm in.,je m ' ai dit .,i have to to .
I'm surprised by your answer.,"je suis votre mari , je ' ' ai ' de la ' .",i am i to you you .
"I think that, generally, I'm gonna be labelled the villain,","je me suis , , , je , je , je ' ai ' ai ' un , , ' un , ' un .","i am a , , and i i , i i a a ."
"just for the way that I look, so I might as well accept that.","a chaque jour , je ' ' ai , , , je ' ' ai ' ai , , je ' ' ai ' un .","for , i i i i , i i , i ."
"And if it means winning the game, why wouldn't you do whatever it takes?","et pourquoi n ' ' pas pas pas pas , , , , , , , , , ?","and why not not , , , , , , , , , and not a word ."
"Michael, do you think D's already looking like the villain?","que le ' , , , , , de la , de la , de la , de la ?","what , the the , the the , the the , the the of the"
You never know. Looks can be deceiving.,"tu n ' as pas besoin de ' , , , ' un de de .","you don not , , , , ."
Any of you guys think you've got game when it comes to the physical challenges?,"vous avez que que ' on est , , , , , , , , , , , ' , , ' ' .","you have that it is , , , , , , , , , , , ."
Nathan?,un jour de,a day night .
"Maybe a few years ago, but I'm an old man now.","un jour , il ' est que je ' ' ai ' un songe , je ' ' ai",one day i i have a fool .
Who thinks they can put food on the table?,"qui sait que ' ils ont fait la ' de la , , de la , ,","who knows who had the the the , , the the , the the , the the , and the the the"
"Tony, how you gonna do that?","tu es , , , ' , , , ' ' , ?","you are , , , , , you are ? ?"
"Well, there's a lot of stuff that creeps around out there in the bush.","eh bien ! il y a des choses qui les ' , ' un de ' , , ' un de ' , .","well , let us s the , the , , and a ."
I'm sure I can come up with something that's edible.,"je ' ai ' ai , , ' ' , , ' un , ' un , ' un .","i was a a , , and a a ."
The things they teach you as a soldier is attention to detail.,"ce sera est un de ' , , ' un de ces ébauches-là , et ' , , .","it is a a , , and a , , and a a ."
I'm also a former unit tracker.,"je suis un ' un de ' , , ' un de ' , , ' un de ' .","i am a a , , a a . ."
I can track a human through the bush.,"je suis un ' un de ' un de de , , de la ' .",i am a a of a a a . .
"I mean, this environment, yes, it's hot. It's horrible.","je suis , , , , , , , , , , , , ' un .","i am , , , , , , , , , , , ."
"Hey, guess what? There's a survivor.","—c ' est toi , c ' est toi qui nous ' ' .","it ' s you , you you are ."
"All right, let's get into it. First things first.","je sais bien que ' on m ' a de , ' un jour , ' un de ' ' .","i know a a a a , , a a . ."
"The teams, come forward and take your buff.","le ' , , et , , , , , , et de nous .","the , and and , and , and and and and ."
"Orange buffs, your mogaton.","votre tante , et , ' , , ' ' .","your aunt , and ."
Sala.,"mme raquin , ' ' .",madame raquin .
Woods!,"' a pas de ' ,",no doubt .
Anna.,"mme raquin , ' ' .",madame raquin .
I am a plus-size model.,je suis un ' un de ' ' un de ' un .,a a a a a a . .
I play roller derby.,je me suis de ' ' de la ' .,i am the . .
And I am a powerlifter.,"et elle est ' , je ' ' ai ' .",and i have .
Abi.,"mme raquin , ' ' .",madame raquin .
Isabel.,"mme raquin , ' ' .",madame raquin .
I'm here on Survivor because I can't resist a challenge.,"je suis ai , , ' ' , , je ne ' ai pas , .","i have , i i , i , i i ."
"I love proving people wrong,","je ' ai ' de , , , , ' ' , , ' ' .","i have , , , , ."
and I just love it when people get surprised,"et je ' ai ' ai ' un , ' ' , , ' ' , , ' ' .","and i , i have a . ."
"and they think I can't do something, and then I do it.","je ' ' ai qu ' ils ne ' ' pas pas , , je ne ' ai pas , je te ' , je ne ' ai pas .","i don ' t know , i , i i , i i not to to . ."
Tom.,les yeux .,the eyes .
"Gosh, my heart's racing.","mon ami , et ' , , , , , et je .","my friend , and i and i and and ."
Shaina.,"mme raquin , ' ' .",madame raquin .
Anthony.,a la ' .,.
Anthony.,a la ' .,.
"And last but probably not least, Louisa.","et , comme il ' ' , , , , , , , .","and as he , , he , , and ."
Thanks. Cheers.,le premier de la .,the the of the .
"Sala and Shaina, you're looking pretty stoked.","un jour , et , , , , , , , , et de .","one day , and , and and , and and laurent , and and the ."
How are you feeling about your new tribe?,"comment veux-tu faire ? ' un de de , de la ?",how do you think of the ? ?
"I've got my brother from another mother over here,","je suis ai mon mari , et je m ' as dans la boutique , je m ' en de .","i am the , and and i , and i i i have to to to the ."
which I'm really happy about.,"je me suis de ' ' , , ' ' , , ' ' .","i am , , i , to myself ."
"Shay, when she walked over and she said, you know,","quand elle se disait , , , , , , , , , , , , .","when she went to , she , , , , , , she she to herself ."
"brother from another mother,","un jour de et , ' elle , ' , , et je .","one day , and , and and and laurent ."
that saying worried me,ce serait m ' avoir dit que le ' de la .,this idea that she would have to to the . .
because it felt like a strategic back-line alliance.,il ' est une ' ' ' ' un de ' un de ' un de ' un de de .,it is a a a a a a . .
"Your mogaton tribe,","sa tante , et je ne ' ' pas .","and i , and i ."
named after Ngaragua's highest mountain.,"la ' , la nuit , et ils se ' dans la chambre .","the night , and , and the the ."
"It'll be interesting to see if you can live up to your mighty name,","il est bien que tu es ' as tu es un , tu es ' as tu es un .","you must be a a , , you are a , you are a . ."
which means purple buffs for you other guys.,"ce serait ' ' est pas ' un de ' ' un de de , ' un de ' .",it is a a a a a . .
Barb.,"mme raquin , ' ' .",madame raquin .
Yes! I look good in blue.,"je , je suis ' ai ' un , ' un .",i am a a . .
"That's purple, isn't it, Barb?","c ' est toi qui ne ' pas pas , , , , , , , , , .","it ' s not to , , she said to himself , as if as to ."
"No, but it's a cool colour.","non , mais il ' est ' ' un de ' un de ' , ,","no , he was a , and a a a man ."
OK. Georgia.,"mme raquin , qui , ' la main .","madame raquin , who the the , and the ."
"I don't know why I had this feeling,","je ne sais comment j ' ai souffert , ' ' , , , ' ' , , ' ' .","i know that i was not , i i , i , i ."
but I didn't want to be in that first team.,"je ne ' ai pas , ' ' , , ' ' , , ' ' ' , , ' ' .","i have no longer , , i , ."
I was actually stoked.,"j ' aurais voulu l ' avoir , , ' ' .",i had to to to to him .
"When I looked around, saw the members,","quand je ' ' , , , , , , , , , , et de la ' .","when i saw , , , , , , , and ."
I was super happy.,"je m ' avait prise d ' une façon , , ' ' .",i had a a to .
Made it.,c ' est que ' ' .,it is s .
Nathan.,"mme raquin , ' ' .",madame raquin .
"and even that ride-in on the truck,","et que le ' de la , , de la , , de la ' .","and the the , the the , the the ."
you tend to make a bit of a quick connection.,"tu es un de ' , , ' un de de ' un de ses ' .",you know a a a a a a a . .
Most of the people that I had formed some kind of connection with,"je ' avais été , ' ' , , ' ' , , ' , , ' ' , , ' ' ' ' ' .","i had been , , , , , ."
"were on the other side, so I was pretty gutted.","pendant que la nuit , ' , , , , , , , , , , et je ' ' , et je ' ' , et je ' ' .","and , i i i , and and i , and , and , and i , and i , and ."
Jack.,mme bonacieux chevreuse .,madame raquin had to to her .
"Cheers, brother. Good, mate.","mon cher , , , , ' il y a des rentes .",", , , , , , ."
Shannon.,l ' autre .,.
Lee.,"mme raquin , qui , ' .","madame raquin , who was to ."
Cheers.,"mon esprit , et ' ' .",my mind .
Michael.,"' un , , ' un .",a moment .
"Cheers, mate.","in the world ,","but camille , a atrocious comedy ,"
"And, of course, Dee.","et , ' ailleurs , elle se disait qu ' elle allait se faire .","and she she to herself , she would have to to to her ."
Thank you very much. You're welcome.,"tu es , , tu es ' as ' as pas .","you are , , he said to himself ."
Mmm!,"un jour ,",a day night .
"Yeah, guys!","des larmes , et , , , , et de ' .","this flabby and and , and and and and ."
"Purple tribe, Yohamosa,","mais , , , , ' un , , et de ' .","but , , , and , and a ."
named after the bay right here,"c ' est bien que ' ' un jour , nous nous , , et nous .","it was be , , we , and we , and we ."
and also Spanish for beautiful.,"et , ' , , ' ' de la .","and , ."
Oh! Barb.,et la peau de la .,and the the of of the .
"A tribe name perfectly suited to you, I think.","un mois de , , , ' ai , , , , je ' ' ai ' , , ' .","a moment , i i , i , i i , ."
I think it's perfectly an apt name.,"je ' ai ' , , ' ' , , , ' un de ' , , ' un .","i was a , , and a a a ."
"Michael, what are you making?","quoi bon , tu , tu , tu ' as ?",what you you you you ? you you ?
Are you new tribe mates?,"mon mari , vous , ' ?","what you deuce , you ?"
"Yeah, I'm really happy with what I got.","tout , je , je ' ai ' ai , , je ' ' ai ' ai , , je me ' ' ai","however , i i i , i i i , i i ."
It looks like we've got a pretty competitive team.,"c ' est une ' ' un de ' , , ' un de ' un de ' un de ' .",a a a a a a a a a . .
"So when I look around at the other tribes,","quand je ' étais , , , , , , , , , , , et je ne ' pas .","but i i , , , , , , , , , i i , ."
"as Matt's called them out,","et les deux , de l ' autre ,","and the two murderers , the the the"
"I see that Mike and Lee and Jack and Nathan,","je me suis , et , et , et , , , , , et de .","i looked and and and and and and , and and and and ."
"you know, the people who I had made a quick and easy bond with,","tu sais , , , , , , , , , , , , , , , , , .","you , , , , , , , , , , , , , , , , , ."
"are on the other side,","et , ' , , ' ' , , ' ' .","and , , she ."
and I feel like I don't know these people.,"et je sais que ' ils n ' ont pas , , ' un coup… ,","i don ' t know , and , and i ,"
Soak up the atmosphere,"entre l ' eau , l ' air de ' un .","from the water , the the ."
"and enjoy being part of the team, guys,","et c ' est qu ' elle ne pouvait plus de ' un de de , , et de ' , , et de ' .","it was not a thing to be , , and , and , and and ."
"because by the end of the day,","et que la veille , la , , ' ' , , , ' ' .","and the the , , the , , and the ."
two of you will no longer be in these tribes.,"deux mille francs , ' ' , , ' , , , , ' ' , .","but , , , , , , , , ."
That's right.,c ' est bien que ' il y a .,it is s .
"One person from Mogaton, one from Yohamosa,","un jour , , , , , , , et de ' .","one day , , and , , and and laurent ."
Gone.,les enfants .,the the .
Just like that.,et que ' ' ' ai ' un .,and i .
Why so worried?,et pourquoi serait-elledifférente ?,and why not ?
"That sucks! It's day one,","c ' est bien que ' il y a une chose , ' un coup… de ' .",it is a a a a a . .
and already we've got to vote someone out.,"et nous nous ' avons plus de nous , nous , nous , nous .","and we we , we , we , we , we , and we ."
That's so stink.,c ' est la ' de la .,it ' s the . .
"We're not even on the ground,","nous ne pouvons pas la de de la , ,","we don ' t know the the , the the , , the the of the ."
"and bang, someone's going home.","et , après avoir fait , la , , ' un , de ' .","and , , , , , and a a ."
"Ah, unfair.","et m . de , , , ' il y a des rentes .","and , , , , , ."
"Someone has to go home,","mais il faut que nous ' , , ' il nous ' .",but we must go to bed .
and they haven't even been given a chance,"et ils ne ' pas pas pas , ' ils ne ' pas pas pas de .",and they did not even seek to to .
to put their best foot forward.,"les deux , , ' ils se ' , ils se roidissaient .","the other , , they , they they were to ."
You guys know you're here to play a game?,"tu sais pourquoi tu as ' as , , , ' un de de , , de la ' .","you know that i was a , , and , and a . ."
It's a harsh game for day one.,"c ' est une ' un jour de la , , ' ' , .","it is a a of , , and the ."
It's a harsh game from day one.,c ' est une ' ' un de ' ' un de ' ' un de ' .,a a of a a . .
I reckon you guys have got it pretty well worked out already.,"je ' ai ' ai , , , ' ai , , ' un de ' , , ' un .","i have a , , and i , a a ."
We're not getting into this competition either.,"nous ne pouvons pas la , de la ' ,","we don ' t know the , , the the , , and the the the ."
We're kicking things off with a challenge right now.,"nous sommes un ' un , , , , , , .","a moment , , , , , , a a ."
Of course we are.,"nous sommes , , , nous nous .","we are , , we are . ."
Georgia's feeling pretty good about that.,"la vérité de la , , ' , , ' ' , .","the truth , she was , , , and the ."
I'm going to give you two minutes,"je ' ai ' ' ai , , , ' ' , .","i have , , , i i ."
to clean everything off this boat you can.,"a chaque , , ' un , , , , , , ' un de de .","and , , , , , , a a a a . ."
Whatever you have on your tribe mat at the finish,"que vous ' votre mari , tu m ' as , de .","you you are your your , , you you ."
is yours to keep.,c ' est toi qui m ' as .,it is s .
"Come on, guys.","elle , ' , , ' un .",she was . .
It's knives.,c ' est bien qu ' elle ne ' pas .,that is not to to .
The large sack of rice and flint is locked in the chest in the middle of the boat.,"la ' de de la ' , , la , , , , , , , , , , de la ' de la .","the the of the , , the the , the the , the the , the the ."
"But, before you get to that, you're going to have to find a key buried under one of these coloured rocks.","mais , vous vous , tu es ' as , , , , , , , , , , , , , , de la .","but you you , you are , , , , you , you , you , you are , , you are ."
I have made a fire before without flint. It takes a lot of time and a lot of perseverance.,"j ' ai une une sorte , ' ' , , ' ' , , ' un , ' un , ' un , ' ' .","a a a a , , , and a a a moment ."
Survivors ready? Your time starts now. Go!,"mais votre tante est la , , ' , nous nous , ,","but you are the , , , , , , , and , , and , , and we , to the ."
This challenge is on!,"ce qui est ' ,",what is s
"A bit of strategy already at play here. Both teams going for the key, both teams going for the loot.","un mois de deux mois auparavant , il ' ' ' , , , , , , , , , , , , , ' ils se roidissaient .","a moment of two months , , , , , and , , and , , , and they , to be ."
Tom is digging hard. No one's found the key. Just how important is that rice and that flint?,"dieu , ' ' est pas ' un , , , , , , , , , , , , , , , , , .",", , , , , , , , , , , , , , , , , , a a ."
Flint creates fire. Fire boils water.,"des fraîcheurs de la , , , , , , , , , , , , , , , , , , , et de .","the the of of the , , , , , , , and , , , , and the , , and the ."
Mogga and Tom are getting some good loot already. 90 seconds remaining.,"on se et ils , ' ils , ' ils , ' ils , ' ils , et ils , ' .","they were they they they , and they they and they ."
"Both tribes working hard. No surprise, Barb's going for the vegetables.","ces deux meurtriers ne se ' pas , , ' , , ' ils ne se ' pas , , ' ils ne se ' pas , la moindre tête-à-tête .","these two murderers , they , they , they , they , , they , to the , , and they , to the , , and they , to the ."
Zala losing some gravy. Arby's working hard.,"un jour , , ' , , , ' elle , ' ' ' ' ' ' .","one day , she was to ."
Looks like Mogga and Tom have got the front edge at this point.,"et , ' , , , , , , , , , , , de la .","and , , , , , , , , , , , and ."
Jack is working hard. Tom's still digging.,"on dirait que les meurtriers sont ont , , , , , , .","they are have to the , , , and the , the , , the the , , the the , , the the , , the the , , the , , the , , the , , the , , , , , , , , ,"
Michael's digging. 30 seconds to go. Dig it in!,"la voix de ' un , , , , , , , , , , ,","the voice of this , , , , , , , , , and"
You've got to start as you mean to go on.,"tu as raison , ' hui , tu es ' , , .","you are right , you are , you are ."
"Isabel, she has got this game down. No one finds the key, no one gets the rice or that flint.","ils ne ' ' pas pas , , , , ne pas pas la paralytique , ils , ' , , , , , , , .","they did not , , they , not , , , , , and , , and , and not to to the ."
"It's going to be a dry, hungry night.","c ' est une ' un , ' un , ' un , ' un , ' un , ' un .","a a , a a , , a a a a . ."
"This is it, right here. Isabel testing the rules early in this game.","c ' est vrai , , ' est la , , ' un , de , , , ' un .","it is true , , , , , , , a a a ."
"10, 9, 8, 7, 6, 5, 4, 3, 2, 1. Stop! Your time is over.","cinq , , , , , , , , , , , , , , , , , , , , , , , , , , , , , , , , , , , , , , , , , , , , , , , ,",", , , , , , , , , , , , , , , , , , , , , , , , , , , , , , , , , , , , , , , , , , , , , , , , ,"
"Oh, they're doing it again.","oh ! je ' ai ' , , , , , .","i , , , , , i , ."
"Did somebody take that? Oh, great, we're that tribe.","mais , a nous , , , , , , , , , , , nous sommes ,","but , , we are , , , , , , , , , we are not to to"
It wasn't a nice feeling to see that the other team took most of our good stuff.,"ce n ' était pas un de de , , de la , , de la , de la , de la , de la .","it was not the the , , the the , the the , the the , the the of the ."
We all got back to the mats and to see that we had hardly anything there.,"nous étions tous ensemble , et , ' , , , , , ' il nous , , et nous nous .","we were to and , and and , and we , and we , and and and and ."
There was definitely a bit of a blow. They looked pretty smug.,"il y avait une une sorte de , , , , , , , , , , , , , et de ' .","there was a a of , , , and a , , , , , , and a , and a ."
You got it! Yeah!,"tu es ' es , , , ' ' !","you are right , he exclaimed ."
They were ripping us off.,"ils nous ' ' , et nous .",they were to and fro .
I actually saw Isabel come along and grab some stuff.,"je ' ' ils , , , , , , , , , , , et les pétillements .","i , , and , , , , , , , and , and the ."
And I thought maybe they'd just got it on the wrong mat.,"et je m ' a dit que ' ' ' ' , , de la , de la ' .","and i said , , and i to the the ."
I cannot believe that I didn't react.,"je ne sais pas ' ai pas , , ' ' , je ne ' ai pas , .","i don not know , i , i i not to to . ."
They stole our back thing.,"ils nous ' ' , de la ' .",i have to the . .
"I didn't see what she was doing, but it sounded like she stole quite a lot from the other mat.","je ne sais pas , elle , ' elle , ' elle , ' elle , ' ' , , ' elle , ' ' , , .","she would not have , she she she , she she she she would have liked to ."
I feel a little bit bad for the other swans because they had nothing.,"je ' ' ai qu ' un moyen de ' ' , , , ' ' , , , ' ' , , ' ' , , .","i have a a , , , , , , , ."
"Ogaton, looking like the clear winners in this game.","thérèse , , , , , , , , , , , , , et de ' .","listen , , , , , , , , , , , , , , , , and ."
Yeah.,"mme raquin , ' ' .",madame raquin .
"Tony, what was the game plan?","mme raquin , qu ' elle ne pouvait se faire , à la ' , de la ' , de la ' , de la ' , de la .","madame raquin , she to the the , she she to the the , the the , and the ."
"Everyone going hell for leather to get what they could get, eh?","tout de suite , ' , , , , , , , , , , , , , de la , de la .","now , , , , , , , , , , , , , , , she had to the the ."
I could not believe when I looked down how much gear there was on that mat.,"je ne puis pas ' ' avais pas , , , ' ' , , ' ' , , ' ' ' ' .","i don not t , , , i , not to . ."
"I looked over the other tribe and I was going, oh, I know which tribe I'm going to be in.","je suis ai , je suis , , je ' ai , je me suis , , je ' ' ai , je ne ' ai pas , je te ' ai ' ai","i have , i i , i i , i i , i , i i , i i , i i , i i , i i , i i to the . ."
And Isabel?,et ?,and what ?
Playing the game early!,"que le monde , ' ' , , ' ' , , ' ' , , ' un de la .","what , , , , , , , ."
"Well, it's a strategy and this is a game and I did what I could.","et c ' est que je ' ai , je , je , je , je , je , je ' ' ai ' , , je ' ' ai ' un coup… .","and i i i , i i , i i , i i , i , i i , i , i , to the . ."
I read between the lines.,"je ' ai ' de la ' , de la ' .",i am the . .
"I'm not a bitter person, but no, actually I'm a very bitter person.","je n ' ai pas un sou , mais je ne ' ai pas , , ' il y a des choses .","i have not a , , i i not , , i am not ."
I'm not happy at all. I'm pretty pissed off.,"je ne suis pas , , je ne ' ai pas , , ' ai , je me ' .","i don not , i i , i i not to to . ."
Maybe we should give them a knife. I'll give them a knife at the end.,"un peu de , je ' ai ' ai ' un , ' un , ' un , ' un , ' un , ' un .","a a , , a a , , a a a . ."
"Dee, is this how you wanted to start this game?","votre existence , qui est ' , , , , , , , ' ' , , tu as assassiné… .","your mind , , , , , , , , , , and , and ."
We're here to play survivor. I've got a pot. I'm good.,"je suis un ' un , je m ' en , , je m ' en , , je m ' en , , je ' ' ai ' .","i have a a , i i , i i , i i , i i ."
At one point we'll get fire. You always end up with fire.,"a un ' de , , , , , , , , , , ' un de la .","in , , , , , , , , a a . ."
I've got a good team. I've got a squished melon. I'm all right.,"j ' ai eu un ans , je ' ai ' ai ' ai , , je ' ai ' ai ' un , ' un .","i have a a , i i , i i i a a . ."
"All right, guys. Grab your loot. Set up camp for the first time.","cependant , , , , , , , , , , , , , , , de la ' , de la .","but , , , , , , , , , , , , , , , , , , , , , ."
"Ogaton, you're going that way.","vous , , tu es ' as pas , , ' un .","you , , , he , you are ."
Here's a map to your camp.,"c ' est une ' de de , , ' un de de , et de ' .","it was a a of , and a a of a ."
That's camp loot.,c ' est la ' de la ' .,it is s the . .
"Mimosa, you're going that way.","si tu es ' as , , , , , .","if you are , , , , you are ."
Can I just say one thing? I just want to...,"je ne te ' pas , , ' , , ' ' , , ' .","i don ' t want to , , , , i , ."
I feel bad if you don't have a knife.,"je n ' aurais pas pas un sou , tu , tu es ' as pas , , ' un ton de .","i don not t to you , , , , , you , you you are a a . ."
What?,quelle folie ?,what a nice ?
So I'll give you a knife.,"je vous ai ' ai , , ' un ton de , ' un coup… .","i have a , , , i am a ."
Got one. Take it.,"un ' est , , ' il y a des rentes .","there are cowards , he ."
"No, no, no. Grab that knife, Jack.","non , non , , , , , , , , , , , , , , ' ' , , ' ' .","no , no , no , no , , , , , , , , , , ."
I don't want to take it.,"je ne ' ai pas , , ' ' , , ' ' .","i have no more , , i ."
"The whole principle is if you're going to steal,","ce serait ' est pas ' un , , , , , , , , , , , .","it ' s a , , , , , , , , , , ."
then you've got to live with the consequences of looking like a bit of a villain.,"puis , tu es un de de , , de la , , de la , , de la , , de la ' un de de .","then , the the , , , , and the , , , , , and the , of the , , and the ."
"Isabel, what was that about?","mme raquin , qu ' elle aurait pu , à la ' , de la ' , de la ' , et de ' , , et de ' .","madame raquin , she and , and she , and the , , and the to the her ."
"I think a knife is essential, and if you didn't have that,","je ' ' ai un , tu es ' es pas , , tu es ' es pas , tu es un .","i have a , , i i , you you you are not a , and you . you are ."
I couldn't imagine going into the bush without one.,"je ne pouvais pas , , , ' il ne ' pas pas la moindre de .","i don not t , , , , , , not to to ."
"Isabel, you're being nice right off the bat.","vous , , , , , , ' un de , , , ' un .","then , , , , , , a a a a . ."
Yeah.,"mme raquin , ' ' .",madame raquin .
I'm confused by your strategy.,"je suis votre que j ' ai de , , de la ' , de ' un .","i am a fool , i , i i , the the of the . ."
"Well, I have morals, and I have a moral compass as well,","eh bien , je ' ai , , je ' ai ' ai , , je ' ai ' ai ' un , ' un .","well , i i , i i i , i i ."
"and so, you know, I feel bad for them as well.","et , quand je ' ai , , , , , , ' ai , , ' un de ' , .","and , i , i , i , , , , ."
"It is a game at the end of the day, and it was just part of the strategy.","il y avait une heure , , ' il y avait une sorte de ' , ,","there was a a , , , and a a , and a a of a ."
"Awesome, mate. There's our beach.","nous sommes , , , , ' il y a des hommes .","now , he , , , the the ."
This is wicked.,c ' est bien que ' ' .,it is s true .
"Is that a point break over there, Tom?","c ' est une ' , , , , , , , , , , , , , , .","it ' s a , , , , , , , , , , , , ."
"Yeah, mate.","elle , ' , , ' ' .",she she .
"This is our home for the next however long, guys.","ce fut , la nuit , il se ' à la ' , , et de la ' .","it was , , and the the the the the the ."
"Walking together, we were all really stoked, you know, for winning,","ce soir , , , , , , , , , , , , , , , , nous .","that she was , , , , , , , , , , , , , , , , ."
"and we're just carrying all our goods, and we're looking out in the ocean,","et nous nous , nous , nous , , nous , , nous , , nous , , nous , nous nous .","and we we we , we , we , we , we , we , and we , we , we were to ."
"and you see these pelicans, and you realise,","et et vous , , , , tu es ' as pas , et tu es malin… .","and , , you are right , and you , you are , and you ."
"wow, we're not in South Auckland anymore.","nous sommes , nous , nous ne nous pas pas , , nous ne nous pas pas .","we are not , we we , not to to , we , we , we , we , we , we , we , we , we , we , to the ."
"Oh, yeah.","et , ' elle se ' dans la chambre .",and she went to the the .
Nice.,un jour de,a day night .
"And as soon as we saw our flag, we knew, oh, this is home base.","et nous nous , nous , nous , nous , nous , nous , nous , nous , nous , nous , nous .","then , we we we , we , we , we , we , we , we are ."
"Yeah, it sunk in. We're here.","un jour , nous sommes , , nous , , nous , nous .","one day , we we , we , we , we shall be a . ."
"One, two, three.","deux heures , lorsque la nuit ,","but nine o ' clock , the the"
Muggerton!,"un jour ,",a day night .
Woods!,"' a pas de ' ,",no doubt .
"We'll go over here in the shade, and we'll just get out of the asylum,","nous sommes tous mortels , nous , nous , nous , nous , nous , nous nous .","we must have , and , , we , we , we , we , we , we were to ."
"and we'll have a quick chat, and then we'll get into it.","et nous avons un , nous , , nous , , nous , , nous nous , nous .","then we must have , , , we , we , we , we , we were to ."
You can leave all your gear here.,"vous , , , ' as , , de la .","you , , , , , ."
"OK, guys, just a suggestion.","elle , , , ' un , , , ' un de ' un .","but she , a a a a a a ."
"I've got a bit of experience working in bush like this,","j ' ai une une de de , , , , , , , , , , et je .","i have a a , , and , , , , , , and a , and a ."
"how to set up a camp, toilet, and all the rest of it, but we're a team,","que nous ' , , , , , , , , , , , , , , , , , ' , et de ' .","and , , , , , , , , , , , , , , , , , and ."
"and I think if we play together,","et je ' ai , , , ' ai , , , ' ' , , .","and i , i , i i , to say ."
"everybody's got input and a bit of a say on what goes on, eh?","le ' est un , , , , , , , , , , , , , , , et de ' .","it is a a , , , , , , and , , , , , and a a ."
Master Tony?,"mme rosémilly rênal , qui vous ' , ,","madame raquin , who had been , and"
"Yeah, man, he's the man, eh?","un jour , , , , , , , , , , tu es malin… ?","a day , , , , , , , , and laurent , you are ?"
"He's got a lot of experience, man, a lot of knowledge,","il y avait un un , , , , , , , , , , , , , , , , .","a moment , a , , , , , , , , , , , , , and a ."
and he's not shy to share it.,il n ' aurait pas pas de ' à la ' de sa nièce .,it did not prevent the to to the the . of the .
"Just remember, when you're working around in this environment,","quand tu sais , , , , , , , , , , , , , .","when you , , , laurent , , , , , , , , , , ."
"although it may look open, every time you go to touch something,","si elle ' est , , , , , , , , , , ' un , , ' un .","if , , , , , , , , , , a a a . ."
"give it a bit of a kick, or find yourself a stick,","un homme de , et , ' un , , ' un , , , , , , et de ' un .","a man , , and a , and a , and a , and a a a ."
"and give it a bit of a shuffle,","et il y avait une sorte de ' un , de ' un .",and a a a a a a of a .
"because there's always going to be something around,","c ' est parce qu ' elle est ' , et qu ' il y avait des choses .","it is because it was , , and that the the of the ."
and more so when it gets dark.,"et quand il ' ' , , , , , , ' ' , , ' ' .","and when he had , he , he , and ."
I don't mind being a leader at all.,"je ne sais pas ' ai pas , ' un de ' , , ' un de ' ' un .",i don not t a a a a a word .
"I do have a considerable amount of experience,","je ' ai un ' un , ' un , , ' un , ' un de ' un .","a a , , a a , a a a a . ."
They see me as valuable.,je me suis ' ai ' de de ' .,i am a . .
That's part of my plan anyway.,"c ' est ma faute de ' ' , , ' ' , de la ' .","it is s , , , , ."
Make yourself valuable.,"si nous voulons trouvons , ' .",if we were to .
Don't be just an extra body on the ground.,"ne ne pas pas la ' de la ' , de la , , de la .","do not not to the the , the the , the the ."
"If we can all just have a look around the general area,","si nous ' ' , , , , , , , , , , ' un , ' un , ' un .","if , , , , , a a , , a a a a ."
"and we'll just bring it all in here,","et nous avons fait , ' on nous , , , , , , et nous .","and we must have , we , we , we , and we , we , and we ."
"and then we'll see what we've got, and figure out what we're going to build, eh?","et nous nous , , , , , , , , , , , , nous , , , nous , nous , nous .","and we , , , , , , , , we , we , we , we , we , we , we were to ."
"All right, go team!","eh bien , mais , , , , ' ' , , ' ' .","well , but , as if as to ."
The first thing that I noticed about the tribe members,"la vérité , je m ' avait , , ' ' ' ' ' ' , , ' ' .","i was , , , i , to see her ."
"is that a lot of people are standoffish,","c ' est une ' de , , , , , et de ' , et de ' .","it was a , , and , and the , and the ."
and I'm wondering if it's because of Tony being so direct.,"et c ' est que ' ' ' est à moi , ' ' , , ' ' , , ' .","it is s that , i i , ."
"As soon as we walk in, he knew what he thought we needed to do,","nous nous tous ensemble , il ' il nous , , , nous , , , nous , nous .","we we , we , and we , we , we , we , we , to the ."
"who was in charge,",et c ' est qu ' elle ne ' pas pas la moindre de .,but she did not wish to to . .
and so we kind of let it happen.,"et nous avons fait , ' , , , ' il y a des rentes .","and we are , , , , he ."
"Yeah, if you look at some of that stuff, it's a bit rotten.","tu es un , , , , , , , , , , , , , , ' un .","you are a , , , , , , , , , , a a a a ."
"Give it a good kick first, eh?","si tu es ' as , , , , , , , , , , , , , .","if you have , , , , , , , , , , , , , ."
"Tony, were you thinking just to build an actual structure in this little area here?","on ne , que ' un de ' , , , , , , de la , , de la , de la .","one day , , , , , , , , the the , the the of the ."
Yeah.,"mme raquin , ' ' .",madame raquin .
I don't mind Tony taking a leadership role in this tribe.,"je ne sais pas ' ai pas , ' un de ' , , ' un de ' , , ' ' un de ' .","i don not t a a , and a a a a . ."
"It kind of takes the focus off me a little bit, I guess.","je me suis un , , je m ' en ai , , je ' ai ' ai ' un , ' un .","i have a a , , i i a a . ."
"No, no, just try and overlap,","non , mais , , , , , , , , ' ' , , et de ' .","no , no , but , and , , , , and , and ."
and then I can show you how to try a square left.,"et je ' ai ai ' , , ' un , de , , , ' un de ' un de ' un .","and a a , , , , a a a a a . ."
"Yeah, that's too small, eh?","ce sera est , , , , , , , , , , ' ' , ,","it is be , , , , , , , , , , , ,"
"Could you take it, yeah, to that far, onto that one?","pourquoi ne ' pas pas , , , , , , , , , , , , , .","why not , , , , , , , , , , , , , , ."
That's a better idea.,c ' est une ' ' ' un de ' ' un de ' ' un de ' .,a a of a a . .
Yeah.,"mme raquin , ' ' .",madame raquin .
Maybe that one's a bit shorter.,"c ' est une ' ' un de ' , , ' un de ' un de ' un de ' .",a a a a a a a a a . .
"OK, guys, we need to site the toilet away from our camp.","nous , , nous , , , , , de la , , de la .","now , we , , , , , , , the the , and the ."
"But not too far away that, you know, if the girls want to come down here,","mais ne sais pas pas , , , , , , , , , , , , , , , , , et de ' .","but don ' t know , , , she , , and , , , , , , , , , , and , , and ."
they're not going to find it.,"ils ne sont pas , , et ils , ' ' , , .","they did not , and they , and and and ."
They're way off in the bush and they get lost and maybe get bitten by something.,"ils sont ' , et , , , , , , , , , , , , , , , , .","they were , , and , and , and , , and , , , and the , and the ."
"So I think we'll use this initially, we'll dig one here.","je , nous nous , nous , nous , nous , nous , , nous , nous nous , nous .","i , we we , we , we , we , we , we , we , we , we were to ."
"I mean, we'll dig it deep enough for about two or three days,","je ' ' ai , , nous ne nous pas , , nous , , nous , nous , nous .","i have , , we , we , we , we , we , we , we , we , we , we , to the . ."
"so you probably want a hole about, say, two feet deep.","c ' est toi , ' est que , ' un coup… , et , , , , ' un .","it is a , , , , , and , and a a ."
Yeah.,"mme raquin , ' ' .",madame raquin .
"See, I'll go get a machete.","je , je m ' as , , ' un , ' un .",i was a a a a . .
"I mean, Tony's here because he loves it.","je suis bien , , ' il y a , ' il y a , ' il .","i am , , , , he would have to to ."
"I think he's here for the experience, like, so I don't see him as a huge threat.","je ' ai ' ai , , , , je ' ' ai pas , , ' il y a , ' un , ' un , ' un coup… .","i have a , , , i i , a , , and i ."
"Yeah, I want to try and, you know, side with him and still keep him close.","tu es , , , , , , , , , , , , , , , , ' un de ' .","you , , , , , , , , , , , , , , , a a ."
Only I've got stuff to learn off a dude like that.,"je ne ' ai plus , que j ' ai fait un ' un de ' un de ' un de ' un de ' .",i could not a a a a a a a a a . .
He's cool.,il est ' de la .,it is a . .
"How's the loo going, Tom?","que la compagnie est de , , , , , , , , , , , , , , , , , , , , .","the the of of camille , , , , , , , , , , , , , , , , , , , and the , , the the of the ."
Just clearing it out. Have you talked to Lou?,"je ne ' ai pas , , de la , , de la ?","i don ' t know , , the the , , the the of the , , and the the ?"
Not really. I just— I think we've all agreed on Hannah.,"je ne ' ai pas , je , je ' ' ai , , je ' ' ai ' , , ' un , à la ' .","i have no more , i i , i i , i i ."
Yeah.,"mme raquin , ' ' .",madame raquin .
My biggest concern going into tribal would be that I get blindsided.,"mon mari me fait , ' un , , je ' ' ai ' .","my dear , i i , and i ."
"I don't know these people yet, and there's always going to be doubt,","je ne sais pas , , ' est pas ' elle est , , ' ' , , , , , , .","do not know , she said , i don ' t know what to do , and that is not to to ."
"but this first day, there's a lot of doubt.","mais c ' est bien que ' il y a , ' un de ' , , ' un .","but it is a a , , he ."
I want to kill it so we can have it for our dinners.,"je ' aurais mieux aimé que nous ' nous , nous , nous , nous , nous .","i have to to to to , , , , , we , we , we , we , we , we , we , we , we , we , and we ."
I don't want it to claw me.,"je ne m ' ai pas , ' un de de ' , , ' ' .","i don not t a word , and ."
It might just claw onto your stick and then you can carry it.,"il est ' de votre ' , et , , et , , et , , , , et tu es ' as .","it was necessary , and and and and , and and , and you , and you ."
I caught a dinner!,"je suis un , , ' il y a des rentes .","i am a , , i am a . ."
Yeah.,"mme raquin , ' ' .",madame raquin .
"It's more like an entree, eh? Entree.","c ' est une ' un , , , , , , , , , , , , , , , , , , ,","a moment , , , , , , , , , , , , , , , , , , a a ."
"Tom is just, like— I'm really impressed with the way you just, like, were bossing that challenge.","j ' ai , , , , , , , , , , , , , , , , , , , , , .","i have , , , , , , , , , , , , , , , , , , , , ."
like throwing your body on there,"et que tu es ' as , , , et de ' .","and you , you are , and and ."
and you're looking pretty strong.,"et et vous , ' as , , de la ' .","and , , you are ."
"I was like, bro, I told you I was a powerlifter","j ' ai été , , , , , , , je , ' ai , , je te ' .","i have been , , i i , i , i i , i i , you ."
and you just immediately wrote me off,"et , , , , , ' un ton de .","and , , , , ."
"and like, fat girl, you're not gonna be strong,","et , comme vous , , , , , , , , , , , , , , , .","and , , , , , , , , , , , , , , , and the ."
you're gonna be the weakling.,"vous avez ' de , , ' un .",you have a a . .
My immediate reaction with voting would be Tom.,"mon mari est ' pour elle ' elle , ' ' de",my heart is to to me .
"I think he could be quite dangerous,","je sais bien que ' il y avait , , ' ' , , , ' ' .","i know that it was be , , and ."
so I'm a little bit worried what he could do.,"je ' ai un , , ' il , ' ' ' ' , , ' il ' ' ' ' ' un de ' .","i have a a , , and he ."
"He was part of an alliance, like yeah,","il était était un un , , , , , , , , , , , , , , , et de ' un .","it was a a , , and a , , and a , , , and a , , and a ."
one that was naturally created,il était était de ' ' ' de la .,it was the . .
before the tribes were announced.,"avant de la ' , , ' , , ' ' de la .","to the , , the the ."
Yeah.,"mme raquin , ' ' .",madame raquin .
Worst person on my hit list is Tom.,"avant de ' , , , ' ils , ' , , ' un de de .","to , , , , , , ."
because I know he has some strong people,"il faut que que ' il est ' , , ' ' , , ' .",he would have to to to .
that he's quite close with from the other tribes.,"il est ' de ' ' un de de , de la , de la ' , de la .","it is a a of , , the the the the ."
You have to look out for people,"mais , pour la ' de ses enfants .","but , in the of the ."
who might potentially send you home,"il serait bien de ' ' ' , , ' ' , , ' .","it was necessary , to be , ."
and he's one of those people.,et il est ' ' ' ' ' ' ' ' ' ' ' ' .,and he .
"But I just purely think Tom,","mais je ' ' ai ' , , , , , , , , .","but i , , , , , , , i , ."
"just because he's, to me, he seems unpredictable.","il est vrai , il est vrai , il ' est ' ' il , ' ' , , ' ' .","it is true , he he , he he is ."
"Like, you don't know what side he will take.","tu ne sais pas , tu ne ' as pas , , , ' il nous , , .","you don ' t want to , , , , , you , not to to ."
"No, I don't know where his loyalties would lie.","non , je ne ' pas pas , , ' il ne ' pas pas , .","no , i don not , , i i not to . ."
"Like, he's real cool, like, he's a real decent guy,","il , il est ' , , , , , , , , , , , , , , , , .","he , he , , , , , , , , , , , , , , , , and the ."
but in terms of strategy.,"mais , pour qu ' elle ne pouvait se faire .","but , she could not longer see her ."
"Once you stick with someone, like, that's it.","un jour , ' un , , , , , , , , , et , , .","one day , , , and , , and , , and a a ."
I will be voting for Tom tonight,"j ' ai voulu que les meurtriers de ' , .",i have the the of the . .
because I don't find him 100% trustworthy.,"je ne ' pas , , ' ' , , , ' , , ' ' , , ' ' .","i have no longer , , , , i , ."
"Well, are you okay with that?","eh bien , tu , , , , tu as ?","you you , you you are ? ?"
As long as you don't turn around and put it off.,"comme vous , , , , ' est pas , , ' il ne ' pas pas .","you , , , he , , he is not . ."
"No, for sure.","non , mais , ' ' ' ' ' .","no , but no ."
"Okay, I'm good with that.","je , je suis ' ai ' ai ' un , ' un , ' un .","i have a a , and a ."
Tom has to go and Izzy and Hannah agree.,"votre tante est venue , et , et de , et de .","your aunt is the , and and and and and and . ."
"Guys, we have to come back or something.","nous , , , nous , , , nous , , nous .","then , we , we , we , we , we , we , we , we were to ."
"Otherwise, it's just not as dodgy.","il y a , , , , , , , ' ' , , .","it is , , , , , , , ."
"Well, I've got a bro coming through.","j ' ai eu un ' un , ' un , ' un , ' un , ' un .","a a a a , , and a a a a ."
"Oh, there's gonna be a mean fire by the time we're done.","nous avons bien , , ' ' est pas , , nous , , nous , , nous .","we are , , we are not , , we , we , we , we , we , we , we , we , we , to the ."
We're not here.,"nous ne pouvons pas pas nous , .",we don ' t want to to to the . .
"You're insane, eh?","tu as raison , tu as ' as pas , , tu as assassiné… .","you you , you you are , you you are , you you are ."
Woohoo!,"un jour ,",a day night .
"Oh my God, look at this.","oh ! mon dieu , c ' est que ' ' , je me ' ' .","oh ! i have , , , she ."
"Oh yeah, yeah.","et la vieille dame , ' ' .",and the old lady .
Look at you.,"vous avez raison , et ' il y a des rentes .","you are right , he is ."
My babies.,mon mari .,.
My greatest strength to this tribe would be my strength.,"mon mari me fait de ' , , ' ' de la ' , de la ' .","my aunt , to me , and i ."
"So I was picking up boulders and, not boulders,","je ' ' étais , , , , , , , , , , , , , , , et de ' .","i was , , , , , , , , , , , , , , and ."
but really big rocks and bringing them over.,"mais , de se , , , , , , , , , , , , et les .","but , , , , , , , , and , , and the , and the ."
I'd like to say it was a boulder.,"je suis bien , , ' il y a , ' un , ' un .","i am a , , he would have a a ."
"I'm like, this is Hannah's pile.","je suis est , , ' est que tu es ' , , , , , .","i am , , , i , that i have , , ."
"Oh, it actually is.","oh ! c ' est qu ' elle est ' , et il ' ' .","oh ! he is , , and he ."
"I think Hannah is strong as hell,","je ' ai ' , , , , , , , , , , .","i have , , , , , , , , , ."
mentally and physically.,"et son fils ,",and his his .
She's really tough.,"elle est bien , , ' elle est à .","she is true , she said to herself ."
I just know that there's a lot,"je sais bien que ' il y a des rentes ,","i know that the are the to , and the ."
and no team wants to be slowed down at all.,"et , ne ' pas pas ' un de de , , ' ' , , de la .","and don ' t be , , , and ."
"So basically, me, Izzy and Hannah","et , , , , , , , , , .","and , , , , , , , ."
have discussed voting Tom out,"des choses de de l ' autre ,",from the end of the .
just because he's an easy threat.,il ' est un ' ' ' un de ' ' un de ' un de ' ' un .,it is a a a a a . .
"Yeah, I think both Izzy and Tom on the same page.","ils , je ' ai , , , , , , , ' ils , ' ' .","i have , , , and , , and i , to see if the were ."
They're thinking about Hannah as well.,"ils sont ' ont fait de ' , , ' un de de , et de ' .","they are a , , and , and ."
I'll be seeing Hannah because of the challenges.,"je suis ai de de ' ' , , ' un de de , , , ' un de de .","i am a a , , , , , a a . ."
That's a surprise to me,c ' est une ' ' un de ' ' un de ' ' un de ' .,a a of a a . .
because she's part of my original alliance.,"parce qu ' elle est ' , elle me ' ' ' ' ' ' .",to she she would not . .
I'm not very happy with this new development.,"je ne ' ai pas , , ' un de ' , , ' un de ' .","i could not a , , and a a . ."
Tom's just sitting around looking at Isabelle,"le vieux michaud , qui la la , , la la chambre .","the old lady , the the , the the , the the the the the the ."
because he didn't like how she just gave way out.,"il ne ' pas pas , , elle ne ' ' pas pas un de de , , ' elle .","she did not , , she did not even seek to ."
He didn't like how what?,il ne ' pas pas pas ? ?,what do you mean ?
How she gave way out.,"elle se ' , de la , , ' elle , ' ' elle .","she she herself , and she her ."
She didn't say-,elle ne ' pas pas pas la moindre de .,she did not wish to . .
I think Tom's feeling the pressure,je crois que ' il y a des de de la .,i am the to of the . .
and maybe in desperation is trying to point the finger,"et il y a des de de de la , , de la , de la .","and the the of of the , , the the of the ."
at somebody else.,"a cinq heures ,",at five o ' clock in the afternoon .
He's thinking you do.,"il faut que tu as ' as , , ' .",you must go to . .
"She's already thinking past, you know?","elle est ' est pas , , , , , , , , , , , , ,","it is s , , , , , , , , , , , , , and"
I think that we should stick to the plan,"je dois avouer que nous avons ' nous , nous nous .",i must confess that we were to to .
because Tom's an absolute threat.,"parce que ' ' on de la ' , de la , de la ' , de la .","because the water , the the the the ."
But ultimately my most solid alliance would be Osana.,"mais des idées de de ' , , ' ' , , ' ' , , ' ' , , ' ' , , ' ' .","but , , , , , , , , , ."
That's kind of what I'm going with right now.,"c ' est bien que ' ' , je me suis , , je ' ' ai ' , , je suis ' ai , , je te ' .","it is i , i i , i i , i i , i i , i i , i i , to the . ."
"So, Hannah or Izzy?","votre tante , vous , , , , ' , , nous .","you , , you are , , , you are , to you ."
Switch.,un autre côté de la .,a single of of the .
Or Hannah?,"chapitre xxii , ' est-ce que tu as ?",do you think ? you ?
What do you think?,que quoi bon ?,what what is the ?
Let's see.,et je ne ' ai pas .,i don ' t want to .
I'm just waiting for a name,je suis un ' un de ' ' ' ' ' ' ' .,i am a a . .
because I don't know where the numbers are.,"non , je ne ' pas pas , , ' ' , , ' ' , , ' un de ces gens qui les .","no , i i , i , , , , i i , and i ."
I think we should lock one in,"je crois que nous ' ' ' , , nous .",i believe we should have to . .
so we don't keep talking about it,"il n ' est pas pas , , , , , , .","it ' not be , , he , to himself ."
so we can get work done.,"nous sommes bien , nous , , , nous .","we are , , we are , and we ."
I don't know if you guys realise,"je ne sais pas , je ' ' ai , , , ' elle , tu ' ' as pas , .","i don ' t know , , i , i , i , she said to ."
but Hannah's been doing a lot more work than Izzy.,"mais une femme de ' est , , ' elle est à , ' ' , , et ' .","but a thing , she said , , and , , and ."
"Yeah, yeah.","mme raquin , et elle se ' de la ' .",madame raquin and she and the .
"I think she's just properly like proving herself, eh?","je ' ' ai que , , , , , , , , , , , , , , , , .","i have , , , , , , , , , , , , , , , ."
Like that's the point of it.,"et que ce soit , ' , , ' ' , , ' ' .","and that , nothing , it was impossible ."
Yeah.,"mme raquin , ' ' .",madame raquin .
"So Tom, either one's Hannah out or Izzy out","a la , , , , , , , , , , , de la , .","at , , , , , , , , , , , , the the ."
which makes me a horrible person.,"il me semble que ' elle , ' ' un de ' un de ' .",it seemed to me that it was a a . .
I want to be the good person that does the decent thing,"je me suis que ' ' , , , ' ' , , , ' ' , , ' ' .","i am , , , , , i i to the . ."
and then I want to be a survivor.,"et je me suis ' , , ' ' un de ' un de ' un de ' .","and i , a a a a a . ."
So you almost can't play the two at the same time.,"si je ne ' ai pas , , , ' , , ' ' , , ' ' .","if i don ' t want to , , i i ."
"Just let me know, eh?","maintenant , tu as ' as , , , , tu as ' as pas , , tu as assassiné… .","you , you are , , you are , you you are , you you ."
Let me know.,mais je ne ' ai ' ai pas .,but i never saw me .
Yeah.,"mme raquin , ' ' .",madame raquin .
"Hey guys, before we start dragging somewhere","nous , , nous , ' ' , nous nous .","we , we we , we , we , we ."
can we pick the somewhere?,mme de chevreuse ?,madame raquin ?
Yeah.,"mme raquin , ' ' .",madame raquin .
So where's home?,"et , ' ' de la ?",and how ?
Closer to the beach.,"et les de la ' , de la .",and the the of the
Don't want to be too far in here.,"ne ne pas pas pas , , ' un de ' , , ' un de ' .","not not not a word , he , not a word ."
"No, as I say, you've got to pick a site","il , je vous ai , , , , , , , , , ' un ton de .","he , , , , , , , , , , , and i you ."
and then we just pick it.,"et nous avons fait , ' il nous ' ' .",and we must have to to .
"Yeah, good idea.","mon ami , , ' est qu ' elle ne ' .","my dear , she said to herself ."
So we reckon just over here,"nous sommes bien , ' ' nous , , nous .","we are , , we are ."
so it's quite like just behind our flag?,c ' est que ' ' est-ce que tu as ?,what you you doing ?
We go there then.,"nous avons dit , .",we have to to to .
Yep.,"mme raquin , ' ' .",madame raquin .
Okay.,"mme raquin , ' ' .",madame raquin .
"Just where, okay.","a cinq heures , et ils , ' ' , , .","at five o ' clock , and they , and the ."
So there goes that.,"il est vrai , il y a des rentes .","he is true , he is the . ."
Yep.,"mme raquin , ' ' .",madame raquin .
My preparation for Survivor,"mon mari , pour l ' . .","my dear , , she ."
didn't start the day that I found out,"je ne ' ai pas , , ' un jour , ' un , ' ' , , ' ' .","i have not a , , and a a a . ."
I was going to be on Survivor.,"je ne ' avais pas de ' , de la ' .",i could not believe .
It started the day that I found out,"je ' ai ' , , je ' ' ai ' , , je ' ' ' ' un de ' un .","i , a a , and i ."
Survivor was coming to New Zealand.,"mme raquin avait été , de la , de la ' .","madame raquin had the the , and the ."
"So I got to the point where I could run,","je ' ai ' ai , , , , , , , je ' ' avais pas , , je ' ' , je me ' ' .","i have , i i , i i , i , i i , i i , i i to ."
I could swim.,je m ' avait prise d ' une façon .,i had to to to to .
I was juggling.,j ' étais trop d ' un .,i was a . .
I was standing on one foot.,"j ' ai une sorte de ' , , ' un , , ' un .","i have a a , , and a a a . ."
I have held my arm up in the air,"je suis ma maîtresse de la ' , , ' un de ' un de ' un .","i am a , , , a a a a . ."
for as long as I possibly can.,"comme si je ' ai ' ai ' ai , , je ' ' ai ' , , , ' ' .","if i had not , i i ."
And I started meditating,et je ' ai ' de la ' de la .,and i am the the .
and thinking about how I was going to act nice,"et que ' ' , , , ' , , ' ' , , ' ' ' ' .","and , , she was not ."
and how I was going to convince people,et je me ' ' ai ' ' de la ' ' ' ' .,i have to .
that I was a pleasant person.,"j ' ai eu un besoin de ' ' elle , ' ' , , ' ' .",i have a a to .
Have either of you thought at all,"mais , pour vous , , ' un de de .","but , , , , ."
that maybe it wasn't the best idea,"c ' est vrai , il ne ' pas pas de ' ' un de ' ' .","it is true , that is not a . ."
for three of us to go off and leave five behind?,"ou trois cents francs , nous , , ils , ' ils , , .","either we have three thousand francs , they , to the the , and they , to the ."
Risky?,et vous ?,and you ?
"No, I think if we're worried about that,","non , c ' est que nous ' il y a , , nous , nous , , nous .","no , it is not , we are , we are , we are ."
then it's us three and try and get two more in.,"c ' est que nous fussions , et nous , , , et nous ne , pas , nous , .","it was not , , and we we , and , and we , and we , and we ."
"That's going to, oh, I think Barb, Barb","c ' est toi qui m ' ont rendue , , je ' ' ai , , ' un , ' un , ' un .","it was a a , , , i i , and i ."
"surely would want to come with the girls,","je ' ' de ' , , , , , de la , , de la .","i , , , , , , , , the the ."
but who knows?,et qui n ' est pas ?,and why not ?
But do we want a whole girl alive?,"mais comment nous ' un de , , , , , , , , , ' ' , , ' ' .","but , , , , , , , , , , , , ."
"No, because the boys will never flip.","non , non , ' ' , , ' ' , , ' ' , , ' .","no , no , no , no , ."
They'll just try to grab one of us.,"on nous ' a de nous , et de nous , .","they would have the us , and and and ."
So what do you reckon?,quoi faire ? …,what !
I do want to rush into an alliance straight away.,"je me ' de ' ' , , ' un de ' un , de ' un , de ' un .","i , a a a a a a a word ."
"As soon as I got to camp,","je ' ai , , ' , , je m ' en de .","i am , i , i , i ."
"I was looking around at my tribe thinking,","je ' ai ma chambre , je ' ' ai ' , , je me ' , je me ' à la ' .","i have , i i , i i i to ."
"all right, come on, who can I trust?","mon , , , , , , , , , , , , , , , , , ,","look at , , , , , , , , , , , , , , , , , , ,"
"Dee has spoken to Shannon and I,","elle me fait de et je me suis , et je me suis , et je .","i and i and i , and i , and i i , and i i to myself ."
but I'm a little bit wary of her at this point.,"mais je ' ai une vie d ' une façon , , ' un de ' un de ' un de ' un de ' .",but i a a a a a a a a a a a a a a . .
So I'm not sure how I am feeling about Dee.,"je ne sais pas ' ai , , je ' ' ai , , je me ' ' .","i don ' t know , i i , i i ."
"You, the sex appeal, you two need to get in a couple of boys.","tu es , , , , , , , , , , ' ils , ' .","you are , , , , , , , , , , ."
"Well, we can try.","eh bien , nous ne pouvons plus de nous .","well , we we can ' t get a . ."
I don't know how well that's going to work.,"je ne sais pas ' ai pas , , ' ' , , ' ' , , ' ' , , ' .","i don not t , , i , i , i , ."
"For me, I'm just not too sure about Dee.","je ne sais pas , je ne ' ai pas , , ' elle , ' , je me ' .","i don not know , i , i , i i not to . ."
I trust Georgia.,"je suis ' ai , ,","i have been , , i i ."
I'm not sure how much I can trust Dee at this point.,"je ne ' ai pas , ' ' , , , ' , je me ' ' ai , je me ' .","i have no longer , i i , i i ."
We'll talk to you later?,"nous sommes bien , ?","well , we are ? ?"
"Yeah, yeah, we'll find a time.","un jour , nous , ' , , , ' ' , .","one day , , we , to be a ."
"You know, someone like that,","vous savez , que ' est , , ' un coup… de ' , ,","you know , , , , , , a a a man !"
I don't know whether I do want to have them in my alliance,"je ne sais pas , je ' ai , , ' ' , , je ne ' ai pas de de .","i don not know , i , i i not to to . ."
right from the get-go.,"et la ' de la ' , .",and the the .
It's just going to add a whole other level,c ' est une ' ' de la ' un de ' un de ' un de ' un de ' .,a a of a a a a a . .
of paranoia to the game.,"pour la ' , et de la ' .",and in the . .
"We have to get Dee off, obviously, right?","vous avez tort de vous , , ' , , ' on ne ' ' a la ' .","you have to you , you are , , you are ."
"Yeah, well.","mon père , si elle est ' .","you know that , she was a . ."
Is anyone else thinking that?,"mais , est-ce que tu as ' as ?",but how do you say ?
Yeah.,"mme raquin , ' ' .",madame raquin .
Sure.,"et non , ' ' .","no , ."
I'm hoping to get Michael on my side.,"je me suis de de la ' , de la ' , de la ' .",i am the the of the the .
I think he would be an awesome alliance.,"je crois qu ' il y a , il ' ' , , ' ' un de ' .",i know that he would have a a . .
"He looks very fit, and I think he is quite bright as well.","il est bien , , il est ' , et je ' ' ai ' il est ' .","he , he , he , he , he ."
So I think he's quite an all-rounder player.,"je ' ai qu ' il y a , ' un de ' , , ' un de ' un .","then , a a , , , and a a a ."
"We went off, and she was like,","elle était , , , ' elle , ' ' , et , .","she was she , she had she had to her ."
"oh my God, we've left all those guys","oh ! mon dieu , si nous voulons , , , , ' , , , .","oh , i ! if we were , , , , , , , ."
behind us now to get her.,"pour aller faire sa pension ,","to go to her , and her , and"
This is not good.,ce n ' est pas la faute de,it ' s not to to the .
Definitely probably going to keep my eye,"jamais je me ' ' ai , , ' ' de la ' .","i never saw me , i ."
"on Georgia a little bit, I think.","un jour , je ' ai ' ai , , je ' ' ai ' un , ' un .",one day i i a a .
I can definitely see her giving those eyes to Mike.,"je ' aurais voulu ses tendresses , de ses yeux , de la , , de la ' .","i had to her , and , , and her , her , and her ."
"I don't know what's going to happen there,","je ne sais pas , , ' il , ' ' , , , ' ' , ,","i don ' t know , , , , , he would not have a ."
but I definitely just got to be wary of that.,"mais je ' ai ' ai ' , , , ' ' , , ' ' .",but i was to to .
"You've got my back, I've got your back.","mon ami , je te ' ai ' ai , , tu es ' es malin… à moi .","my friend , i i , i i , you ."
Come.,"mais , ' est pas ' un .",but nothing is a . .
Yeah.,"mme raquin , ' ' .",madame raquin .
"Okay, right.","elle est bien , ,","she is true , , and"
Yeah.,"mme raquin , ' ' .",madame raquin .
I don't like villains.,"je ne sais pas , ' ' , , ' ' .","i don not know , , ."
You don't like what?,"mais ne sais pas , , ' est-ce pas ?","but don ' t you , , ?"
Villains.,les yeux .,the eyes .
No.,"non , pour l ' épouser .","no , to be ."
"As soon as she put out her hand for the villain,","quand elle se ' elle , ' elle , ' elle , ' elle , ' ' elle , ' ' , ,",when she saw her she she she she she she
"I was like, all right, you're out.","je suis bien , , , , , , , , , , ' un .","i am a , , , , , , , , , , ."
"Like, I don't want someone around Cammy","je ne sais pas , je ne ' pas pas , , ' ' , , ' .","i don not t , , i , i i not to . ."
"who's going to start, you know what I mean?","qui sait si vous ne ' pas , , , , , , , , , tu es malin… ?","who knows if you don ' t you , you , you , you , you you ?"
"Yep, yep.","mme raquin , et elle se ' de la ' .",madame raquin and she and the .
And I'm a man of my word.,"et je suis ai de de la ' , ' un , ' ' , , ' ' .","i am a a of , , and the ."
Yep.,"mme raquin , ' ' .",madame raquin .
You're a man of your word.,"tu es un de de , , de votre fils ,","you are a a of your , , and , , and you , you are a ."
Yep.,"mme raquin , ' ' .",madame raquin .
"So I was thinking, if me, you, Shannon and Georgia","je me suis , , , , , , , , , , , , , je te ' ai ' .","i am , , , therese , i i , i , i , i i ."
"teamed up, because you seem like a very honest person,","si tu es ' as , , , , , , , , , , , .","if you have , , , , , , , , , , , ."
and I am as well.,et c ' est qu ' elle ne ' pas .,she would not have to . .
"If us four teamed up, and yeah, ideally final four.","et , pour se rendre à , et ils , ' ils , ' ils , , et ils se roidissaient .","and , they they they they they , and they , and they and they ."
"So yeah, have a think about that proposition.","un jour , elle ' ' , , , ' , , , ' ' .","one day , she was to , and she ."
So I'm a senior sergeant with the police.,"je suis un de de , , , , , , de la ' , de la .","i am a of the , , , the , , , the the of the ."
I've spoken to people for nearly 20 years,"je ' ai ' ai ' un de ' , , ' ' , , ' ' .",i have a a . .
who've been not telling me the truth.,"oh ! ne m ' as pas , , ' ' , , ' ' , , ' ' .","oh , no , he would not to me ."
What are the skill sets that I'll have,"que ' est que j ' ai eu la vie de ' ' , , ' ' , , je ' ' ai ' un coup… .","what i i was i , i , i , and i ."
that the others won't have?,"ce n ' est pas la que tu as ' as pas , , de nous .","it ' not t be , , , you , and you , and we ."
We'll be picking up on the little cues and vibes,"nous sommes dans la chambre , et ' , , , , , et de .","we are all the , and the , and the , and the ."
and mannerisms around what they're doing,"et , ' , , ' ils qu ' ils ne ' ' pas de ' à la ' .",and as they did not wish to .
versus what they say.,"que ' ils ne ' ' pas pas , .",what do not reply .
"And we'll keep those long, because we can weave those.","et nous avons , , , , , , , , , , , , et nous nous ' .","and we , we were , , , , , , , , and we , we were to ."
"I think we should do D, because she's a sh**ster.","je ' ai qu ' elle est , , , ' elle , , , , ' ' .","i have it , she she , she she to her ."
100% a sh**ster.,un jour de la .,a day day .
"I really know very little about D,","je sais , c ' est que ' elle est , , ' ' , ,","i know that , she is , , she is ."
"but I just looked at her and I thought,","mais je me suis ' , et je ' ' ai , , , ' un , , ' un , ' un .","but i was a , and i , a a , and a ."
you're going to be a bit of trouble further down.,"tu as ' as un de de , , ' un de de .",you are a a a a a a . .
Nathan's coming now.,"les meurtriers de la , , ' ' .",the the of the the .
You've got to kind of watch how he is.,"tu as ' as , , , ' il , ' ' , , ' il de la ' .","you , , , he , , he ."
"He's thinking, we're just going to get voted off","il faut que nous sommes , , , nous , , , nous , nous .","we must have to , , we must be a , and we ."
because we're old.,"nous sommes bien , nous , nous .","we are , , we are ."
So don't play on that with him.,"ne ne pas pas pas la vie de la , , , , , ' un de de .","not not not to to the , , , , , , , , , , ."
"Yeah, I am concerned at this stage.","je , je m ' en pas , je me ' ' ai ' un .",i i not to to to . .
I'm the old man of the tribe.,"je suis le nom de la , , m ' a dit que le ' de la .","i am the the of the , , the the , the the ."
"There's Barb, obviously, who's on that sort of same","c ' est bien que ' elle est à , de la , , de la ' .","it is s that the the , , the the , , the the ."
40 to 50 age bracket with myself.,"pour que la ' de la , , de la , , de la .","to the the the the , , the the ."
"And we've got now, we've got five young ones","et nous sommes arrivés , ' on nous , , , , nous , , .","then we must have , , , we have to , , we are ."
as in their 20s.,"et que les jours de leur ' ils se ' , ils se roidissaient .","and they they they to the the , and they ."
"You could totally weave them into a mat, don't you reckon?","tu ne ' as pas , , , , , , , , , , , , , ' ' ?","you you not , , , , , , , , , , , ,"
"We'll need heaps of them, but there's quite a few around.","on dirait que , , , , , , , , , , , , , .","it may be , , , , , , , , , , , , , , ."
Michael's given me his word,"le vieux michaud , ' , , , ' il de la .","the old lady , he , to the the ."
that he wasn't going to vote me off.,"il ne m ' a pas de de ' , , ' ' , de la ' .",it seemed to me to to .
"If it broke down to four,","mais il ' était ' ' , , et de se coucher à la .","but he , he and and and ."
the four from this tribe were going through.,"les deux de de la , , les les les les et de .","the two murderers , the the , the the , and the ."
I'm unsure about that.,je suis bien que ' ' ' ' .,i am .
"Okay, so us three definitely together, right?","vous avez , , , , , , , , , ' ' , ,","you you , , , , , , , , , , , ,"
Yes.,"et non , ' .","no , ."
100%.,"mme raquin , ' ' .",madame raquin .
"One, two, three.","deux heures , lorsque la nuit ,","but nine o ' clock , the the"
Yeah.,"mme raquin , ' ' .",madame raquin .
We need a fourth.,"un jour de , , ' il .","one day , he had to ."
Yeah.,"mme raquin , ' ' .",madame raquin .
Who do you think?,qu ' est-ce que tu as ?,what do you mean ?
I like Nate.,je suis ' ai ' un .,i have a a . .
"No, no, no, no, no, no, no, no, no.","non non non , mais non , , , , , , , , , , , , , , , , , , , .","no , no , no , no , , , , , , , , , , , , , , , , , , , ."
"The old people, they already were going to target you two,","la jeune femme se disait , ils ne ' ' pas pas , , et ils , ' ils , ' ils , ' ils , et ils .","the other , they , and they , and they , and they , and they , and they , and they , to them ."
I heard.,je m ' avait prise d ' une voix morne .,i had a a to a . .
They were going to target one,ils ne ' ' ' ' à la de la .,they did not move .
because they thought you guys were getting too close.,"je ' ' ai parce qu ' elle est ' , ' elle , ' ' , .","i have to her , she she she ."
I think I made a mistake.,"je crois que je ' ai ' ai ' un , , ' un coup… de ' .","i have a a , , and i ."
"I already went to Nate and was like,","je ' étais étais à et je ' ' , , ' ' , et je ' ' , et je ' ' ' , et je ' ' .","i was and and and i , and i i , and i i ."
"hey man, you're the man.","tu es , , tu es ' as tué .","you are , , he exclaimed , you are ."
Yeah.,"mme raquin , ' ' .",madame raquin .
I reckon it should be us three and him.,"je me ' que nous ' ' et nous , et nous .",i have to and and and . .
"I don't, I don't, I don't think that's a good idea.","je ne sais pas , je ne sais pas , je ' ' ai , , , ' , , je ' ' ai ' , , je ' ' ai .","i don ' t know , i i , i i , i i , i i , i i ."
I reckon us three.,"je ' ai de ' , , ' ' .","i have , , ."
"Yeah, for sure.","un jour , pour la ' ,","a day day , the the"
What are you thinking tonight?,que vous ' ?,what do you mean ?
"I think I'm thinking the same thing as everyone else, which is, as long as it's not me.","je crois que je ne sais pas , c ' est que ' il y a , ' ' , , ' il y a , ' il .","i believe that i am not , , he , he would never have ."
Is there an idea getting thrown around?,"c ' est une ' un de de , , , ' un de de ' , , de la .","it was a a of , , a a , , and a a ."
"Well, it's the weakest person.","et c ' est que ' ' ' de la ' , de la ' .",and the the of the . .
Which is...,"ce qui m ' ont fait ,",that would be to to
Yeah. Yeah.,"mme raquin , qui les séparait .","madame raquin , who the the the the ."
I think it is.,"je suis bien , , ' ' ' , , ' ' .","i am , , , , , ."
The only person that probably wouldn't do that is Nate.,"ce n ' est pas vrai que tu n ' as pas , , , ' , , , , ' ' .","it is not , , , , , , , , , , ."
But I think it's all about the first couple of challenges and stuff.,"je me suis , , , , , , , , , , , , , , et de .","i am , , , , , , , , , , , , , and , and ."
"It's about strength, and, like, she's lovely, and she's mummy,","c ' est une ' , , , , , , , , , , , , , , , , ' elle , ' .","it ' s a , , she , , she , , , , , she , , she she to a a ."
but I don't need a mum. I need someone who can...,"mais je ne ' ai pas , , , ' un , ' un , ' un , ' un .","but one day , not a a a word ."
Yeah. ...run.,mme raquin m ' a dit .,madame raquin .
GENTLE ELECTRONIC MUSIC,"ses enfants , ' .",her mind .
GENTLE ELECTRONIC MUSIC,"ses enfants , ' .",her mind .
GENTLE ELECTRONIC MUSIC,"ses enfants , ' .",her mind .
GENTLE ELECTRONIC MUSIC,"ses enfants , ' .",her mind .
ELECTRONIC MUSIC,ses deux enfants .,their eyes were . .
ELECTRONIC MUSIC,ses deux enfants .,their eyes were . .
ELECTRONIC MUSIC,ses deux enfants .,their eyes were . .
ELECTRONIC MUSIC,ses deux enfants .,their eyes were . .
ELECTRONIC MUSIC,ses deux enfants .,their eyes were . .
ELECTRONIC MUSIC,ses deux enfants .,their eyes were . .
GENTLE ELECTRONIC MUSIC,"ses enfants , ' .",her mind .
"I'm, like, tossing up, like, cos everyone thinks Hannah's really weak and everything.","je suis , , , , , , , , , , , , , , , , , , , , , et de .","i am , , , , , , , , , , , , , , , , , , , , and laurent , and ."
And I could see that. I could definitely see that.,"je me souviens que j ' avais la nuit , , ' ' , , ' ' , , ' ' .","i had to the the , , i i to sleep ."
"But she is very strong, and she is helping out.","elle est est , elle est morte , elle est bien elle , elle est ' , elle est ' .","she is true , she she , she is not , to see her ."
"But I don't know, like, people see her as the weaker player.","mais , je ne ' ai pas , , , , , , ' , , ' ' , .","but i not , , i , , , i , , ."
"So... But then Tom, he's...","puis , il y a , ' il y a .","then , he he ."
I don't know if he's actually that strong.,"je ne sais pas ' il , ' ' , , ' ' , , ' ' , .","i don ' t know , , he , , he would not have to ."
And then... May have a point there.,"et puis , c ' est que ' elle est ' , elle est ' , et je .","and then , i i , she , she is ."
"He hasn't done anything strong to show us, you know what I mean?","il n ' est pas pas , tu ne ' as pas pas , tu es un , tu es un ?","you don ' t you , you you you not a a , , you you not a a a a a a ?"
He doesn't look that strong.,"il ne ' pas pas pas , , ' il ne ' ' .","he did not , , he ."
And then...,et puis elle elle elle se disait .,"then , when she had to to her her ."
I don't trust him.,"je ne sais pas ' ai pas , , ' ' .","i don not know , i am not . ."
and I haven't really talked to Hannah or Shay again.,"je ne ' ai pas , , ' ' , , ' ' , , ' ' .","i have no longer , , i ."
"because they have been going off with other people and doing things,","je ne ' ai pas de , et de ' , , et de ' , et de .","i don ' t know , and and and and and and ."
and I'm just wondering.,"et je m ' a , , je ' ' ai ' .",and i i i .
Everything is ultimately just gonna get us to win.,"tout est fini pour nous , , , , , ' nous , .","everything is to , , , , , we are ."
Same plan. Same plan.,"a la heures , et il ' ' ' .","at last , he and he ."
"So far, so good, yeah? So far, so good.","eh bien , tu es , , , , , , , , , , ' ' .","well , you are , , , , , , , you are ."
Yeah.,"mme raquin , ' ' .",madame raquin .
Always paranoid of what other people are seeing.,"a de ces choses , ' , de la , de la .","at the same of the , , the the of the ."
We can't do this again.,"nous ne pouvons pas pas la ' , nous .","we don ' t want to to , , we are not to ."
"Walk off then? Yeah. Yep, yep.","laurent , le soir , la , de la .","the the , the the the the the the ."
And a couple in survival is dangerous.,"et , ' , , ' un , de ' , , ' un de ' .","and , , , a a a word ."
"And so if they view us to be a strong couple,","et si elle ' ' , , , ' ils , ' ils , , et ils se ' .","and if they were they , they they , and they ."
"yeah, one of us is gonna be on the chopping block.","un jour , nous nous , , nous , , , , , et nous nous .","one day , we we , we , and , and we , and we , and we ."
I don't feel safe heading into tribal.,"je ne ' ai pas , , ' ' , , ' ' , , ' .","i have no more , , i ."
"I mean, who knows what could happen?","je sais pourquoi , que tu as ' as , , , , , , , , , , , , , .","i know , , , , , , , , , , , , , , , , ."
No-one is giving a clear number.,"un jour de ' , , , ' un de de .","one day , a a . ."
There's no majority vote yet.,il n ' y avait pas de de ' un de de .,"nothing , a a of ."
"So, so nervous.","et , ' est pas ' elle .",and she is not .
"I'm hoping I'm in a good position,","je suis ai de , , je m ' en pas , je me ' ' .","i am i , i i , i i to myself ."
but my heart is absolutely pounding.,"mais mon mari est bien , , ' ' .","but my husband is too , ."
"Being discussed, and I feel I have almost been instructed","j ' ai ai , , , je ' ' ai ' ai , , je me ' .","i have , i i , i i i to myself ."
to vote a certain way.,on aurait dit que les meurtriers de ' de la .,the murderer that the would have to the the .
CHEERING,un jour de,a day night .
Welcome to Tribal Council.,pour faire la ' de son fils .,to to her her .
"In this game, fire represents life.","cette vie , de la , , de la , , de la vie de la .","this time , the the , , the the , the the of the ."
"Once your fire is gone, you are gone from this tribe.","un mois , je ' ai , , , , , , tu es ' as tué .","a good , , i , i i , i , i , i ."
"Day one of Survivor New Zealand,","une fois de , , , ' ' , , ' ' , , et de ' .","a , , , , and , and ."
"day one of the Mogotron tribe, will be gone.","un jour , et , , , , , , , ' , .","one day , , and , and and laurent , and a ."
"Tom, how would you feel if that was you?","tu sais combien tu es ' as pas , , , tu as ' as pas , , tu as assassiné… .","you know how you you , you , you you , you you , you you you ."
I'd feel rough.,"je suis bien , , ' ' , , ' .","i am , , , , ."
"It's a big trip to make, and then to go back so early,","c ' est une ' , , , , , , , , , , , , et nous .","it was a , , , , , , , , , , and we , and we ."
so it'd be rough.,"c ' est toi qui nous ' , , .","it ' s not , to be . ."
"Louisa, do you think there's any game-playing going on","tu es , , , , , ' ' , , ' ' .","you are , , , , , ."
"already, day one of Survivor New Zealand?","un jour , , , de la , , de la , de la ?","one day , the the , the the , and the the the of the"
"Oh, people are talking and going off,","et , ' est pas ' un de de , et de ' .",and there is no a of a .
discussing who they think or what weaknesses people have.,"que ' est que ' ils ont fait , , , , , , , .","if they were , , , , , , they , to the ."
We hardly know each other.,"nous sommes tous mortels ,","we are all , , and the ."
"You don't even get to spend a night on the island,","nous ne pouvons pas , , , , , , , , , , nous , .","we don ' t be , , we we , we , we , we , to the . ."
and you've got to send one of your team members home.,"et vous ' ' avez de votre vie , et ' ' , de la , de la ' .","you see , , , and the , , and the ."
And it's not a nice feeling.,"et c ' est une ' ' , , ' il ne ' pas pas .","but , is not , , he ."
"Hannah, day one, how difficult is it to vote someone","c ' est bien un , , ' un , , , , ' un de ' , , ' un de ' .","it was a a , , , , , a a a a ."
out of this game when you've just met each other?,"que ' est un , , , , , , , , ' un de de ?","what a is , , , , , a a , , a ? ?"
It's hard.,c ' est bien qu ' elle est,it is s that that we are .
Hard.,"et non , ' ' .","no , ."
This is a hard game.,c ' est une ' ' un de ' .,a man .
It is.,c ' est que ' il y a .,it is s a .
You're here to play it?,"tu es ' as tué , la pauvre diable ?","you you , , the laurent , you ?"
"Yeah, man.","vous , , ' un ton de .","you , , ."
I've got things to prove.,"je suis ai de , ' ' , , ' ' , .","i am , , , , , ."
What have you got to prove?,que ' est que tu as ' as ? …,what do you say ?
"People often look at me and just think,","elle me ' est à , je m ' as , , et je m ' as dans la boutique .","i was to and i , and i , and the the the the the ."
"oh, here's a pretty girl in a dress","oh ! c ' est une ' de ' un , , ' un , ' un , ' un .","oh , it was a a , , a a a a ."
who does her hair and make-up.,"il se disait qu ' elle ne ' pas , et de ' .",he would have to to to her .
"She can't pull her weight, but I was out there","elle ne ' pas pas , je ne ' ai pas , , ' elle , je me ' .","she did not , , i i not to to . ."
"lifting massive rocks, you know,","mme raquin , ' as , , , , , , , , , .","madame raquin , , , , , , , , , ."
pulling all my power-lifting skills into play.,"mes regards , ' , , ' ' , de la ' .","my dear , , she continued to ."
You can't judge a book by its cover.,"elle ne ' pas pas la vie de ses ' , , ' un de ses ' ,","she did not even seek a word , and to the her ."
"You know, I've got a lot to prove.","tu sais , , ' est que j ' ai fait , ' un , ' un .","i know that , , , and i have a a . ."
What are you looking for in a good tribe member?,que vous avez fait de ? ?,what do you mean ? ? ?
Someone who's got my back.,"il me ' de mes ' , , ' un de ' ' .",it seemed to me to a a . .
Do you trust everyone?,"que ' est ' , , ' ' , ,","what is it , , , ?"
"Yes, to an extent.","oui , c ' est une ' de ' un de ' un de ' un de ' .","yes , a a a a a a a . ."
"At the end of the day, it comes down to it's in a game.","a la heures , la , , il ' ' , , ' il se ' , ' un de ' un de de .","at night , he went to , and he a few ."
"Things can happen, people can turn.","ils sont bien , , , , , , , , .","they are , , , , , , , , , ."
"Arby, you got Hannah's back?","vous avez , , de la , , de la , , de la .","you , , , the the , the the , the the of the ."
"I mean, you can't really have everyone's back.","je ne sais pas , tu , ' ' as pas , , , ' il y a , de la .","i don not t , , , , , i have not to to . ."
"I don't know who's got my back,","je ne sais pas , je ' ai ' , , , , ' , , je ' ' ai ' .","i don ' t know , i i , i i , i ."
I don't know who's back I've got yet.,"je ne sais pas , je ' ai ' , , , je ' ' ai ' , , je ' ' ai ' .","i don ' t know , i i , i i ."
"It's day one, it's still so, so early.","c ' est une ' , , , , , , , , , ' il y a , ' .","it is a , , , he , , , , ."
Anyone emerging as a leader?,"un jour de ' , , ' ' , , ' ' , ,","one day , , , and laurent ,"
"If anyone, I'd have to say old Tony here.","si je ne m ' ai pas , , , , , , , , , ' ai , , ' un .","if i had not , , i , , i , , , i , ."
He's had a wealth of experience building,il y avait une de de ' un de ' un de ' .,a a of a a a a . .
and he really knows his stuff.,"et il ' ' ' ' , , , , .","and he , to himself ."
I think we all listen and respect his opinion.,"je me souviens , et , , ' , , ' ' , , ' ' .","i looked , and and , and ."
"Tony, do you feel like you're a leader?","vous , tu as ' as , , , , , ' un de de , de tes enfants .","you , , , , , , , , you are a your . ."
"Yeah, I think I am.","un jour , je ' ai ' ai ' un , ' un .","one day , i i a a ."
"But they've got a great bunch of people here,","mais c ' est une ' ' un de ces , , , , , , et de ' .","but it was a a , , , , , , and a a ."
"you know, I think some of them have been","tu sais , , ' est que tu ' ' as pas , .","you know , , she said to me ."
"biting their lip a bit, but they can see","un an , , , , , , , , , , et de .","a , , , , , and , , and , and a ."
"what I'm trying to get at, which is good.","je me suis bien , , ' , , , , , , ' il y a des rentes .","i am , , , , , , , , , , i have a . ."
You think some of this tribe are,nous avons fait de de ' un de de .,a man of a a a . .
"Yeah, I think maybe one or two.","ils , je ne ' ai pas , , ' ils , ' , .","they would not have , and i , and i ."
"I mean, I expected that, you know,","je sais , je , ' ai , , , , , , , , , , .","i know , i , i i , , , , , , , and , ."
I didn't want to come on too strong,"je ne ' pas pas , ' ' de la ' , de la ' .",i don not t to the the . .
because we are a team.,nous nous sommes un jour de ' ' .,a word to us .
"Tony, what are your weak points?","votre existence , de votre vie , de l ' autre ,","your life , your life , the , of the , of the ."
I've got a few.,"je suis ' ai pas , , ' un .","i have not , and i ."
I've got a very dark sense of humour,"j ' ai une de de ' , , ' un de ' un .",i have a a a a a . .
and some people are going to appreciate it.,"et nous les choses de , , , , ' , , .","and we were to , , , and , and ."
"It could be my downfall, I guess,","ce serait ' ' est pas moi , je ' ' ai ' , , je ' ' ai ' un .","it was not , i i i ."
"but this is Survivor, anything can happen,","mais c ' est toi qui as ' as pas , , , ' un coup… de ' , .","but it is s a pity , he exclaimed , ."
probably we'll deal with it.,"c ' est que nous ' ' , , , nous .","it was be , , we we ."
Have alliances been formed today?,"est-ce que ' on est de , et de ' , et de ' .","it is a , and and and . ."
Yes.,"et non , ' .","no , ."
Who's playing this game with honour?,"qui sait que ' est est , , , , , , de la ?","who knows what is it , ? ? the the , ?"
Any of you?,"vous avez raison de ' , , ' ' ' ' , , ' ' .","you are right , , he ."
Sala?,un jour de,a day night .
"I'd like to think I'm a man of integrity,","je me suis bien , , je ' ai ' , , , , , ' un , tu es ' , , .","i am a , , i i , i , , i , i , ."
so I want to be as honest as possible.,"je me suis bien , ' ' , , ' ' , , ' ' , .","i am , , , , , , ."
How did you feel about Isabel pilfering,"comment veux-tu faire des choses de la , , et de .","how could you be the the the , and the ."
the other tribe's loot?,"les femmes de la , , de la , , de la .","the the of the , , the the , the the ."
"Oh, you know,","et , ' est que tu as ' as pas , , ' un coup… de ' .","and , you are , , , he ."
sometimes you've got to do what you've got to do,"si tu te ' , , , , , ' , , ' ' , , tu es ' as pas .","if you please , you , you you , you you , you ."
in order to survive.,pour aller faire la ' .,to go to bed .
"Isabel, you probably delivered the lion's share","tu as , , , , ' , de la , de la .","you , , , , , the the , , the the ."
of the loot in today's challenge.,"les gens de de la , , ' un de de , , et de ' .","the of of the , , and the , and the ."
Are you feeling safe?,"chrysalide , qui est ' , ?","what , who , ? ?"
"No, I'm not.","non , je ne ' ai pas .","no , i don ' t want to . ."
Why not?,pourquoi ne ' pas pas ?,why did not not
Because I think some people disagree,c ' est que ' ' ' ' ' ' ' un de ' un de de .,a moment . a moment .
with me giving the knife away.,"et , ' , , ' un de ' un de ' un .","and , a a a a a . ."
Does anyone think that?,"ce serait immoral , , ' est pas ' ' , , , , , .","it would be , , , , , , , ."
I personally don't think it was a wrong decision.,"je ne sais pas ' ai pas , , ' ' , , ' ' .","i don not t , , i , i , ."
Anyone can see it as a weak decision.,on aurait dit qu ' elle ne ' ' ' ' un de de .,it was to to to to .
"Guys, 100k up for grabs.","elle , et , ' elle , ' ' ' ' à la .","she she to herself , and she her ."
Any of you want to say anything,"mais , si tu ne ' as pas , , , ' , , .","but if you don ' t want to , , she ."
before we vote someone out tonight?,"un peu de , , , ' , , ' ' , , ' ' de la ' .","a little , , , , , ."
We've got to make it there as a team first,il est possible qu ' il y a des heures .,it is to to to .
"to get that 100k,","je ne ' ai ' ai pas , de la ' , de la ' .","i don ' t know the the , and the the the ."
so that's all I have to say about that.,"je ' ai que j ' ai eu la pensée de ' ' , , ' ' , , ' ' , , ' .","i have that i had the , , i i , to the . ."
A team who has to vote someone out.,"un mois de ' , , ' ' , de la ' de la .","a good , , the the of the ."
It is time for each tribe member,c ' est qu ' elle est ' de ' ' .,it is s .
to vote out the person they want to see leave.,"ils se ' de la , , ' ils , ' ils se roidissaient .","they they , they , they , to the them ."
"Luisa, you're up first.","vous avez , , ' un , ' un , ' un .","you may be a , a a . ."
I'll go tally the votes.,"je me suis , , ' un de ' un .",i felt a a .
"Once the votes are read, the decision is final.","un jour , ' est , , ' un , de , , et de ' .","one day , , and a a , and a ."
The person voted out will be asked,"l ' idée de ' , , , , , , .","the idea of this , , , and laurent ."
I'll read the votes.,"je me suis , de la ' .",i am to to the . .
First vote.,"un peu de ' , .",a little .
Hannah.,a la ' .,.
Second vote.,les deux meurtriers .,the two murderers .
Hannah.,a la ' .,.
"That's two votes, Hannah.","c ' est bien que ' ' un , , , , , , .","it is s a , , , , , ."
Izzy.,"mme raquin , ' ' .",madame raquin .
"That's two votes, Izzy.","c ' est bien qu ' ils ne ' ' pas pas , , et ils , ' , , .","it was not that they they not , and they , and they ."
"Two votes Hannah, one vote Izzy.","deux ou trois mille francs , les , , les deux , , les .","two three three thousand , , the , , and the three thousand francs ."
"Hannah, three votes Hannah, one vote Izzy.","parfois , les , , , , , , , , , , , les pétillements .","look , , , , , , , , , , , , the the ."
"Hannah, four votes Hannah, one vote Izzy.","and , , , , , , , , , , , , , , des de de .","but , , , , , , , , , , , , , , , , , , , , ."
First person voted out of Mogaton is Hannah.,"un ' est , , ' un , de , , , de la .","a , , , , , , , and a a ."
You need to bring me a torch.,mon mari est ' de de la ' de .,the is of the . .
"Hannah, the tribe has spoken.","le vieux michaud , qui , ' , , , , .","the old lady , the the , the the , the the ."
It's time for you to go.,"c ' est toi qui vous ' , , ' elle nous , .","it ' s you , she she , to the . ."
"Mogaton tribe, Hannah did have a final plea for you.","peu à peu , , ' , , , , , , , , ' un de de .","little by little , , , , , , , , , ."
She said don't judge a book by its cover.,"elle ne ' pas pas , elle ne ' pas pas un de de , , , ' un .","she did not , , she did not even seek a word ."
Maybe you've just done that.,"si tu as ' as , , , ' ' , , ' ' .","if you are , , , you are ."
"Let me tell you, it's not going to get any easier.","tu verras que tu ne ' pas pas , , ' il ne ' pas pas .","you can not t to to , he said ."
One more thing.,"un peu de , , ' ' , , ' ' .","a little , , and ."
Here's some flint.,c ' est bien que ' ' un de de .,that is a a . .
Now you have fire.,"maintenant , tu es ' as pas de .","but , you are , you are ."
"Grab your stuff, head back to camp.","votre tante est une de de , , ' un de de , .","your is a a of a , , a a , , and a ."
"Amosu, your opposition tribe is about to enter.","votre ami , et , , , , , ' , , ' ' .","your friend , , and , , and ."
I had an alliance.,j ' avais eu un ' un de ' ' .,i had a a .
Obviously it's a game and they're going to do that.,"c ' est une ' , , et , , , , ' , , et de ' .","it was a , and and , , and and and ."
But I don't understand what I possibly did to worry about me out.,"mais je ne ' ai pas , , je ne ' ai pas , , ' ' ai , je me ' ' ai","but i not not , i i , i i not to to ."
Welcome to Tribal Council.,pour faire la ' de son fils .,to to her her .
"Just like Mogaton before you, you now have to vote out one of your own","a vous , , tu es ' as , , , , , , ' un de tes enfants , et ' , de la ' .","you you , , , , , you , you , you , and you are , and you ."
based on what you've learned about each other in just a few hours.,"je ' ' ai , , , , , , , , ' un de ' un de ' un de ' .","i , a , , , , , a a a a . ."
Let's start at the start.,et la ' de la ' .,and the .
"Nathan, how do you feel about being outsmarted by your opposition tribe","tu as , , , , ' , , , , , ' un de de , , de la ' .","you , , , , , , , , , a a ."
so early in this game?,"alors , ' ' , , ' , , , , , , , , et de ' .","then , , , , , , , and , and ."
"We were robbed, weren't we?","nous n ' avons pas besoin de ' , , , , , , , , , , , , .","we not no longer , , , , , , , , , , , and ."
We were robbed.,nous étions tous les deux .,we were to to the . .
We were caught not thinking outside the square and I'm pretty confident,"nous ne ' avons pas de nous , , , ' il ne ' pas pas , et nous .","we don not t to , , and we , we , and we , we , to the ."
as a group that won't be happening again.,"comme il ne ' pas pas pas , , , , ' il ne ' pas pas .","i not not , , he , not to to ."
"Georgia, is this tribe too nice?","c ' est toi qui est ' , , ' , , , tu as ?","it is s you who , you , you ?"
Maybe.,un peu de .,a little . .
"We'll have to see sort of what happens further down the track, maybe.","nous sommes tous mortels , ' , , , , , , , , , , de la .","we must have , , , , , , , , , , and , , and the ."
We're such a nice group of people.,nous sommes un ' de de la de la .,this is a the of the .
I really love this tribe.,"je suis bien que ' ' ' ' ' ' , , ' ' .","i am , , ."
It's got such a good vibe.,c ' est une ' ' un de ' un de ' un de ' ' un de ' .,a a of a a a a . .
You love every single one of them?,"tu es ' as dans la vie de de la , de la .","you are the the the the the the , the the ."
"Yeah, definitely, for sure.","un jour , mais , ' ' ' , , ' ' .","one day , but she was not ."
I do.,et je m ' a dit que la ' .,and i told her .
I don't believe you.,"je ne sais pas ' ai pas , , ' ' , tu es ' as pas , et je .","i don ' t want to , , i , i i , you ."
I do.,et je m ' a dit que la ' .,and i told her .
I really do.,je ne ' ai pas .,i do not . .
We're all different and I really am so stoked with this tribe.,"nous sommes tous mortels , et , , ' , , ' , , nous nous .","we must have , and , and we , we were to to ."
"Shannon, does everyone bring something to the table in this tribe?","mme raquin , ' , , , , , , de la , , de la , de la ?","madame madame raquin , who the the , , the the , and the the the of the"
"Yeah, absolutely.","elle , ' , , ' elle .",she she .
"I mean, everyone definitely has their own strengths","je suis , , , ' ' , , ' ' , de la .","i am , , , , , , ."
and we're only just starting to see that on day one.,"nous nous sommes , , , , nous , , nous , , nous , nous .","we are , , we we , we , we , we , we , we , we shall see each other ."
It's like the worst thing in the world to be here,"c ' est que ' ' ' de la ' , de la , , ' un de ' , , ' ' .","it is a the of of the , , the the ."
and to have to get rid of one of us when we've only just got started.,"et nous nous avons dit que nous avons besoin de nous , nous , , nous , nous nous .","then we must have to to , , , and we , we , we are ."
"I mean, it really, really hits you.","je sais bien que ' il y a , , , tu es ' as , , tu es ' as pas , .","i know you that you are , , , i , you , you are ."
"Can you imagine how the opposition tribe,","tu veux que ' ' as , , , ' un de ' un de ' .","you may be , , , ."
"the perhaps winning tribe, must be feeling right now?","nous avons , , , , , , , , , , , , nous , , nous .","we , , , , , , , , , , , , , we , we , we , we , we were to ."
They had to do the same thing.,"ils n ' avaient plus qu ' à la ' , de la .",they had no longer to the .
"Yeah, but I don't think too kindly of them at the moment.","thérèse , je ne ' ai pas , , , je ne ' ai pas , .","i , i i not , , i , i i not to . ."
So I'm not too worried about that.,"je ne ' ai pas , ' ' , , ' ' , , ' ' .","i have not , , i , ."
Why is that?,c ' est toi qui n ' as pas pas un sou… .,it ' s not to to to the . .
"Oh, just the start.","et la vérité , la , , ' ' .","and , , the the ."
"I mean, I didn't realise it was heroes versus villains from day one.","je ne sais pas , je ' ' ai , , , ' ' , , je ' ' ai ' à la ' .","i don ' t know , i i , i i , i ."
Now we know what game we're playing.,"maintenant , nous sommes , ' nous , nous , nous nous .","now , we we , we , we , we , we ."
This is Survivor.,c ' est toi qui l ' as .,it was the to .
Anything goes.,"si elle est ' ,",if she is dead ?
"Dee, you came out of the blocks firing,","tu as , , , , , , , , , , , , et de .","you , , , , , , , , , , , , and laurent , and ."
being more than happy to label yourself as the villain.,"il aurait pu l ' idée de ' ' , , ' ' , de la ' de la vie de .","it was to to to , , and , and the ."
How's your tribe reacted to that?,"et que tu as ' as , , , , tu as ' as pas de de .","and you , you , you are , , you are ."
I'm not sure that I labelled myself a villain.,"je n ' ai pas besoin de ' ' un , ' un de ' ' un de ' un .",i could not a a a a a . .
"You asked the question,","mon cher , , ' il a la ' .","my dear , , he ."
"if it would mean that you would succeed,","si tu veux ' as , , , , , , , , , .","if you have , , , , , , , , , , ."
would anyone be happy being the villain?,"que ' ' ' ' , , , , , , , , de la ' , de la ' .","come , , , , , , the the , the the ."
"I said, if and maybe and succeed, I said, yes.","je m ' en dit , , , , , , , tu es ' es pas , .","i beg you , , said laurent , i have not to to to you ."
"I did not put my hand up and say,","je ne m ' as pas , je ne ' ai pas , je me ' et je me ' .","i could not t , i i , i i ."
"boom, I'm the villain.","j ' ai été , ' un , ' un .",i have a a .
How much strategy has been going on in this tribe?,"que ' est que , ' est-ce que tu as ?",what is it matter ?
Lee?,un jour ?,one day ?
There's definitely been some discussions going around camp.,"il y a des de de ' , de la , , ' un de de .","there are a a of , , the the ."
"Just going to wait and see what transpires from all the discussions,","et , pour que la ' , de la , , et de ' , , et de ' .","and , and , and the , and and the ."
"I guess, that went on today.","je suis bien , , je ' ai ' , , ' ' , , ' un coup… de ' .","i am a , , i i , ."
Does it feel like there have been some alliances formed?,"elle est ' , , , , , , , , , , , , , , , , .","she is , , , , , , , , , , , , , , , ."
"Oh, to some degree there might, but not obvious if there is.","oh ! si ' il ne ' pas , , , , , , , , , , , , et qu ' il ne ' pas .","but i not , , he , , , , , , , , , , , he would not have a . ."
Is it obvious to anyone else?,"pourquoi cela est ' ' ' , , , , ' ' , ,","why , it was not , , , and"
Dee?,un jour de,a day night .
It's day one.,"c ' est une ' , , ' un jour , et ' .","it was a a , and a ."
You don't know **** on day one.,"tu ne sais pas , , ' ' , , ' ' , .","you know not , , , , ."
You made your intentions very clear right from the start.,"tu as ' as , de , , de la , de la ' , de la .","you see , , the the , the the of the . ."
How safe are you feeling?,comment veux-tu faire ?,how do you want to ?
I would hope that I don't have anything to worry about.,"je ne ' ai pas , , ' ' , , ' ' , , ' ' , je ne ' ai pas .","i don not t , , i i , i , i ."
Doesn't mean that I'm not sitting here feeling my heart throbbing.,"je ne ' ai pas , , ' ai pas , , ' un , ' ' , je ne ' pas pas .","i don not t , , i , i i not to . ."
"Michael, have you seen much game playing?","est-ce que tu as ' as , , , , ' ' ?","you you are , ? ?"
"Yeah, there's been a bit.","un jour , il ' ' ' ' , , ' un .","one day , he ."
"Just been going around while they're working, talking to each other.","ils en ont de ' ils , ils , , , , , , ils se ' , , ils se ' .","they they they they they , they they , they they , to to their ."
"So, yeah.","et , ' elle ne ' ' pas .",and she not . .
"Okay, it is time to vote.","elle est , , ' il y a des choses .","it is s , , that is the . ."
"Dee, you're up first.","vous avez , , ' un , ' un , ' un .","you may be a , a a . ."
"Dee, you're an awesome girl, but this is a tribe of heroes and you're a villain.","tu es un , tu es , , tu es ' es un , tu es ' as , , , ' un ton de .","you know a , , you are a , , you are a , you are a a . you are . you ."
I'll go tally the votes.,"je me suis , , ' un de ' un .",i felt a a .
"Once the votes are read, the decision is final.","un jour , ' est , , ' un , de , , et de ' .","one day , , and a a , and a ."
The person voted out will be asked to leave the Tribal Council area immediately.,"la ' s ' était de à la , de la , , de la , , de la ' de la .","the the of the , , the the , the the the the the ."
I'll read the votes.,"je me suis , de la ' .",i am to to the . .
First vote.,"un peu de ' , .",a little .
Dee.,"mme raquin , ' ' .",madame raquin .
Second vote.,les deux meurtriers .,the two murderers .
Dee.,"mme raquin , ' ' .",madame raquin .
Third vote.,les autres .,the other .
Dee again.,un jour de,a day night .
Barb.,"mme raquin , ' ' .",madame raquin .
"Three votes, Dee.","trois jours , , , , , , , , et les .","three days , and the , , and the , and the ."
"One vote, Barb.","un peu , , , , , , et les .","a little , , , and , and the ."
Dee.,"mme raquin , ' ' .",madame raquin .
"Four votes, Dee.","ils se trouvaient dans la salle à manger , et , , , et de .","they were the the and , and the , and and the ."
"One vote, Barb.","un peu , , , , , , et les .","a little , , , and , and the ."
First person voted out of the Vimosa Tribe.,"un jour de ' , , ' elle se ' de ' à la ' .",one day she was to .
"Dee, you need to bring me your torch.","vous , , , je m ' as dans le ' de tes enfants .","you , you , you are me to to you ."
"Dee, the tribe has spoken.","la pensée de la ' , de la , , de la .","the the of the , , the the ."
It's time for you to go.,"c ' est toi qui vous ' , , ' elle nous , .","it ' s you , she she , to the . ."
Day one of Survivor New Zealand and already a massive blindside.,"un jour , et , ' , , ' un , de la , , , la nuit .","one day , the , and the , and the the , and a a ."
I did not see that one coming.,"je ne ' ai pas , ' ' de la ' , de la ' .",i don ' t know the the of the .
"Michael, here's some flint for your fire.","votre tante est de , de la , de la , de la .","your aunt is the , the the , the the , the the ."
Head back to camp.,et la femme de la .,and the woman of the .
"I'm feeling f***ed, full stop.","je suis ai de la , , , , , , , , .","i am the , , , , , , , , the the ."
I was the first person voted out of Vimosa Tribe.,j ' ai eu la ' de de ' elle se ' de ' à la ' de la ' .,i had to to the the of the . .
"Was associated with being a villain and I'm not one of the older, mature, mumsy-dadsy type.","il y avait une une de , , et , , , , , , , , , , , , et je ' ' , et je .","i was a a , and and , and , , and , , and , , and , , and a ."
"And I'm also not one of the young, beautiful types either.","et je n ' ai pas eu un moyen de ' , , , , , , , , , .","i could not t a a , , and , , , , , and a ."
I'm me.,je m ' ai conté .,i have to . .
I'm Deanna.,je m ' en tirerai .,i am .
I felt sick.,je me sentais de ' .,i have to to . .
I felt so sick just from nerves that whole time.,"je me sentais de ' ' ' ' , , ' ' , , ' ' ' ' ' un de de la .","i was a , , and a . ."
And it's going to feel like that every single time.,"et c ' est que ' ' ' ' , , ' ' , , ' un de ' ' un de ' .","it was a a , , a a . ."
Yeah.,"mme raquin , ' ' .",madame raquin .
Ready?,"mme raquin ,","madame raquin , and"
Yeah.,"mme raquin , ' ' .",madame raquin .
Did it burn through a bit?,"elle est un de de ' , , ' un de ' un de de .","it is a a , a a , , a a ."
"Okay, ready?",mme de chevreuse ?,madame raquin ?
Ready?,"mme raquin ,","madame raquin , and"
Yeah.,"mme raquin , ' ' .",madame raquin .
There you go.,"et , ' ai , , ' .","and , , he ."
Oh my god.,oh ! mon dieu !,oh ! my god !
Come on.,"elle , ' de la .",she she .
"She's a wire, it's a wire, it's a wire, it's a wire.","elle eut un ' un , il se ' , , , , , , , , , , , , , .","she had a a , , and , , and a , , and , , and a ."
"Coming back to camp after tribal, the priority was to get a fire going, lift morale a bit","chaque fois , la , , , , , , , , , , , , , , , , , la ' de la .","all , , , , , , , , , , , , , , , , , , , the the of the ."
"and also provide a valuable source of light. Everyone's down, by what happened you know,","et , un peu de , , , , , , , , , , , , , , , , , , , , , , , , , , , , , , , , , , .","and , , , , , , , , , , , , , , , , , , , , , , , , , , , , , , , , , , , , , , , , , , , , , , , ,"
you never would have seen it coming. She didn't do anything wrong.,"tu n ' as pas peur , ne pas pas pas la moindre de de ses yeux , et qu ' elle ne ' pas .","you don not t , , she , not to to , , and , , and not to to ."
I definitely did not want to go against someone that I was actually pretty good friends with.,"je ne ' ai pas besoin de ' ' , , , ' ' , , ' ' , , ' ' , , ' ' .","i don not t , , , , , , ."
"I guess the thought of having gone against that, yeah I mean, it's not a good feeling.","je ' ' ai , , , , , , ' il , ' ' , , , ' il , ' ' , , ' ' , , ' ' .","i have , , , he , , , , , , , , and ."
"I'm good at cooking, right?","j ' ai eu tort de ' , , , , , , .","i have been to , , , , , , ."
Just let us know if you want to swipe.,"si tu te ' as , , , ' il , ' ' , , ' ' .","if you have , , , you are , ."
I could try.,je ne ' pas .,i do not .
"After our first night in the jungle, I have not slept at all. I'm a little bit concerned","après tout , j ' ai été , j ' ai été , je ' ai , je ' ' ai ' ai , je me ' ' ' .","after , i i , i i , i i i i i ."
"a little bit small, so hoping we can expand on that today.","un jour , , , , , , , , , , , ' ' , ,","a day , , , , , , , , , , , , , and"
"I think if you just lay them so the spine goes on top of the poles, that should make","je sais bien que ' un , , , , , , , , , , , , , , , , , et de .","i know that , a , , , , , , , , , , , , , , , , and a ."
"the numbers, you know.","le vieux michaud , tu as ' as pas , .","the old lady , you you are to to the ."
I don't think we've got room for seven that way. One's going to have to lie horizontal.,"je ne ' pas , , nous ne pouvons plus que nous , , nous , , nous , , nous , , nous .","i don ' t want to , , we , we , we , we , we , we , we shall have to ."
What I'm expecting today is that we'll modify our shelter and then we're going to look and,"il faut que nous nous nous , nous , nous , nous , nous , nous , nous , nous nous nous .","we must have to to , and we , we , we , to the . ."
try and put a roof on there. We've got to establish a toilet site and we're going to,"nous sommes bien , nous avons un , , nous , , , nous , , nous , , nous nous .","we must be , , we we , we , we , we , we , we , and we ."
just keep bringing that firewood because that fire is pretty important.,"a ce que ' on est ' , , , , , , , , , ' ' , , ' ' .","that is , , , , , , , , , , ."
It's the best thing we've caught.,"c ' est que nous avons fait , ' un , nous nous , , nous .","it would be necessary to , , and we , we we ."
"I'm pretty sure that's like straight up rotten, eh?","je ' ' as pas , , , , , , , , , , , ' un de ' .","i was not , , , , , , , , , , ."
You don't want to eat it?,"mais ne ne pas pas pas , , , , , ' ' , , ' .","but no not not , , , , without a word ."
"I mean, give it a go, but I just don't. I'm pretty high maintenance, I can't eat disgusting","je ne suis pas , , je ne ' ai pas , , je ' ' ai , je ' ' ai , je suis , , je ' ' ai .","i don ' t know , i i , i i , i i , i i , i i ."
"food. I can do fresh fruit at a push, but definitely not rotten fruit.","je ne suis pas , , , , ' ils , ' ' , , ' un de la , , et de ' .","i don not t , , and , and , , and , and a ."
Can I just pop it and then squeeze the juices out? That's what I'm going to do.,"je ' que je ' ai , , , , , , , ' , , ' ' , , ' ' , tu es ' as pas un de de .","i have , i , i , , , , , , , , , , ."
"We still don't know if it's a fruit or a vegetable, or if it's a gourd.","nous ne pouvons pas , , , , , , , , , , , , , , , , , , ' .","we don ' t be , , , , , , , , , , , , , , , , , ."
Or if it's a dead something.,"mais il y a une chose , ' un de ' , , ' ' .","but there was a a , a moment ."
It's like a massive big fish.,c ' est une ' une sorte de ' un de ' un de ' un .,a a of a a a a a a . .
Diarrhoea or something.,"un jour , pour ne pas laisser aller .","one day , the , , , , , without a ."
"Well, that's all good.",eh bien ! il est vrai que je ' ' ai ' .,"well , i ' ll do nothing ."
Could be worse.,elle ne pouvait plus plus .,no longer dared to
Yeah.,"mme raquin , ' ' .",madame raquin .
Delicious.,"mais , ' ' ' .",but listen .
"Easily entertained, eh?","mot-là , tu as ?",do you think ?
But I need it.,"mais je ne ' ai ' ai pas , , ' elle .","but i ' not t , she ."
It was weird. It tasted nice to begin with and then all of a sudden it just tasted like,"c ' était une sorte de , , , , , , , , , , , , , , , ' un .","it was a a , , , , , , , , , , , , a a ."
rot. I don't know why I kept going. It was day two and already I'm that desperate that,"je ne ' ai pas , je ne ' ai pas , je , je , je , je , je ' ai ' ai ' ai , je me ' , je me ' .","i could not , i i , i i , i , i i , i i i i ."
I'm eating this disgusting rotten fruit.,"je suis ai , de la ' , de la ' , de la .","i am the the , the the , the the ."
It's like you're eating out of a dead body.,c ' est une ' un de ' un de ' un de ' un de ' un .,a a a a a a a a a . .
"What a bloody animal, eh?","quelle idée , que tu as ' as , , , , , , , , , , , , .","what ! you , , , , , , , , , , , , , , ."
I'm basically just hoping I don't get incredibly sick at this point.,"je suis bien que je ' ' ai pas , , ' il ne ' pas pas , je ne ' ai pas .","i have i i i , , i , i i not to to . ."
"Hey, Izzy.",et elle se ' de la .,and she went to the . .
How are you feeling?,que vous ' ?,what do you mean ?
Better.,mon esprit .,.
"Oh, really?","oh ! tu as ' as , , , , et que tu es ' as .","you , you , , , you , you you ."
She was throwing up last night. We just need to keep her hydrated.,"elle fut décidé à la ' , elle se ' à la ' , , ' elle se ' à la ' .","she was to to , and she , and the her ."
"Could be a stomach bug, lack of sleep.","il ' était une de de , , , , , , de la , de la .","it was a a , , and the , , the the of the ."
"She's a pretty girl, but right now she looks like crap.","elle était redevenue , elle elle , elle , elle , elle , ' , , ' elle , ' ' , , et qu ' il y avait une sorte de ' .","she was she , she she , she she , she she , she she , and she her ."
Would you want to go home or do you not want to?,"je ne ' pas pas , , , ' ' , , ' , tu ne ' as pas ?","i don not t , , , , , you not not a word ."
"I would want to stay, but I feel like it's almost not up to me.","je ne ' ai pas , , je ne ' ai pas , , je ' ' ai ' ai , je me ' .","i have not , i i , i i , i i ."
My body is telling me.,mon mari me fait de ' un de la .,my heart beat to the . .
So you don't think you're up to it?,"tu ne sais pas , tu n ' as pas pas , de la ' , tu es ' as pas un sou… .","you don not t you , you you not not to you you you are not a . ."
I think my body is telling me I'm not up to it.,"je ' ai ' ai , je suis , , je ne ' ai pas , je me ' .","i have , i i , i i i , i i ."
"Of course I don't want Izzy to go home. She's family, you know.","je ne sais pas , je ' ai , , , , je ne ' ai pas , , , ' , je te ' , tu es ' .","i don ' t know , i , i , you you , you you are not , i am not . you ."
"She's part of our team and we stick together and that's who we are, you know.","nous sommes un ' un de nous , et nous , , nous , , nous , nous , nous , nous nous .","we have a a , , and we , and we , and we , and we , we , we , we were to ."
We all got up during the night to go check on her and take turns sitting by her side,"nous étions tous deux , , , , , , , , , , , , , et il se mit à la .","for two hours , and , , and , and , and , and , , and , and and and ."
because that's what family does for one another.,"quelle est est bien que ' on ne ' ' ' ' ' ' ' ' , , ' un de de .","a man is a a , , and ."
The best thing we can do is just keep giving our neck out,"c ' est que nous ' ' , , , nous , , nous , , nous , nous nous .","it was be , , we we , we , we , we , we , we , we were to ."
and have someone give a little bit of encouragement.,"et une femme de , , ' un de de ' , de la .","and a a , , a a , , and a a ."
"That's a hard one, eh?","c ' est une ' ' un , tu as ' as pas , , tu es malin… .","you are a , , , he , you you are . you ."
It really sucks.,c ' est bien que ' elle ne ' pas .,it ' s not . .
"And it's hard because when you're in the throes of a sickness,","et c ' est une ' un homme , ' un homme , ' un homme , ' un , ' un .","and a a a a , , a a a a a a a a . ."
you can't remember what it's like to be well.,"tu ne sais pas , , ' ' , , , ' ' , , , .","you know not , , , , , , , ."
"Yeah, true.","elle , , , , ' elle .","she she herself , and she ."
It's hard to trust your mental space when you're feeling that rough.,"il est ' ' est que tu es ' as , , , ' un de , , , , tu es ' as pas .","you are right , he , , , , , , , you are . ."
I'm sure a huge part of her just wants to call it quits and go home.,"je suis un ' un de , , et il , ' ' , , ' il , ' ' , et il .","i am a a , and , and he , and a a ."
I know that she really wants to play this game as well,"je sais bien que ' elle est , , elle ' ' , , ' ' , , ' ' .","she was the , , she would have to to ."
and it would have to take a lot for her to throw in the towel.,"et il ' ' ' ' ' de la , de la ' , de la ' , de la .","and she , the the of the . ."
"We really voted us the wrong person, didn't we?","nous sommes , , , , , , , , , , , nous ne pas pas pas ?","we are , , we are , , we have not , , we have not to to ."
"If you want to win in Survivor, you have to take the knocks along the way.","si tu nous ' as , , , , , , , , , , de nous , .","if you like , , , we , we , we , we , we , to the . ."
Isabelle would probably be looked upon now as the weak link.,"on eût dit que ' ' ' , , , , , , , , de la ' de la .","it was necessary , , and , , , , and the ."
Anything could happen in half an hour from now.,"il était ' , , ' un jour , la nuit ,","it was a , , and the"
We could have a challenge on and she can't even stand up.,"nous avons bien voulu , , , , , ' , , , ' .","we have , , , , , , , , , ."
And I know that I did make the wrong decision.,"je puis je me ' ai ' ai ' ai ' un jour ,",i have a a .
It should have been Izzy that should have gone home.,il aurait pu l ' avouer que la ' de la ' .,it was necessary that the the of the the .
Subtitling made possible by Acorn Media,"mme raquin était ' , de la , , de la ' .","madame raquin , the the , the the ."
Remo!,"un jour ,",a day night .
"Oh, crap.","et , ' elle se ' dans la chambre .",and she went to the the .
Challenge invite.,il aurait fallu avoir des envies de,it would be to to the the of the
"As you've noticed by now, this game is full of surprises","comme si tu es un , , , , , , , , , , , , , .","if you have , , , , , , , , , , , , , , ."
"and like a song or a hymn, expect some reprises.","et une femme de , , , , , , , , , , , , , de la .","and a a , , , , , , , , , , , , , and a ."
But what lies ahead now is not a verse or passage repeated.,"mais ce qui ne ' pas pas , , ' , , ' un de ' , , ' un de ' .","but this not , , , , , , , ."
It's an opportunity to reinstate what once was deleted.,"c ' est une ' , , ' ' , , , ' ' , , .","it is a , , , he , ."
What?,quelle folie ?,what a nice ?
We'll probably have like a little bite to eat soon.,"nous sommes un ' un de ' , , ' un de ' , ,","a moment , a a , , a a a"
Shelter's looking awesome.,l ' eau .,.
"I think tonight we'll eat something, we'll sleep well.","nous nous ' avons , , , nous , nous , , nous , nous , nous .","we , we , we , we , we , we , we , we , we , we , we , we , we , we , to the . ."
I think we'll all kind of really bounce back.,"je dois avouer que nous ' ' , , ' nous , , nous .","i must confess that we were , to to ."
"Yeah, so Izzy's feeling a little bit better.","mme raquin , ' , , , , , , ' elle , ' ' ' ' .","madame raquin , she , , she , to see her ."
"She said to me, even if she pulls through,","elle se disait qu ' elle se disait , elle elle elle , ' elle se ' , et ' elle , ' .","she she to herself , she she , she she , she she to herself , she she to her ."
"if it comes to us losing a challenge in Tribal,","si nous ' ' , , ' il , ' ' , , ' il se ' de","if he would , to be , he would have to to ."
then she'll talk to us about voting her out so she can go home.,"elle ne ' pas pas elle ne ' ' pas pas elle me ' , et je me ' et je .","she did not wish to see , , and i , without knowing . ."
"What will happen in the challenge, who knows?","que quoi bon ? , , , , , , , , , de la ' .","what , what , , , , , , , , , , , , and"
"After day one, anything can happen.","après un jour , et , , ' ' , , , ' ' .","after a , , and laurent , and a ."
"Forget about last night, forget about yesterday.","j ' ai eu tort de ' , , , ' elle se ' , ' ' , , ' .","i have been to , , she , to see , ."
We go in there today and all we want to do is obliterate the opposition.,"nous sommes tous mortels , ' , , , , , nous , , nous , nous .","we must have , , we , we , we , we , we are ."
"Morning, guys.","elle était là , et qu ' elle se ' .","she was she , she she and she ."
"Take a seat over there, guys.","un ' un , , , , , , , et de .","a , , , , and , and a ."
Both teams getting a look at the new tribes.,"ils se trouvaient à ' un de de , , , de la ' , de la ' .","they then remembered the the of of the , , and the ."
Hannah and Dee voted out at last night's Tribal Councils.,"mme raquin et laurent se hâta de se coucher , elle se mit à à la ' .","madame raquin and laurent , and , , and she her , and the ."
"I can do this one, mate.","je ' ai ' , , , , , ' ' , , .","i have , , , , , ."
You've got to be good at tying tight knots.,"il est ' ' est pas ' un de de ' , de ' un .",it is a a a a . .
"And come on in, guys.","et et , , , , , , .","and , , , and ."
I feel like absolute s*** when I see Hannah walk out.,"je ' ai ai ' , , , , , , , , , je me ' .","i have , , i i , , i i , to ."
I don't know what to do.,"je ne sais pas ' ai pas , , ' ' , , , , .","i don ' t know , , i , , i , ."
I don't know what to do.,"je ne sais pas ' ai pas , , ' ' , , , , .","i don ' t know , , i , , i , ."
I don't know what to do.,"je ne sais pas ' ai pas , , ' ' , , , , .","i don ' t know , , i , , i , ."
I don't know what to do.,"je ne sais pas ' ai pas , , ' ' , , , , .","i don ' t know , , i , , i , ."
I feel like absolute s*** when I see Hannah walk out.,"je ' ai ai ' , , , , , , , , , je me ' .","i have , , i i , , i i , to ."
"I look her straight in the eye, but obviously people are very embarrassed.","je ' ai lu , ' ' , , ' un , , ' un , , ' un , , ' un , , ' un .","i have a a , , and a a , , a a a . ."
Here's a lovely girl you blindsided last night.,"un jour de , , , , , , , , ' un .","one day , , , , , a a ."
They look really angry.,"ils se disaient , ' un , , , .","they were a , , and , and a ."
And they should.,et ils se ' .,and they .
"I mean, I'd be just as angry if I was voted off","je suis , , j ' ai eu un ' un , ' un , , je ' ' ai ' un , ' un .","i am a , , and i , a a a a ."
and had to walk in and see my tribe again.,"et il me ' ' , et je ne ' ai pas , je me ' .","and i , i i i , i i ."
Welcome to Redemption Island.,"pour voir la ' , de la ' ,",to the the the the
"Oh, God.","oh ! mon dieu , c ' est que ' elle est à .","oh ! she is , , she would have to her ."
Some of you might have caught on yesterday,"un jour , ' ' , , ' un de ' , .","one day , a a . ."
when I said Hannah and Dee's time in the tribe was up.,"quand ' étais à , , , , , , , , , , , , , , , .","when , , , , , , , , , , , , , , , , , ."
But I didn't say they were out of this game.,"mais je ne ' pas pas , , ' ' , , , ' ils , ' ' , , et ils , ' .","but i not not , and they , and they , and not to . ."
Redemption Island offers an opportunity,"un ' de , , ' ' ' ' de la .",. .
to duel your way back into this competition.,"pour aller faire des choses de la , , de la .","to to the the of the the , , the ."
Tribe members voted out come here to Redemption Island,"thérèse , qui nous ' , , , , , , , ,","therese , who had , , , , , , and"
to live with whoever's waiting for them,"pour faire des raisons de la , , de la , .","to go to the the , , the the , , and the ."
"No one saw it coming at all, which definitely doesn't say much","on ne pouvait pas pas , , , , , , , , , , , ne pas pas pas la moindre de de la .","no one could not , , , and , , , , , , , , , , , and not to to the ."
for the brain capacity of the people around this tribe.,"pour la ' de la , , de la , , de la , de la .","to the the , the the , the the , the the ."
"Lose the duel, and you are gone for good.","si vous ' est , et je ' ai , , tu es ' as et je te ' .","if you were , , she said , i you you ."
"Win, and you live to fight another duel.","tu , et , , , tu es ' as pour toi .","you , , , , you are , and you ."
"Survive an isolated life on the island,","l ' idée de ' un , de , , et de ' , , , et de ' ' .","the idea of a , , and , and , and and ."
"survive your duels,","votre tante , ' , , ' un .","your friend , , ."
and eventually one of you will get an opportunity,"et un peu de , , ' un , , ' un de , , .","and a a , , a , , a a ."
to re-enter this game.,"pour que l ' on de la ' , de la .",to the the the . .
"and another shot at the $100,000.","et , après avoir lu , la , , , , , , , , , , , , , .","and , , , , , , , , , , , , , , , , , and the ."
"Redemption Island, for me, it's incredible.","un jour , je ' ai ' ai ' un , , ' un , ' un .","one day , i was a a a . ."
"It gives you another shot, you know,","tu es ' as , , tu es , , tu es un .","you are , , you are , you are , you are you ."
the chance to be able to actually earn your right back into the game.,"le meurtrier de de la ' , de la , de la , , de la , de la .","the the of the the , the the , the the the the the ."
"So, Shayna, how are you feeling after voting Hannah out last night?","maintenant , tu es ' , , , , , , , , ' un de ' , , ' un de ' un de la .","now , , , , , , , , a a , , a a a a ."
I think we'd be a lot better off if we got her back.,"nous sommes bien , nous , nous , , nous , nous , nous , , nous .","we , we must be , , we , we , we , we , we , we , we , we ."
"Whether she's keen to come back or not,","elle ' est pas , elle ne ' pas pas la vie de",she would not have to to to her .
"If we have the opportunity, we'll take it. Happy.","si nous sommes , nous , nous , , nous , , nous , nous .","if we were we , we , we , we , we , we , we ."
Words don't always mean everything.,"on ne ' pas pas pas , , ' ' , , , .","no one could not , , and ."
"Hannah, who do you think was behind your axing at Tribal Council?","est-ce que ' est que tu as ? … la pauvre diable , tu as ' as à la de .","you you that you are , , , you are the to to the ."
No comment.,"jamais , ' on ne ' ' a la ' .",never would never have .
"Dee, what's it like walking into this arena","ce soir , , ' est une chose de ' , , ' un de ' un .","this is a , , a a a a . ."
and facing everyone who voted you out last night?,"et , ' de la , , , , , , , , , , , ,","and , , , , , , , , , , , and the ."
I think it's probably just as scary for them to face us,"je ' ' ai qu ' elle est à , , ' ' , , ' un de de , ,","i have to a , , , , , , , ,"
as it is for us to face them.,et il faut que nous ne pouvons pas la de de la .,and we must have to to to the the .
"Well, your duel is about to start,","je ' est votre ' , tu as ' as , , , , ' , , ' .","you , , , , , , you are . ."
and something tells me this challenge is going to be a cracker.,"et c ' est que ' ' ' ' , , ' un de ' , , ' ' , , ' ' .","i was a , , , ."
"For today's duel, you're going to use ropes and sticks to make a long pole.","maintenant , tu as , , , , , , , , , , , , , , , , .","now , , , , , , , , , , , , , , , , , ."
You're going to use that pole to retrieve three keys.,"tu es ' as ' as , , , , , , ' un de ' ' .","you are , , , , , ."
Those three keys open three locks.,"trois heures , , , , , ' il ne ' ' ' pas .","three times , , , , i was not ."
The first person through the door stays alive in this game.,"la première fois que les meurtriers se débattaient , les ' , , , , , , , les yeux de la .","the two murderers of the the , , the , , and the , , and the the the ."
Survivors ready?,des années ?,part ?
Go!,"et , ,","and , ,"
This challenge is on.,ce qui est ' .,that is s .
"Dee with some interesting strategy,","sa femme , et ' , , ' ' , , , et de ' .","his wife , and , and and and and ."
while Hannah is just going for gold tying knots.,"pendant que jours , ils , ' ' , , ' un de ' un de ' , , ' un de de .","for a , , , , , a a , and a ."
A lot of strategy involved in this challenge.,"un mois de , , ' il y avait une sorte de ' .","a moment , a , , and a ."
Hannah thinks her pole is long enough to get that first key.,"mme raquin est ' , , ' ' , , , ' ' , , ' ' .","madame raquin , i was a , , she replied ."
"Yep, yep, yep. Perfect, perfect.","mme raquin , ' , , et , , , ' elle , ' ' , et de ' .","madame raquin , and , and , , and , and and ."
"Nice, Hannah. Good lead, good lead.","je , , , , , , , , , , , , , , .","i , , , , , , , , , , , , , ."
Hannah secures her first key before Dee even has a knot tied.,"thérèse était ' de la , , , , , , , , , , , , .","the , , , , , , , , , , , , , and the ."
Dee making one long pole.,"une sorte de ' , ,",a moment of
"If this strategy works, she could get three keys in quick succession.","si ' il était ' , , ' , , , ' un de ces , , ' un , de ' , , ' un de de ' .","if , , , , , , , , , a a , a a ."
But she has to keep moving.,"elle est ' , elle ne ' ' pas pas de .",she would not have to to .
Good.,' est que ' il n ' y a plus .,it is not to to .
Hannah thinks she can get her second key.,elle ' est de ' elle ne ' ' pas pas la moindre de .,she would not have to to to . .
"Yep, yep, yep.","mme raquin , et elle se ' , et elle se ' et de ' .","madame raquin and she and , and and and her ."
Dee falling behind.,les yeux de l ' autre .,the murderers of the .
"Hannah's pole is long enough, but isn't strong enough.","on peut bien que , , , , , , ' , , , ' ' .","it is be , , , , , , , , ."
"Hannah with her second key, working on her third key.","mme raquin , de la , , , , , , , , , , , , de la .","madame raquin , who the the , the , , , the , , and the the the ."
"Finally, Dee making an attempt at her first key.","puis , quand elle eut peur de se coucher , elle se ' , ' ' elle se ' à la ' .","then , when she had , she she , she she to her ."
"2-1, and just like that, Dee is back in the game.","un jour , et , , , , , , , ' un de de , , .","one day , , and a , , and a , and a ."
Hannah working on her second lock.,"camille , qui lui ' un de ses , , ' un .","camille , who was a , and , and a ."
"These locks are tricky, but Hannah is making it look easy.","cette est est , , , , , , , , , , , ' un , , et de ' .","this is , , , , , , and , , and the , , and a a ."
"Go, reach those little arms.","je ne , pas , ' un coup de ' , ,",i could not a a word .
All that work and Dee's pole is only long enough to retrieve her first key.,"ce ' est tout ce qu ' il y avait , , ' un , , , , , , , ' ' , .","this is , that it was be , , , , , , , and a ."
Dee has to go back and add more bamboo.,"a chaque jour , et ' , , , et de ' , .","and , , and , and and and laurent ."
"Come on, Hannah, that's it.","mais , , , , , , , , , , , .","but , , , , , , , , , , , ."
Dee going back to try and get her second key.,"son fils , et , ' elle , ' ' elle , ' ' .","she she , she she , and she her ."
Hannah furiously working on her pole.,"la tête de ses doigts , les yeux , les yeux .","the eyes of her eyes , and her eyes fixed on her eyes ."
"She's got it. Dee on her second key, and we're all tied up.","elle est la , et nous , , , , et nous , , et nous , .","she was the , and and and , and and , and and and and ."
Hannah going for her third key.,"mme raquin , à la ' , , ' un de de .","madame raquin , who the the , and the ."
"If Hannah can get this key, she can start working on her final lock.","si ' est ' ' as pas , , , , , , , , , ' elle se ' de ' ' .","if , if she would not , , she would have to to ."
"Remember, this is do or die.","mais , c ' est que ' ' , , , ' un de ' .","but , it was a , , that he ."
Hannah's got her third key.,"le soir , la , , , , de la .","on the evening , the the , the the , the the ."
The knot tying has been good.,"les ' est bien , , ' ' , , .","the truth , he , , and , , and the ."
Dee's got to work hard. She's got to dig it in.,"les invités de ' , , , , , , , , , , , , , ' elle se ' à la ' .","the other , laurent , , , , , , , , , she had to the ."
"Hannah just has to get that third lock undone, but her hands are shaking.","ce qui est ' , , , , , , , , , , , , , , , , .","that is , , , , , , , , , , , , , , ."
Hannah is through the door and lives to fight another day in this competition.,"thérèse et de , , , , , , ' un , ' un , ' ' , ,","and , , , , , , and a a a a ."
"Hannah, Dee, that was a great duel.","mme raquin , ' ' , , , , , , , , , de la .","madame raquin , who was , , , , , , and the ."
Very different approaches.,l ' eau de la .,the water .
"Hannah, congratulations. How are you feeling right now?","est-ce que tu as ' as , , , tu as ' as ? …",you you you you ? ?
"I feel pretty good, but it was awesome, too, to hear the team supporting you.","je suis bien , , mais je ne sais pas , , ' il y a , ' un , , , , ' ' , , ' ' .","i am , , i have no longer , , , , , , , , i am not to ."
"A couple of times I was like, but I could hear them yelling my name,","un jour , je ' ' ai pas , , je ' ' ai , , je ' ' ai ' , , je ' ' ai ' , , je ' ' ai entendue , et je .","one day i i i , i , i i , i , i i , i , i i , and i ."
"so I was like, just calm, think about what I'm doing.","je ' ai ' ai , , , , , , , , , , , je ' ' ai ' , , je ' ' ai ' un .","i have , , i i , i , i , i i , to have a . ."
"Dee, unfortunately, you're shot at redemption, and the $100,000 is over.","un peu , , , , , , , , , , , , , , , , , , .","a little , , , , , , , , , , , , , , , , , , , ."
What's going through your mind?,"que ' est votre vie , ' , , ' un de de ' un de tes enfants .","what is your , , , , , , a a of . ."
One thing everyone didn't know is that Survivor's my life.,"il n ' est pas pas , ' ' , , ' , , ' , , ' ' , je ne ' pas pas .","it ' s not , , he , i don ' t want to ."
I've watched every episode of every season at least three times.,"je suis ai de trois francs , et ' , , ' ils , ' ' , , ' .","i have a three , , and , , and the ."
I listen to podcasts for about 40 hours a week.,"je me suis à de ' , , ' on m ' a de la .",i was to to to to the . .
I've listened to about 600 hours of audio books.,"j ' ai eu la ' de ' ' un de ' , , ' un de ' un de ' .",i had a a a a a a . .
I follow every blogger. I'm a Survivor super fan.,"je suis ai , , ' un , , , , , , , je m ' as dans la chambre .","i was a , , i i , , , , , , , and the ."
My life has been a Survivor fan. It's just not been a Survivor.,"mon mari n ' est pas ' un de ' , , ' un de ' , , ' un .","a a is not a , , a a . ."
"Dee, you are the first person eliminated from Survivor New Zealand.","tu es un , , , , , ' un de ' , , ' un de ' .","you know a a , , a a , , a a . ."
"Toss your buff in the fire, say your goodbyes, your time in this game is over.","votre tante est votre , , votre , , et , , , ' , , ' , , ' ' , ,","your your , , , , , , , , , , and , , and you you are ."
"Hannah, one duel down, many more to go if you want to stay alive in this game.","si , un jour de ' , , , , , , , , ' , , ' un de de , , .","if one day , a , , , , , , , a a , and a ."
How do you feel about heading back to Redemption Island alone tonight?,"comment veux-tu faire des choses de la , , de la , , de la ?","how could you be the the the , , the the , of the , ?"
I'll figure it out. There's some good stuff there.,"j ' ai ai une , , ' il y a des rentes , et je ' ' .","i have a , , and i i am a ."
"I've got myself. I can talk to myself. Yeah, man.","je suis ai , je , je , je , je ' ai , , , je ' ai ' ai ' un , tu es un .","i am a , i i , i i , i , i , i , i , and i ."
Has anyone got any sympathy for Hannah?,"elle est ' de vivre dans la vie de la , ,","she is the the of the the , , and the , , and the , , and the , , and the , , and the , , and the ."
Sympathy? I don't think she needs sympathy.,"dieu ! je ne ' pas pas , , ' elle ne ' pas pas livrer… .","don ' t she , , she she not to to ."
Is that common in your tribe?,c ' est que ' ' de la ' de tes enfants ?,the is your your ?
I can only speak for myself. I'm not sure where everyone else is at.,"je ne sais pas , je ' ai , , , ' ai , , je ' ' ai ' , , je ne ' ai pas .","i don ' t know , i , i i , i i , i i ."
"But definite feeling of regret, yep.","mais , de de ses , , , ' il , ' ' , , , ' ' , , et de ' .","but , , , , , , and , , and he ."
"Salah, do you regret voting Hannah out?","vous , , , , ' , , ' un de de , , de la ' .","you , , , , , , a a . ."
You don't want to vote a family member out. It sucks.,"je ne ' pas pas , de la ' de la , de la , de la .",i don ' t know the the the the the the the the . .
"But, you know, big ups to Hannah.","mais , vous , , , , , , , , , de la .","but , , , , , , , , , , the the ."
She's always been a strong chick and she's proven to all of us.,"elle avait fait de ' , et , , , ' elle , ' ' , , et qu ' elle ne ' pas .","she had she had she had she , and she , and she her ."
"You've been dangerous, man. You've been dangerous, girl. You got this, man.","tu as raison , tu es un , , , , , , , , , , , tu es ' as , , tu es un .","you you , you are , , , , you are , , , you are a , , you you are a a , ."
"Hannah, you need to head back and await your next opponent and your next duel.","si , , , , , , , , , , , , ' à la ' .","if , , , , , , , , , , , ."
"Everyone else, grab your stuff and head back to your camps.","a la , , et , , , de la , , et de , , de la , .","and , , and , and and , , and , and and and the ."
Look forward to seeing you at the next challenge.,"mais , si j ' ai fait de ' , , ' ' , .","but if i had not , to die ."
Next time on Survivor New Zealand.,"en somme , lorsqu ' elle avait ' de la ' .",as soon as the had .
I just want trust. That's the main thing that I'm after in this game.,"je ' que que je suis ai , , , , , je ' ' ai ' , , , ' , je m ' as tué .","i i i , i , i , i , i , i , i , ."
New deals are on the table at Mogaton.,"on dit que la boutique de la , , de la , , de la .","the murderer of the the , , the the , and the the the the ."
"So, will you vote Tom out if it comes to it?","tu es , , tu as ' as , , , , , ' un de .","you , , , you are , , , ."
And new targets are in sight at Omosa.,"et tous les jours , ' ils , ' ' , de la .","and they , the the , and they ."
"Hypothetically, if we lost immunity tomorrow, me and Mike were thinking Nate.","on , nous , , , , , , , , , , et de ' , .","they , , , , , and , , , , and , and ."
"For the first time, immunity is on the table.","pendant que ' on nous , , , , , , , , , , , , , la porte de la .","during the daytime , we , , , , , , , , , , and , and the ."
"For the first time, immunity is up for grabs.","depuis le jours , la ' , ' ' , , ' un de ' , .","for the day , the , , and the ."
"I felt that, Michael.","je suis bien , , ' ' , , ' ' .","i am , , , , , ."
And tribes put everything on the line.,"et , pour se rendre à la , de la ' , de la .","and , to the the of the the , , and the ."
I came in claiming that I had the most knowledge about the game.,"je ' ai que j ' ai eu la ' de ' , , ' ' , , ' ' ' , , ' ' .","i have i had to , , i , to the . ."
At no point during my time here was that disproven.,"sans doute , ' ' ' avais pas eu la pensée de ' ' , , , ' ' , , je ne ' pas pas la moindre de .","no doubt , i not , , , , , , , , i , not to to . ."
There is nothing in the last few days of my experience of Survivor that I'd do differently.,"il n ' y a plus que ' un , ' un , , ' , je me ' ' ai ' , , je ' ' ai ' .","i was a a , , and i i , i i ."
I think that looking back and overthinking it and regretting it is just going to drive you bonkers.,"je me souviens , et , , , , , ' un , , , ' un de ' , , ' un .","i felt a a , and a , , a , , and a ."
